name,height_cm,weight_kg,bra,bust_in,waist_in,hips_in,bust_level,bust_tag,hip_level,hip_tag,modifier,TAG
Aaliyah Hadid,168,56,34D,38.0,24,36,5,Full,5,Curvy,,Full · Curvy
Aaliyah Jolie,173,55,34A,35.0,26,34,1,Flat,2,Slim hips,,Slim hips · Flat
Aaliyah Love,157,48,33A,34.0,25,34,2,Small,3,Lean hips,,Lean hips · Small
Aaralyn Barra,162,50,34C,37.0,25,36,4,Average,5,Curvy,,Curvy · Average
Abbey Brooks,170,57,36DD,41.0,27,36,6,Big,5,Curvy,,Big · Curvy
Abbey Rain,165,48,32DD,37.0,25,33,6,Big,2,Slim hips,,Big · Slim hips
Abbi Roads,170,55,34B,36.0,25,36,2,Small,5,Curvy,,Curvy · Small
Abbie Cat,170,54,32D,36.0,24,35,5,Full,4,Average hips,,Full · Average hips
Abby Byens,160,50,30B,32.0,21,31,3,Modest,1,Straight,,Modest · Straight
Abby Cross,158,54,34B,36.0,26,34,3,Modest,3,Lean hips,,Modest · Lean hips
Abby Lee Brazil,173,57,34C,37.0,26,35,4,Average,3,Lean hips,,Average · Lean hips
Abby Marie,165,56,32DD,37.0,25,33,6,Big,2,Slim hips,,Big · Slim hips
Abelinda,167,46,32A,33.0,24,33,1,Flat,2,Slim hips,Petite,Slim hips · Flat · Petite
Abella Anderson,157,49,34D,38.0,26,38,6,Big,7,Thick,,Thick · Big
Abella Danger,162,59,32C,35.0,24,32,4,Average,1,Straight,,Average · Straight
Abi Grace,167,48,32B,34.0,24,34,2,Small,3,Lean hips,Petite,Lean hips · Small · Petite
Abigail Fraser,173,59,36DD,41.0,25,34,6,Big,2,Slim hips,,Big · Slim hips
Abigail Mac,157,48,34D,38.0,24,36,6,Big,5,Curvy,,Big · Curvy
Abigaile Johnson,165,50,34B,36.0,23,35,3,Modest,4,Average hips,,Average hips · Modest
Abrill Gerald,173,54,34A,35.0,24,36,1,Flat,4,Average hips,,Average hips · Flat
Ada Sanchez,150,50,36F,43.0,24,36,7,Huge,6,Very Curvy,,Huge · Very Curvy
Addee Kate,167,55,32B,34.0,24,34,2,Small,3,Lean hips,,Lean hips · Small
Addie Andrews,173,55,32D,36.0,25,36,5,Full,4,Average hips,,Full · Average hips
Addison Avery,175,55,33C,36.0,25,35,4,Average,3,Lean hips,,Average · Lean hips
Addison Cain,168,52,32A,33.0,24,36,1,Flat,5,Curvy,,Curvy · Flat
Addison Lee,167,61,34C,37.0,26,36,4,Average,5,Curvy,,Curvy · Average
Addison ORiley,178,57,34C,37.0,24,36,4,Average,4,Average hips,,Average · Average hips
Addison Rose,162,48,32B,34.0,24,34,3,Modest,3,Lean hips,,Modest · Lean hips
Adel Asanty,157,50,32C,35.0,24,36,4,Average,5,Curvy,,Curvy · Average
Adel Bye,170,48,34A,35.0,26,30,1,Flat,1,Straight,Petite,Flat · Straight · Petite
Adele Adelia,172,48,34C,37.0,27,38,4,Average,6,Very Curvy,Petite,Very Curvy · Average · Petite
Adele Sunshine,165,54,36B,38.0,32,36,3,Modest,5,Curvy,,Curvy · Modest
Adella Skyy,167,67,34DD,39.0,26,38,6,Big,7,Thick,,Thick · Big
Adessa Winters,160,48,32DD,37.0,28,33,6,Big,2,Slim hips,,Big · Slim hips
Adira Allure,170,57,34B,36.0,28,35,2,Small,4,Average hips,,Average hips · Small
Adria Rae,166,52,32B,34.0,25,33,2,Small,2,Slim hips,,Small · Slim hips
Adriana Chechik,157,52,32A,33.0,24,36,2,Small,5,Curvy,,Curvy · Small
Adriana Deville,165,55,34C,37.0,25,34,4,Average,3,Lean hips,,Average · Lean hips
Adriana Kelly,160,48,32D,36.0,24,34,6,Big,3,Lean hips,,Big · Lean hips
Adriana Luna,160,52,34D,38.0,28,30,6,Big,1,Straight,,Big · Straight
Adriana Russo,160,54,34D,38.0,23,34,6,Big,3,Lean hips,,Big · Lean hips
Adriana Sage,173,57,34B,36.0,25,35,2,Small,3,Lean hips,,Lean hips · Small
Adriana Sephora,170,61,32DD,37.0,28,38,6,Big,7,Thick,,Thick · Big
Adrianna Nicole,170,64,34D,38.0,27,37,5,Full,6,Very Curvy,,Very Curvy · Full
Aeryn Walker,168,60,34DDD,40.0,29,36,7,Huge,5,Curvy,,Huge · Curvy
Afina Kisser,176,57,35B,37.0,25,37,2,Small,6,Very Curvy,,Very Curvy · Small
Afra Red,171,52,36C,39.0,23,37,4,Average,6,Very Curvy,,Very Curvy · Average
Africa,170,97,40L,52.0,34,43,8,Massive,8,Voluptuous,BBW,Massive · Voluptuous · BBW
Aften Opal,152,48,32B,34.0,24,34,3,Modest,4,Average hips,,Average hips · Modest
Agatha Moreno,165,53,36C,39.0,32,38,4,Average,7,Thick,,Thick · Average
Ahryan Astyn,165,56,36DD,41.0,25,38,6,Big,7,Thick,,Thick · Big
Ai Himeno,156,42,30B,32.0,23,33,3,Modest,2,Slim hips,Petite,Modest · Slim hips · Petite
Ai Uehara,155,45,33C,36.0,22,32,4,Average,2,Slim hips,,Average · Slim hips
Aicha Lark,165,52,34A,35.0,25,36,1,Flat,5,Curvy,,Curvy · Flat
Aida Sweet,165,47,36C,39.0,24,36,4,Average,5,Curvy,Petite,Curvy · Average · Petite
Aida Swinger,161,62,38C,41.0,27,38,4,Average,7,Thick,,Thick · Average
Aiden Ashley,168,50,32C,35.0,25,33,4,Average,2,Slim hips,,Average · Slim hips
Aiden Aspen,160,45,32B,34.0,23,34,3,Modest,3,Lean hips,,Modest · Lean hips
Aiden Starr,150,57,34D,38.0,25,32,6,Big,2,Slim hips,,Big · Slim hips
Aidra Fox,170,57,34C,37.0,25,35,4,Average,4,Average hips,,Average · Average hips
Aimee Addison,173,50,34C,37.0,24,34,4,Average,2,Slim hips,Petite,Average · Slim hips · Petite
Aimee Ryan,176,52,30A,31.0,24,30,1,Flat,1,Straight,Petite,Flat · Straight · Petite
Airi Ai,172,59,43G,52.0,24,35,7,Huge,3,Lean hips,,Huge · Lean hips
Airu Oshima,155,50,40G,49.0,23,35,8,Massive,5,Curvy,,Massive · Curvy
AJ Applegate,157,54,34B,36.0,28,38,3,Modest,7,Thick,,Thick · Modest
AJ Estrada,170,55,34B,36.0,23,34,2,Small,3,Lean hips,,Lean hips · Small
Ajaa Xxx,160,50,32B,34.0,24,32,3,Modest,2,Slim hips,,Modest · Slim hips
Alaina Dawson,161,48,34A,35.0,24,34,1,Flat,3,Lean hips,,Lean hips · Flat
Alaina Fox,171,55,35C,38.0,27,34,4,Average,2,Slim hips,,Average · Slim hips
Alaina Kristar,161,46,32A,33.0,25,34,1,Flat,3,Lean hips,,Lean hips · Flat
Alana Evans,168,49,36DD,41.0,34,38,6,Big,7,Thick,Petite,Thick · Big · Petite
Alana Freitas,160,52,34D,38.0,24,38,6,Big,7,Thick,,Thick · Big
Alana Lace,168,55,38F,45.0,34,42,7,Huge,8,Voluptuous,,Voluptuous · Huge
Alana Leigh,165,58,36B,38.0,27,34,3,Modest,3,Lean hips,,Modest · Lean hips
Alana Rains,176,59,34B,36.0,26,36,2,Small,4,Average hips,,Average hips · Small
Alana Summers,152,43,34B,36.0,24,34,3,Modest,4,Average hips,,Average hips · Modest
Alanah Rae,170,59,34DD,39.0,27,38,6,Big,7,Thick,,Thick · Big
Alani Pi,167,52,32B,34.0,26,36,2,Small,5,Curvy,,Curvy · Small
Alaura Eden,168,55,34C,37.0,26,36,4,Average,5,Curvy,,Curvy · Average
Alba De Silva,170,58,34D,38.0,24,33,5,Full,2,Slim hips,,Full · Slim hips
Alby Daor,161,48,34B,36.0,26,36,3,Modest,5,Curvy,,Curvy · Modest
Alby Ryder,170,55,34D,38.0,27,37,5,Full,6,Very Curvy,,Very Curvy · Full
Aleksa Diamond,162,50,34C,37.0,25,36,4,Average,5,Curvy,,Curvy · Average
Alektra Blue,167,52,34C,37.0,24,35,4,Average,4,Average hips,,Average · Average hips
Alessa Savage,173,57,36D,40.0,28,40,5,Full,7,Thick,,Thick · Full
Alessandra Jane,160,47,32D,36.0,23,34,6,Big,3,Lean hips,,Big · Lean hips
Alessandra Maia,167,62,35C,38.0,24,39,4,Average,7,Thick,,Thick · Average
Alessandra Miller,163,57,36DDD,42.0,26,36,7,Huge,5,Curvy,,Huge · Curvy
Alessandra Noir,157,50,34C,37.0,25,31,4,Average,1,Straight,,Average · Straight
Alessia Luna,160,50,34D,38.0,24,36,6,Big,5,Curvy,,Big · Curvy
Aletta Black,156,41,35C,38.0,24,36,4,Average,5,Curvy,Petite,Curvy · Average · Petite
Aletta Ocean,172,58,38DDD,44.0,26,37,7,Huge,6,Very Curvy,,Huge · Very Curvy
Alex Black,163,57,34DDD,40.0,27,38,7,Huge,7,Thick,,Huge · Thick
Alex Blake,170,59,36C,39.0,24,36,4,Average,5,Curvy,,Curvy · Average
Alex Chance,173,67,36DD,41.0,30,38,6,Big,6,Very Curvy,,Big · Very Curvy
Alex Coal,165,66,34B,36.0,24,38,3,Modest,7,Thick,,Thick · Modest
Alex Devine,155,54,36C,39.0,29,37,4,Average,7,Thick,,Thick · Average
Alex Giovanni,165,50,34E,40.0,26,34,7,Huge,3,Lean hips,,Huge · Lean hips
Alex Grey,157,45,34B,36.0,22,32,3,Modest,2,Slim hips,,Modest · Slim hips
Alex Little,142,43,32B,34.0,22,33,3,Modest,3,Lean hips,,Modest · Lean hips
Alex Mae,160,48,33A,34.0,22,33,1,Flat,2,Slim hips,,Slim hips · Flat
Alexa Aimes,158,46,30F,37.0,23,33,7,Huge,2,Slim hips,,Huge · Slim hips
Alexa B.,163,50,34C,37.0,22,32,4,Average,1,Straight,,Average · Straight
Alexa Bold,170,59,34D,38.0,25,36,5,Full,5,Curvy,,Full · Curvy
Alexa Cruz,165,55,34D,38.0,25,34,5,Full,3,Lean hips,,Full · Lean hips
Alexa Grace,177,58,32A,33.0,22,32,1,Flat,1,Straight,,Flat · Straight
Alexa Jaymes,168,57,34B,36.0,26,34,2,Small,3,Lean hips,,Lean hips · Small
Alexa Jordan,165,59,34B,36.0,28,36,3,Modest,5,Curvy,,Curvy · Modest
Alexa Lynn,160,45,34A,35.0,24,34,1,Flat,3,Lean hips,,Lean hips · Flat
Alexa May,165,48,34A,35.0,26,35,1,Flat,4,Average hips,,Average hips · Flat
Alexa Nicole,154,48,32D,36.0,24,33,6,Big,2,Slim hips,,Big · Slim hips
Alexa Nova,161,49,32B,34.0,24,36,3,Modest,5,Curvy,,Curvy · Modest
Alexa Pearl,155,47,32DDD,38.0,24,36,7,Huge,6,Very Curvy,,Huge · Very Curvy
Alexa Pierce,155,52,32DD,37.0,24,30,6,Big,1,Straight,,Big · Straight
Alexa Rae,170,52,34D,38.0,22,34,5,Full,3,Lean hips,,Full · Lean hips
Alexa Raye,161,45,34C,37.0,27,36,4,Average,5,Curvy,Petite,Curvy · Average · Petite
Alexa Rydell,162,48,32B,34.0,23,34,3,Modest,3,Lean hips,,Modest · Lean hips
Alexa Tomas,170,54,32B,34.0,24,35,2,Small,4,Average hips,,Average hips · Small
Alexa Weix,157,48,34C,37.0,24,34,4,Average,3,Lean hips,,Average · Lean hips
Alexandra Belle,168,50,32A,33.0,24,32,1,Flat,1,Straight,,Flat · Straight
Alexandra Silk,160,47,34C,37.0,24,32,4,Average,2,Slim hips,,Average · Slim hips
Alexandra Sivroskya,167,59,34DDD,40.0,24,36,7,Huge,5,Curvy,,Huge · Curvy
Alexia Gold,152,50,34C,37.0,25,36,5,Full,6,Very Curvy,,Very Curvy · Full
Alexia Rae,168,57,34DDD,40.0,28,36,7,Huge,5,Curvy,,Huge · Curvy
Alexia Sky,156,45,33A,34.0,24,34,2,Small,3,Lean hips,,Lean hips · Small
Alexia Vosse,157,50,32DD,37.0,24,38,6,Big,7,Thick,,Thick · Big
Alexis Adams,165,51,34C,37.0,27,35,4,Average,4,Average hips,,Average · Average hips
Alexis Amore,155,52,34DD,39.0,25,34,6,Big,4,Average hips,,Big · Average hips
Alexis Blaze,155,50,36C,39.0,24,34,4,Average,4,Average hips,,Average · Average hips
Alexis Capri,167,50,36B,38.0,24,34,2,Small,3,Lean hips,,Lean hips · Small
Alexis Crystal,168,52,34A,35.0,25,35,1,Flat,4,Average hips,,Average hips · Flat
Alexis Fawx,162,45,32DDD,38.0,24,33,7,Huge,2,Slim hips,Petite,Huge · Slim hips · Petite
Alexis Ford,163,55,33D,37.0,25,33,5,Full,2,Slim hips,,Full · Slim hips
Alexis Golden,170,61,36DDD,42.0,25,35,7,Huge,4,Average hips,,Huge · Average hips
Alexis Grace,173,62,36DD,41.0,26,37,6,Big,6,Very Curvy,,Big · Very Curvy
Alexis Love,160,48,32B,34.0,25,32,3,Modest,2,Slim hips,,Modest · Slim hips
Alexis Malone,170,57,34DD,39.0,25,36,6,Big,5,Curvy,,Big · Curvy
Alexis May,157,50,34DD,39.0,24,33,6,Big,2,Slim hips,,Big · Slim hips
Alexis Monroe,163,55,32D,36.0,27,32,5,Full,1,Straight,,Full · Straight
Alexis Ramirez,162,55,34DD,39.0,27,36,6,Big,5,Curvy,,Big · Curvy
Alexis Silver,160,59,32GG,42.0,26,32,8,Massive,2,Slim hips,,Massive · Slim hips
Alexis Texas,173,64,34C,37.0,27,40,4,Average,7,Thick,,Thick · Average
Alexis Venton,163,50,34B,36.0,24,35,3,Modest,4,Average hips,,Average hips · Modest
Alexis Zara,168,52,34D,38.0,27,37,5,Full,6,Very Curvy,,Very Curvy · Full
Alexsis Faye,175,80,34J,47.0,30,40,8,Massive,7,Thick,,Massive · Thick
Alexxa Vice,167,54,32FF,40.0,26,34,7,Huge,3,Lean hips,,Huge · Lean hips
Alia Janine,180,66,34FF,42.0,24,36,7,Huge,4,Average hips,,Huge · Average hips
Alia Starr,165,57,34F,41.0,26,36,7,Huge,5,Curvy,,Huge · Curvy
Aliana Love,165,59,34C,37.0,29,36,4,Average,5,Curvy,,Curvy · Average
Alice Bell,168,59,36C,39.0,28,41,4,Average,7,Thick,,Thick · Average
Alice Campbell,172,59,34B,36.0,25,35,2,Small,3,Lean hips,,Lean hips · Small
Alice Chambers,178,61,32DD,37.0,29,37,6,Big,6,Very Curvy,,Big · Very Curvy
Alice Coxxx,162,50,34B,36.0,24,34,3,Modest,3,Lean hips,,Modest · Lean hips
Alice Frost,171,59,34DDD,40.0,28,38,7,Huge,6,Very Curvy,,Huge · Very Curvy
Alice Green,160,48,33B,35.0,25,33,3,Modest,2,Slim hips,,Modest · Slim hips
Alice Lighthouse,160,52,32D,36.0,24,36,6,Big,5,Curvy,,Big · Curvy
Alice March,154,43,32A,33.0,26,34,2,Small,4,Average hips,,Average hips · Small
Alice Miller,167,50,34D,38.0,24,36,5,Full,5,Curvy,,Full · Curvy
Alice Nice,167,58,34C,37.0,29,36,4,Average,5,Curvy,,Curvy · Average
Alice Nysm,178,75,38C,41.0,30,38,4,Average,6,Very Curvy,,Very Curvy · Average
Alice Romain,168,54,32DD,37.0,24,36,6,Big,5,Curvy,,Big · Curvy
Alice Wayne,160,50,36DD,41.0,24,36,6,Big,5,Curvy,,Big · Curvy
Alice White,168,61,34D,38.0,27,32,5,Full,1,Straight,,Full · Straight
Alice Wonder,162,51,34DD,39.0,24,34,6,Big,3,Lean hips,,Big · Lean hips
Alicia Alighatti,170,55,34C,37.0,26,36,4,Average,5,Curvy,,Curvy · Average
Alicia Angel,165,48,32B,34.0,22,32,3,Modest,1,Straight,,Modest · Straight
Alicia Rhodes,162,52,34E,40.0,26,34,7,Huge,3,Lean hips,,Huge · Lean hips
Alicia Rio,157,50,34C,37.0,25,36,4,Average,5,Curvy,,Curvy · Average
Alicia Secrets,171,52,34DD,39.0,26,34,6,Big,2,Slim hips,,Big · Slim hips
Alicia Silver,165,66,36B,38.0,26,34,3,Modest,3,Lean hips,,Modest · Lean hips
Alin X,157,50,32B,34.0,23,30,3,Modest,1,Straight,,Modest · Straight
Alina Ali,170,66,34D,38.0,24,36,5,Full,5,Curvy,,Full · Curvy
Alina Belle,154,57,32DD,37.0,27,38,6,Big,7,Thick,,Thick · Big
Alina Li,172,50,34B,36.0,21,34,2,Small,2,Slim hips,Petite,Small · Slim hips · Petite
Alina Lopez,167,55,32C,35.0,24,32,4,Average,1,Straight,,Average · Straight
Aline,168,54,34D,38.0,24,34,5,Full,3,Lean hips,,Full · Lean hips
Alisha Adams,170,55,34C,37.0,28,35,4,Average,4,Average hips,,Average · Average hips
Alison Avery,168,59,34DD,39.0,24,35,6,Big,4,Average hips,,Big · Average hips
Alison Faye,167,47,32B,34.0,24,34,2,Small,3,Lean hips,Petite,Lean hips · Small · Petite
Alison Rey,157,52,34B,36.0,26,35,3,Modest,4,Average hips,,Average hips · Modest
Alison Sault,165,60,30DDD,36.0,27,36,7,Huge,5,Curvy,,Huge · Curvy
Alison Star,160,42,36DD,41.0,23,33,6,Big,2,Slim hips,Petite,Big · Slim hips · Petite
Alison Tyler,180,75,36DDD,42.0,30,34,6,Big,2,Slim hips,,Big · Slim hips
Alisya Gapes,162,48,34A,35.0,24,36,1,Flat,5,Curvy,,Curvy · Flat
Alix Lakehurst,160,67,43F,50.0,31,44,7,Huge,8,Voluptuous,,Voluptuous · Huge
Aliya Brynn,166,52,32B,34.0,24,34,2,Small,3,Lean hips,,Lean hips · Small
Alli Rae,168,52,32D,36.0,25,34,5,Full,3,Lean hips,,Full · Lean hips
Allie Addison,157,42,32AA,32.0,22,32,1,Flat,2,Slim hips,Petite,Slim hips · Flat · Petite
Allie Eve Knox,175,55,32B,34.0,26,37,2,Small,6,Very Curvy,,Very Curvy · Small
Allie Foster,156,52,38D,42.0,27,36,6,Big,5,Curvy,,Big · Curvy
Allie Haze,165,57,32A,33.0,26,38,1,Flat,7,Thick,,Thick · Flat
Allie James,175,57,36C,39.0,29,37,4,Average,6,Very Curvy,,Very Curvy · Average
Allie Jordan,154,50,34B,36.0,23,34,3,Modest,4,Average hips,,Average hips · Modest
Allie Nicole,158,50,32B,34.0,24,32,3,Modest,2,Slim hips,,Modest · Slim hips
Allie Ray,157,52,32B,34.0,26,35,3,Modest,4,Average hips,,Average hips · Modest
Allison Banks,157,46,34B,36.0,26,32,3,Modest,2,Slim hips,,Modest · Slim hips
Allison Kilgore,165,52,38DD,43.0,25,37,6,Big,6,Very Curvy,,Big · Very Curvy
Allison Moore,166,52,32DD,37.0,26,34,6,Big,3,Lean hips,,Big · Lean hips
Allison Pierce,167,52,34C,37.0,27,34,4,Average,3,Lean hips,,Average · Lean hips
Allison Wyte,162,48,34B,36.0,23,36,3,Modest,5,Curvy,,Curvy · Modest
Alliyah Sky,162,57,34B,36.0,27,34,3,Modest,3,Lean hips,,Modest · Lean hips
Allora Ashlyn,165,50,34B,36.0,24,34,3,Modest,3,Lean hips,,Modest · Lean hips
Ally Ann,165,57,34B,36.0,28,36,3,Modest,5,Curvy,,Curvy · Modest
Ally Breelsen,167,50,35A,36.0,25,37,1,Flat,6,Very Curvy,,Very Curvy · Flat
Ally Brooks,163,57,34B,36.0,27,30,3,Modest,1,Straight,,Modest · Straight
Ally Cooper,160,50,34D,38.0,24,36,6,Big,5,Curvy,,Big · Curvy
Ally Kay,165,55,34A,35.0,25,38,1,Flat,7,Thick,,Thick · Flat
Ally Style,157,48,36B,38.0,25,34,3,Modest,3,Lean hips,,Modest · Lean hips
Ally Tate,163,52,34A,35.0,24,35,1,Flat,4,Average hips,,Average hips · Flat
Allysa Allure,163,52,34B,36.0,26,35,3,Modest,4,Average hips,,Average hips · Modest
Allysin Chaines,152,43,34C,37.0,23,32,5,Full,2,Slim hips,,Full · Slim hips
Allyssa Hall,157,54,34B,36.0,22,33,3,Modest,2,Slim hips,,Modest · Slim hips
Alura Jenson,173,75,36I,45.0,29,42,8,Massive,8,Voluptuous,,Massive · Voluptuous
Alyce Anderson,160,51,32C,35.0,26,37,4,Average,6,Very Curvy,,Very Curvy · Average
Alycia Starr,161,67,36C,39.0,29,50,4,Average,8,Voluptuous,,Voluptuous · Average
Alysa Moore,149,50,34D,38.0,26,32,6,Big,2,Slim hips,,Big · Slim hips
Alysha Rylee,180,59,34D,38.0,24,35,5,Full,3,Lean hips,,Full · Lean hips
Alyssa Branch,162,55,34A,35.0,25,37,1,Flat,6,Very Curvy,,Very Curvy · Flat
Alyssa Cole,170,55,32C,35.0,25,38,4,Average,7,Thick,,Thick · Average
Alyssa Divine,160,48,30F,37.0,26,32,7,Huge,2,Slim hips,,Huge · Slim hips
Alyssa Lynn,160,50,32F,39.0,25,36,7,Huge,5,Curvy,,Huge · Curvy
Alyssa Reece,163,50,34B,36.0,25,34,3,Modest,3,Lean hips,,Modest · Lean hips
Alyssia Kent,165,47,34B,36.0,23,36,3,Modest,5,Curvy,Petite,Curvy · Modest · Petite
Amabella,168,54,34D,38.0,24,36,5,Full,5,Curvy,,Full · Curvy
Amanda Blow,165,52,34B,36.0,24,34,3,Modest,3,Lean hips,,Modest · Lean hips
Amanda Blue,157,45,34C,37.0,24,34,4,Average,3,Lean hips,,Average · Lean hips
Amanda Bryant,173,49,34C,37.0,24,36,4,Average,4,Average hips,Petite,Average · Average hips · Petite
Amanda Lane,171,59,34C,37.0,24,34,4,Average,2,Slim hips,,Average · Slim hips
Amanda Monroe,165,50,34A,35.0,27,37,1,Flat,6,Very Curvy,,Very Curvy · Flat
Amanda Tate,173,57,32B,34.0,29,34,2,Small,2,Slim hips,,Small · Slim hips
Amanda Vamp,170,50,34A,35.0,24,37,1,Flat,6,Very Curvy,Petite,Very Curvy · Flat · Petite
Amanda X,165,59,38E,44.0,26,41,7,Huge,8,Voluptuous,,Voluptuous · Huge
Amandha Fox,172,57,34D,38.0,24,35,5,Full,3,Lean hips,,Full · Lean hips
Amara Romani,157,50,34B,36.0,24,36,3,Modest,5,Curvy,,Curvy · Modest
Amarna Miller,163,50,33C,36.0,23,35,4,Average,4,Average hips,,Average · Average hips
Amaya May,171,77,38G,47.0,37,44,7,Huge,8,Voluptuous,,Voluptuous · Huge
Amazon Darjeeling,175,109,40F,47.0,33,44,7,Huge,8,Voluptuous,BBW,Voluptuous · Huge · BBW
Amber Alexis,170,64,36D,40.0,26,36,5,Full,5,Curvy,,Full · Curvy
Amber Ashlee,160,50,34D,38.0,26,37,6,Big,6,Very Curvy,,Big · Very Curvy
Amber Chase,165,52,34A,35.0,25,34,1,Flat,3,Lean hips,,Lean hips · Flat
Amber Cox,167,48,32D,36.0,22,33,5,Full,2,Slim hips,Petite,Full · Slim hips · Petite
Amber Daikiri,167,55,36A,37.0,25,36,1,Flat,5,Curvy,,Curvy · Flat
Amber Deen,149,51,34D,38.0,24,35,6,Big,6,Very Curvy,,Big · Very Curvy
Amber Faye,166,55,32B,34.0,24,30,2,Small,1,Straight,,Small · Straight
Amber Gray,162,50,34C,37.0,25,36,4,Average,5,Curvy,,Curvy · Average
Amber Ivy,163,55,34C,37.0,26,36,4,Average,5,Curvy,,Curvy · Average
Amber Jane,167,51,32DD,37.0,28,34,6,Big,3,Lean hips,,Big · Lean hips
Amber Leigh,166,59,34DD,39.0,26,36,6,Big,5,Curvy,,Big · Curvy
Amber Lynn,170,52,36D,40.0,24,35,5,Full,4,Average hips,,Full · Average hips
Amber Lynn Bach,162,55,32DDD,38.0,24,34,7,Huge,3,Lean hips,,Huge · Lean hips
Amber Michaels,163,52,32DDD,38.0,24,35,7,Huge,4,Average hips,,Huge · Average hips
Amber Nevada,169,55,34A,35.0,24,36,1,Flat,5,Curvy,,Curvy · Flat
Amber Peach,157,54,34B,36.0,26,36,3,Modest,5,Curvy,,Curvy · Modest
Amber Rayne,160,50,34A,35.0,22,34,1,Flat,3,Lean hips,,Lean hips · Flat
Amber Sky,157,57,34A,35.0,27,39,2,Small,7,Thick,,Thick · Small
Amber Stars,157,60,36C,39.0,26,36,4,Average,5,Curvy,,Curvy · Average
Amber Wildee,155,43,32A,33.0,22,32,2,Small,2,Slim hips,,Small · Slim hips
Amelia Rose,168,48,34B,36.0,24,36,2,Small,5,Curvy,Petite,Curvy · Small · Petite
Amelie Pure,162,52,32A,33.0,23,34,1,Flat,3,Lean hips,,Lean hips · Flat
America Moore,175,59,36DD,41.0,25,38,6,Big,6,Very Curvy,,Big · Very Curvy
Ami Emerson,168,59,36B,38.0,27,38,2,Small,7,Thick,,Thick · Small
Amia Miley,160,43,30D,34.0,23,32,6,Big,2,Slim hips,Petite,Big · Slim hips · Petite
Amile Waters,165,59,36B,38.0,28,38,3,Modest,7,Thick,,Thick · Modest
Amilia Onyx,170,64,36D,40.0,24,36,5,Full,5,Curvy,,Full · Curvy
Amina Danger,170,55,34D,38.0,26,38,5,Full,7,Thick,,Thick · Full
Amina Kiuchi,155,48,33B,35.0,22,34,3,Modest,4,Average hips,,Average hips · Modest
Amirah Adara,167,46,32A,33.0,23,34,1,Flat,3,Lean hips,Petite,Lean hips · Flat · Petite
Amy Anderssen,167,57,40HH,52.0,26,36,8,Massive,5,Curvy,,Massive · Curvy
Amy Brooke,163,49,34C,37.0,24,36,4,Average,5,Curvy,,Curvy · Average
Amy Faye,152,48,32A,33.0,25,36,2,Small,6,Very Curvy,,Very Curvy · Small
Amy Moore,175,59,32B,34.0,29,36,2,Small,4,Average hips,,Average hips · Small
Amy Parks,162,54,36A,37.0,24,36,1,Flat,5,Curvy,,Curvy · Flat
Amy Pink,163,53,32B,34.0,24,35,3,Modest,4,Average hips,,Average hips · Modest
Amy Reid,170,53,34DD,39.0,23,35,6,Big,4,Average hips,,Big · Average hips
Amy Starz,160,52,34B,36.0,29,32,3,Modest,2,Slim hips,,Modest · Slim hips
Amy Summers,160,50,32C,35.0,24,36,4,Average,5,Curvy,,Curvy · Average
Amyka Lee,152,55,34F,41.0,26,39,7,Huge,8,Voluptuous,,Voluptuous · Huge
Ana Bell Evans,159,65,32DD,37.0,22,34,6,Big,3,Lean hips,,Big · Lean hips
Ana Foxxx,175,59,32B,34.0,26,36,2,Small,4,Average hips,,Average hips · Small
Ana Marco,166,50,34B,36.0,23,35,2,Small,4,Average hips,,Average hips · Small
Ana Monte Real,165,54,34D,38.0,26,35,5,Full,4,Average hips,,Full · Average hips
Ana Ribera,168,52,34D,38.0,24,35,5,Full,4,Average hips,,Full · Average hips
Ana Rose,172,48,34C,37.0,25,36,4,Average,4,Average hips,Petite,Average · Average hips · Petite
Ana Rose,168,57,34A,35.0,24,34,1,Flat,3,Lean hips,,Lean hips · Flat
Anabell Bella,157,47,36B,38.0,25,35,3,Modest,4,Average hips,,Average hips · Modest
Anabelle Pync,163,57,34D,38.0,26,35,5,Full,4,Average hips,,Full · Average hips
Ananta Shakti,177,52,38A,39.0,24,35,1,Flat,3,Lean hips,Petite,Lean hips · Flat · Petite
Anastasia Black,175,61,32C,35.0,24,34,4,Average,2,Slim hips,,Average · Slim hips
Anastasia Brokelyn,163,54,35B,37.0,25,36,3,Modest,5,Curvy,,Curvy · Modest
Anastasia Brokelyn,155,50,34A,35.0,24,37,2,Small,7,Thick,,Thick · Small
Anastasia Christ,173,62,36C,39.0,27,36,4,Average,4,Average hips,,Average · Average hips
Anastasia Devine,170,49,36D,40.0,27,37,5,Full,6,Very Curvy,Petite,Very Curvy · Full · Petite
Anastasia Knight,162,48,34A,35.0,22,32,1,Flat,1,Straight,,Flat · Straight
Anastasia Morna,175,61,34B,36.0,21,34,2,Small,2,Slim hips,,Small · Slim hips
Anastasia Pierce,178,59,36C,39.0,26,36,4,Average,4,Average hips,,Average · Average hips
Anastasia Rose,163,52,34D,38.0,25,36,5,Full,5,Curvy,,Full · Curvy
Anaya Leon,157,49,32B,34.0,24,34,3,Modest,3,Lean hips,,Modest · Lean hips
Ander Ways,167,50,32A,33.0,25,34,1,Flat,3,Lean hips,,Lean hips · Flat
Andi Anderson,160,50,34DD,39.0,24,34,6,Big,3,Lean hips,,Big · Lean hips
Andi James,170,67,38F,45.0,36,42,7,Huge,8,Voluptuous,,Voluptuous · Huge
Andi Rye,175,50,32A,33.0,25,33,1,Flat,1,Straight,Petite,Flat · Straight · Petite
Andie Darling,162,53,34D,38.0,25,35,5,Full,4,Average hips,,Full · Average hips
Andrea Kelly,152,47,34B,36.0,24,34,3,Modest,4,Average hips,,Average hips · Modest
Andrea Mirage,167,48,34B,36.0,24,34,2,Small,3,Lean hips,Petite,Lean hips · Small · Petite
Andrea Sultisz,165,57,34C,37.0,21,35,4,Average,4,Average hips,,Average · Average hips
Andreina De Luxe,168,58,32B,34.0,23,39,2,Small,7,Thick,,Thick · Small
Andy Adams,152,70,36GG,46.0,31,41,8,Massive,8,Voluptuous,BBW,Massive · Voluptuous · BBW
Andy San Dimas,167,56,34C,37.0,25,34,4,Average,3,Lean hips,,Average · Lean hips
Anetta Keys,165,47,35B,37.0,24,34,3,Modest,3,Lean hips,Petite,Modest · Lean hips · Petite
Anette Dawn,168,52,34D,38.0,24,35,5,Full,4,Average hips,,Full · Average hips
Angel Allwood,163,59,36DD,41.0,28,38,6,Big,7,Thick,,Thick · Big
Angel Blade,175,55,34B,36.0,28,39,2,Small,7,Thick,,Thick · Small
Angel Cakes,157,50,34A,35.0,28,32,2,Small,2,Slim hips,,Small · Slim hips
Angel Cummings,160,48,36C,39.0,26,36,4,Average,5,Curvy,,Curvy · Average
Angel Dark,174,54,32C,35.0,24,37,4,Average,6,Very Curvy,,Very Curvy · Average
Angel Del Rey,163,45,34B,36.0,23,29,3,Modest,1,Straight,Petite,Modest · Straight · Petite
Angel DeLuca,167,82,32GG,42.0,31,42,8,Massive,8,Voluptuous,,Massive · Voluptuous
Angel Diamonds,166,54,35A,36.0,25,34,1,Flat,3,Lean hips,,Lean hips · Flat
Angel Hott,173,48,34B,36.0,24,33,2,Small,1,Straight,Petite,Small · Straight · Petite
Angel Lima,170,55,34D,38.0,26,35,5,Full,4,Average hips,,Full · Average hips
Angel Long,183,69,34A,35.0,27,34,1,Flat,2,Slim hips,,Slim hips · Flat
Angel Piaff,162,48,34B,36.0,25,35,3,Modest,4,Average hips,,Average hips · Modest
Angel Pink,160,49,32A,33.0,22,33,1,Flat,2,Slim hips,,Slim hips · Flat
Angel Rivas,165,49,32D,36.0,24,34,5,Full,3,Lean hips,,Full · Lean hips
Angel Smalls,152,38,34A,35.0,24,34,2,Small,4,Average hips,Petite,Average hips · Small · Petite
Angel Vain,157,54,34DD,39.0,30,36,6,Big,5,Curvy,,Big · Curvy
Angel Wicky,165,60,38DD,43.0,26,36,6,Big,5,Curvy,,Big · Curvy
Angela Aspen,178,67,36DD,41.0,30,38,6,Big,6,Very Curvy,,Big · Very Curvy
Angela Attison,157,48,34D,38.0,31,32,6,Big,2,Slim hips,,Big · Slim hips
Angela D'Angelo,178,55,36DD,41.0,24,34,6,Big,2,Slim hips,Petite,Big · Slim hips · Petite
Angela Sommers,170,59,36C,39.0,25,36,4,Average,5,Curvy,,Curvy · Average
Angela Stone,157,50,34A,35.0,24,34,2,Small,3,Lean hips,,Lean hips · Small
Angela White,160,55,42G,51.0,27,41,8,Massive,8,Voluptuous,,Massive · Voluptuous
Angelica Cruz,170,58,32B,34.0,25,35,2,Small,4,Average hips,,Average hips · Small
Angelica Heart,167,55,34D,38.0,25,35,5,Full,4,Average hips,,Full · Average hips
Angelica Lane,167,49,34B,36.0,24,30,2,Small,1,Straight,,Small · Straight
Angelica Raven,160,57,34G,43.0,26,39,8,Massive,7,Thick,,Massive · Thick
Angelica Saige,175,59,34C,37.0,24,38,4,Average,6,Very Curvy,,Very Curvy · Average
Angelica Sin,170,57,36DD,41.0,25,34,6,Big,3,Lean hips,,Big · Lean hips
Angelica Taylor,168,55,32F,39.0,28,35,7,Huge,4,Average hips,,Huge · Average hips
Angelik Duval,163,50,36AA,36.0,23,34,1,Flat,3,Lean hips,,Lean hips · Flat
Angelina Ash,157,52,34D,38.0,26,36,6,Big,5,Curvy,,Big · Curvy
Angelina Brill,163,54,36A,37.0,25,36,1,Flat,5,Curvy,,Curvy · Flat
Angelina Castro,165,71,42F,49.0,30,42,7,Huge,8,Voluptuous,,Voluptuous · Huge
Angelina Chung,165,59,34B,36.0,32,34,3,Modest,3,Lean hips,,Modest · Lean hips
Angelina Crow,157,41,32A,33.0,23,34,2,Small,3,Lean hips,Petite,Lean hips · Small · Petite
Angelina Diamanti,173,50,33B,35.0,25,35,2,Small,3,Lean hips,Petite,Lean hips · Small · Petite
Angelina Love,175,55,38B,40.0,26,37,2,Small,6,Very Curvy,,Very Curvy · Small
Angelina Valentine,163,52,34E,40.0,24,35,7,Huge,4,Average hips,,Huge · Average hips
Angelina Wild,158,48,34B,36.0,25,36,3,Modest,5,Curvy,,Curvy · Modest
Angell Summers,160,52,34D,38.0,25,37,6,Big,6,Very Curvy,,Big · Very Curvy
Angella Black,165,52,30A,31.0,24,35,1,Flat,4,Average hips,,Average hips · Flat
Angie Emerald,177,59,34B,36.0,24,36,2,Small,4,Average hips,,Average hips · Small
Angie Koks,163,52,34AA,34.0,23,34,1,Flat,3,Lean hips,,Lean hips · Flat
Angie Moon,170,50,35B,37.0,24,35,2,Small,4,Average hips,Petite,Average hips · Small · Petite
Angie Noir,173,57,34DD,39.0,26,37,6,Big,6,Very Curvy,,Big · Very Curvy
Ani Black Fox,175,54,34C,37.0,25,36,4,Average,4,Average hips,,Average · Average hips
Ania Kinski,180,55,40D,44.0,28,37,5,Full,6,Very Curvy,Petite,Very Curvy · Full · Petite
Anie Darling,170,50,31A,32.0,22,30,1,Flat,1,Straight,Petite,Flat · Straight · Petite
Anikka Albrite,167,57,34B,36.0,24,39,2,Small,7,Thick,,Thick · Small
Anissa Kate,163,51,37D,41.0,24,35,5,Full,4,Average hips,,Full · Average hips
Anita Agni,165,55,42E,48.0,26,36,7,Huge,5,Curvy,,Huge · Curvy
Anita Bellini,150,45,34AA,34.0,25,33,1,Flat,3,Lean hips,,Lean hips · Flat
Anita Blue,165,51,34DD,39.0,24,30,6,Big,1,Straight,,Big · Straight
Anita Dark,170,50,34D,38.0,22,32,5,Full,1,Straight,Petite,Full · Straight · Petite
Anita Pearl,175,47,32B,34.0,23,35,2,Small,3,Lean hips,Petite,Lean hips · Small · Petite
Anita Peida,160,58,34B,36.0,26,38,3,Modest,7,Thick,,Thick · Modest
Anita Queen,170,52,36E,42.0,27,36,7,Huge,5,Curvy,,Huge · Curvy
Anita Vixen,176,58,36DD,41.0,24,36,6,Big,4,Average hips,,Big · Average hips
Anjanette Astoria,165,54,36D,40.0,23,37,5,Full,6,Very Curvy,,Very Curvy · Full
Anjelica Lauren,165,57,36D,40.0,26,38,5,Full,7,Thick,,Thick · Full
Ann Marie,163,53,34B,36.0,27,34,3,Modest,3,Lean hips,,Modest · Lean hips
Ann Marie La Sante,163,49,34B,36.0,25,34,3,Modest,3,Lean hips,,Modest · Lean hips
Ann Parker,173,55,33C,36.0,24,32,4,Average,1,Straight,,Average · Straight
Ann Umemiya,160,45,34A,35.0,23,34,1,Flat,3,Lean hips,,Lean hips · Flat
Anna Bell Peaks,168,54,32G,41.0,26,32,8,Massive,1,Straight,,Massive · Straight
Anna Blaze,160,55,32F,39.0,26,34,7,Huge,3,Lean hips,,Huge · Lean hips
Anna Cherry,175,53,34B,36.0,25,36,2,Small,4,Average hips,Petite,Average hips · Small · Petite
Anna Darling,168,57,34B,36.0,28,32,2,Small,1,Straight,,Small · Straight
Anna De Ville,157,45,34C,37.0,24,31,4,Average,1,Straight,,Average · Straight
Anna Joy,154,57,34B,36.0,26,37,3,Modest,7,Thick,,Thick · Modest
Anna Mae,147,49,32A,33.0,24,34,2,Small,4,Average hips,,Average hips · Small
Anna Malle,170,57,36D,40.0,24,36,5,Full,5,Curvy,,Full · Curvy
Anna Nikova,165,52,36D,40.0,25,35,5,Full,4,Average hips,,Full · Average hips
Anna Nova,168,58,36D,40.0,24,36,5,Full,5,Curvy,,Full · Curvy
Anna Pierceson,157,48,34A,35.0,24,34,2,Small,3,Lean hips,,Lean hips · Small
Anna Polina,173,52,36C,39.0,28,38,4,Average,6,Very Curvy,Petite,Very Curvy · Average · Petite
Anna Swix,175,53,34A,35.0,25,35,1,Flat,3,Lean hips,Petite,Lean hips · Flat · Petite
Anna Taylor,165,55,32A,33.0,25,30,1,Flat,1,Straight,,Flat · Straight
Anna Thorne,167,48,34AA,34.0,23,34,1,Flat,3,Lean hips,Petite,Lean hips · Flat · Petite
Anna Tyler,155,48,34C,37.0,24,32,4,Average,2,Slim hips,,Average · Slim hips
Annabelle Rogers,165,70,44F,51.0,30,36,7,Huge,5,Curvy,,Huge · Curvy
Anne Amari,171,51,32A,33.0,23,36,1,Flat,4,Average hips,Petite,Average hips · Flat · Petite
Anne Melbourne,163,53,34C,37.0,24,34,4,Average,3,Lean hips,,Average · Lean hips
Annette Schwarz,180,65,34C,37.0,26,40,3,Modest,7,Thick,,Thick · Modest
Annie Body,157,45,32DD,37.0,20,30,6,Big,1,Straight,,Big · Straight
Annie Cruz,168,49,32C,35.0,24,36,4,Average,5,Curvy,Petite,Curvy · Average · Petite
Annika Amour,168,50,30B,32.0,25,31,2,Small,1,Straight,,Small · Straight
Anny Aurora,176,55,32B,34.0,27,34,2,Small,2,Slim hips,,Small · Slim hips
Antonia Deona,162,48,32E,38.0,24,33,7,Huge,2,Slim hips,,Huge · Slim hips
Antonia Sainz,170,56,34C,37.0,23,36,4,Average,5,Curvy,,Curvy · Average
Anya Ivy,157,50,36D,40.0,29,38,6,Big,7,Thick,,Thick · Big
Anya Krey,173,53,34A,35.0,25,35,1,Flat,3,Lean hips,,Lean hips · Flat
Anya Olsen,160,50,34B,36.0,24,34,3,Modest,3,Lean hips,,Modest · Lean hips
Anya Shidlerova,152,48,32B,34.0,25,34,3,Modest,4,Average hips,,Average hips · Modest
Apolonia Lapiedra,161,46,32A,33.0,24,33,1,Flat,2,Slim hips,,Slim hips · Flat
April Aniston,175,57,32C,35.0,26,34,4,Average,2,Slim hips,,Average · Slim hips
April Blue,167,56,32D,36.0,24,36,5,Full,5,Curvy,,Full · Curvy
April Dawn,166,67,36DD,41.0,26,36,6,Big,5,Curvy,,Big · Curvy
April Flores,157,72,38E,44.0,38,48,7,Huge,8,Voluptuous,,Voluptuous · Huge
April Flowers,174,61,34C,37.0,25,35,4,Average,3,Lean hips,,Average · Lean hips
April McKenzie,162,66,42H,53.0,32,40,8,Massive,7,Thick,,Massive · Thick
April ONeil,156,40,30DD,35.0,23,32,6,Big,2,Slim hips,Petite,Big · Slim hips · Petite
April Snow,166,51,34C,37.0,27,33,4,Average,2,Slim hips,,Average · Slim hips
Arabelle Raphael,160,52,32G,41.0,26,35,8,Massive,4,Average hips,,Massive · Average hips
Aria Carson,162,55,32C,35.0,28,31,4,Average,1,Straight,,Average · Straight
Aria Kai,168,59,34DD,39.0,24,36,6,Big,5,Curvy,,Big · Curvy
Aria Lee,158,57,32A,33.0,25,36,1,Flat,5,Curvy,,Curvy · Flat
Aria Logan,170,52,34A,35.0,26,37,1,Flat,6,Very Curvy,,Very Curvy · Flat
Aria Sky,160,55,34D,38.0,26,38,6,Big,7,Thick,,Thick · Big
Aria Skye,157,47,28A,29.0,25,34,2,Small,3,Lean hips,,Lean hips · Small
Aria Valentino,173,50,32G,41.0,25,37,7,Huge,6,Very Curvy,Petite,Huge · Very Curvy · Petite
Ariana Aimes,157,41,35DD,40.0,25,32,6,Big,2,Slim hips,Petite,Big · Slim hips · Petite
Ariana Fox,154,45,34B,36.0,28,36,3,Modest,6,Very Curvy,,Very Curvy · Modest
Ariana Jollee,157,46,34C,37.0,24,34,4,Average,3,Lean hips,,Average · Lean hips
Ariana Marie,162,44,32C,35.0,23,34,4,Average,3,Lean hips,Petite,Average · Lean hips · Petite
Arianna Sinn,160,82,32G,41.0,27,38,8,Massive,7,Thick,BBW,Massive · Thick · BBW
Ariel Carmine,163,49,34B,36.0,23,34,3,Modest,3,Lean hips,,Modest · Lean hips
Ariel Grace,167,50,32B,34.0,24,36,2,Small,5,Curvy,,Curvy · Small
Ariel Lee,157,45,34B,36.0,24,34,3,Modest,3,Lean hips,,Modest · Lean hips
Ariella Ferrera,170,52,34DD,39.0,25,34,6,Big,3,Lean hips,,Big · Lean hips
Arielle Faye,152,43,32A,33.0,23,34,2,Small,4,Average hips,,Average hips · Small
Aries Stone,162,48,32B,34.0,26,35,3,Modest,4,Average hips,,Average hips · Modest
Arietta Adams,167,61,34B,36.0,27,36,2,Small,5,Curvy,,Curvy · Small
Aris Dark,160,40,36D,40.0,25,36,6,Big,5,Curvy,Petite,Big · Curvy · Petite
Armani Monroe,165,48,34C,37.0,24,36,4,Average,5,Curvy,,Curvy · Average
Arteya,167,52,36C,39.0,24,35,4,Average,4,Average hips,,Average · Average hips
Aruna Aghora,170,56,32B,34.0,26,36,2,Small,5,Curvy,,Curvy · Small
Arwen Gold,172,50,32C,35.0,26,36,4,Average,4,Average hips,Petite,Average · Average hips · Petite
Arwyn,163,51,34D,38.0,27,38,5,Full,7,Thick,,Thick · Full
Arya Fae,161,50,32B,34.0,22,32,3,Modest,1,Straight,,Modest · Straight
Aryana Adin,167,67,34DDD,40.0,27,44,7,Huge,8,Voluptuous,,Voluptuous · Huge
Aryana Augustine,173,57,36D,40.0,26,38,5,Full,6,Very Curvy,,Very Curvy · Full
Aryana Starr,173,75,38DD,43.0,33,43,6,Big,8,Voluptuous,,Voluptuous · Big
Asa Akira,157,48,32C,35.0,24,34,4,Average,3,Lean hips,,Average · Lean hips
Ash Hollywood,158,48,32B,34.0,24,37,3,Modest,6,Very Curvy,,Very Curvy · Modest
Asha May,165,52,34C,37.0,25,35,4,Average,4,Average hips,,Average · Average hips
Ashlee Graham,158,57,32G,41.0,28,32,8,Massive,2,Slim hips,,Massive · Slim hips
Ashley Abott,162,48,34B,36.0,25,35,3,Modest,4,Average hips,,Average hips · Modest
Ashley Adams,175,56,36DD,41.0,24,34,6,Big,2,Slim hips,,Big · Slim hips
Ashley Adams,167,55,34DD,39.0,24,34,6,Big,3,Lean hips,,Big · Lean hips
Ashley Aleigh,173,61,34C,37.0,26,34,4,Average,2,Slim hips,,Average · Slim hips
Ashley Anderson,163,52,34D,38.0,22,32,5,Full,1,Straight,,Full · Straight
Ashley Blue,157,49,34A,35.0,26,34,2,Small,3,Lean hips,,Lean hips · Small
Ashley Chambers,157,52,40H,51.0,27,36,8,Massive,5,Curvy,,Massive · Curvy
Ashley Coda,160,55,34B,36.0,28,35,3,Modest,4,Average hips,,Average hips · Modest
Ashley Fires,157,50,34B,36.0,24,34,3,Modest,3,Lean hips,,Modest · Lean hips
Ashley Jensen,157,48,32C,35.0,26,32,4,Average,2,Slim hips,,Average · Slim hips
Ashley Lane,173,55,34C,37.0,28,35,4,Average,3,Lean hips,,Average · Lean hips
Ashley Long,180,52,34A,35.0,24,34,1,Flat,2,Slim hips,Petite,Slim hips · Flat · Petite
Ashley Luvbug,163,53,32B,34.0,26,36,3,Modest,5,Curvy,,Curvy · Modest
Ashley Marie,165,57,34B,36.0,28,38,3,Modest,7,Thick,,Thick · Modest
Ashley Moore,180,61,34A,35.0,24,32,1,Flat,1,Straight,,Flat · Straight
Ashley Ocean,172,49,32AA,32.0,23,33,1,Flat,1,Straight,Petite,Flat · Straight · Petite
Ashley Pink,157,48,32A,33.0,23,34,2,Small,3,Lean hips,,Lean hips · Small
Ashley Red,178,64,36B,38.0,22,32,2,Small,1,Straight,,Small · Straight
Ashley Renee,165,47,34D,38.0,25,35,5,Full,4,Average hips,Petite,Full · Average hips · Petite
Ashley Rider,157,58,36D,40.0,25,28,6,Big,1,Straight,,Big · Straight
Ashley Robbins,164,48,36DD,41.0,26,34,6,Big,3,Lean hips,,Big · Lean hips
Ashley Sinclair,165,50,32DD,37.0,23,34,6,Big,3,Lean hips,,Big · Lean hips
Ashley Stone,161,54,32A,33.0,23,32,1,Flat,1,Straight,,Flat · Straight
Ashley Storm,172,66,34B,36.0,25,29,2,Small,1,Straight,,Small · Straight
Ashley Woods,157,43,30A,31.0,24,33,2,Small,2,Slim hips,Petite,Small · Slim hips · Petite
Ashli Ames,167,57,34D,38.0,25,36,5,Full,5,Curvy,,Full · Curvy
Ashli Orion,163,55,34A,35.0,27,37,1,Flat,6,Very Curvy,,Very Curvy · Flat
Ashlyn Gere,160,50,34C,37.0,22,33,4,Average,2,Slim hips,,Average · Slim hips
Ashlyn Molloy,170,48,32A,33.0,24,34,1,Flat,3,Lean hips,Petite,Lean hips · Flat · Petite
Ashlyn Rae,160,52,34A,35.0,25,36,1,Flat,5,Curvy,,Curvy · Flat
Ashlynn Brooke,157,48,34C,37.0,23,33,4,Average,2,Slim hips,,Average · Slim hips
Ashlynn Leigh,166,57,34B,36.0,25,35,2,Small,4,Average hips,,Average hips · Small
Ashlynn Taylor,157,43,32A,33.0,28,32,2,Small,2,Slim hips,Petite,Small · Slim hips · Petite
Ashton Blake,165,57,36DDD,42.0,26,38,7,Huge,7,Thick,,Huge · Thick
Ashton Devine,150,48,34C,37.0,24,36,5,Full,6,Very Curvy,,Very Curvy · Full
Ashton Monroe,162,52,36B,38.0,26,35,3,Modest,4,Average hips,,Average hips · Modest
Ashton Moore,160,51,36D,40.0,24,35,6,Big,4,Average hips,,Big · Average hips
Asia,152,47,36B,38.0,25,32,3,Modest,2,Slim hips,,Modest · Slim hips
Asia Carrera,174,50,36C,39.0,26,36,4,Average,4,Average hips,Petite,Average · Average hips · Petite
Asia Zo,152,41,32B,34.0,23,34,3,Modest,4,Average hips,,Average hips · Modest
Aspen Romanoff,149,45,32DD,37.0,24,34,6,Big,4,Average hips,,Big · Average hips
Asphyxia,170,52,34B,36.0,25,33,2,Small,2,Slim hips,,Small · Slim hips
Aston Wilde,171,60,34C,37.0,28,33,4,Average,1,Straight,,Average · Straight
Astrid Star,171,50,34DD,39.0,24,36,6,Big,4,Average hips,Petite,Big · Average hips · Petite
Asuka Ayanami,148,49,35DD,40.0,24,34,6,Big,4,Average hips,,Big · Average hips
Asuna Fox,165,41,34A,35.0,22,34,1,Flat,3,Lean hips,Petite,Lean hips · Flat · Petite
Athena Faris,163,50,32B,34.0,24,35,3,Modest,4,Average hips,,Average hips · Modest
Athena Palomino,172,57,34D,38.0,28,34,5,Full,2,Slim hips,,Full · Slim hips
Athena Rayne,157,45,30D,34.0,23,36,6,Big,5,Curvy,,Big · Curvy
Aubree Ice,157,56,32A,33.0,25,28,2,Small,1,Straight,,Small · Straight
Aubrey Addams,147,45,32D,36.0,24,34,6,Big,4,Average hips,,Big · Average hips
Aubrey Gold,161,52,34A,35.0,24,34,1,Flat,3,Lean hips,,Lean hips · Flat
Aubrey Kate,175,61,34D,38.0,25,28,5,Full,1,Straight,,Full · Straight
Aubrey Lee,168,53,32B,34.0,27,32,2,Small,1,Straight,,Small · Straight
Aubrey Luna,161,51,32B,34.0,23,34,3,Modest,3,Lean hips,,Modest · Lean hips
Aubrey Rose,161,50,34A,35.0,24,36,1,Flat,5,Curvy,,Curvy · Flat
Aubrey Sinclair,149,50,34C,37.0,26,36,5,Full,6,Very Curvy,,Very Curvy · Full
Audie Larnock,165,65,38C,41.0,29,37,4,Average,6,Very Curvy,,Very Curvy · Average
Audrey Aguilera,160,57,34C,37.0,25,36,4,Average,5,Curvy,,Curvy · Average
Audrey Bitoni,162,48,34DD,39.0,23,33,6,Big,2,Slim hips,,Big · Slim hips
Audrey Charlize,173,55,34B,36.0,25,35,2,Small,3,Lean hips,,Lean hips · Small
Audrey Elson,178,59,36C,39.0,25,36,4,Average,4,Average hips,,Average · Average hips
Audrey Grace,165,43,30B,32.0,22,34,3,Modest,3,Lean hips,Petite,Modest · Lean hips · Petite
Audrey Hempburne,163,52,32B,34.0,22,32,3,Modest,1,Straight,,Modest · Straight
Audrey Holiday,163,54,34B,36.0,24,34,3,Modest,3,Lean hips,,Modest · Lean hips
Audrey Hollander,168,56,34C,37.0,26,34,4,Average,3,Lean hips,,Average · Lean hips
Audrey Noir,166,55,32B,34.0,24,35,2,Small,4,Average hips,,Average hips · Small
Audrey Show,176,53,32DD,37.0,24,34,6,Big,2,Slim hips,Petite,Big · Slim hips · Petite
Audrianna Angel,162,52,32AA,32.0,30,34,1,Flat,3,Lean hips,,Lean hips · Flat
August,157,51,34D,38.0,26,33,6,Big,2,Slim hips,,Big · Slim hips
August Ames,167,52,32D,36.0,23,28,5,Full,1,Straight,,Full · Straight
Aurielee Summers,160,50,32B,34.0,24,36,3,Modest,5,Curvy,,Curvy · Modest
Aurora Belle,171,57,34B,36.0,22,32,2,Small,1,Straight,,Small · Straight
Aurora Jolie,165,62,34D,38.0,25,35,5,Full,4,Average hips,,Full · Average hips
Aurora Monroe,155,48,34A,35.0,25,36,2,Small,6,Very Curvy,,Very Curvy · Small
Aurora Snow,165,54,34B,36.0,27,36,3,Modest,5,Curvy,,Curvy · Modest
Aurora Winters,158,45,34B,36.0,24,34,3,Modest,3,Lean hips,,Modest · Lean hips
Austin Kincaid,157,48,36DD,41.0,24,36,6,Big,5,Curvy,,Big · Curvy
Austin Lynn,175,61,34DD,39.0,26,34,6,Big,2,Slim hips,,Big · Slim hips
Austin Taylor,154,58,34D,38.0,26,40,6,Big,8,Voluptuous,,Voluptuous · Big
Autumn Austin,165,50,34C,37.0,24,35,4,Average,4,Average hips,,Average · Average hips
Autumn Falls,160,57,32G,41.0,24,35,8,Massive,4,Average hips,,Massive · Average hips
Autumn Jade,157,62,42I,51.0,28,36,8,Massive,5,Curvy,,Massive · Curvy
Autumn Winters,160,45,32A,33.0,21,24,1,Flat,1,Straight,,Flat · Straight
Ava Addams,160,48,32DDD,38.0,23,34,7,Huge,3,Lean hips,,Huge · Lean hips
Ava Austen,170,61,34C,37.0,30,38,4,Average,7,Thick,,Thick · Average
Ava Black,169,50,36D,40.0,28,36,5,Full,5,Curvy,,Full · Curvy
Ava Devine,163,61,36DD,41.0,25,36,6,Big,5,Curvy,,Big · Curvy
Ava Hardy,154,43,32B,34.0,24,32,3,Modest,2,Slim hips,,Modest · Slim hips
Ava Haze,153,45,32B,34.0,22,36,3,Modest,6,Very Curvy,,Very Curvy · Modest
Ava Koxxx,191,66,34I,43.0,28,36,8,Massive,4,Average hips,,Massive · Average hips
Ava Little,168,55,34B,36.0,24,34,2,Small,3,Lean hips,,Lean hips · Small
Ava Mendes,158,48,34A,35.0,22,34,1,Flat,3,Lean hips,,Lean hips · Flat
Ava Parker,163,47,34A,35.0,22,34,1,Flat,3,Lean hips,,Lean hips · Flat
Ava Ramon,167,59,34D,38.0,27,34,5,Full,3,Lean hips,,Full · Lean hips
Ava Rose,168,57,34C,37.0,26,36,4,Average,5,Curvy,,Curvy · Average
Ava Sanchez,159,59,32C,35.0,26,40,4,Average,8,Voluptuous,,Voluptuous · Average
Ava Sparxxx,168,57,34B,36.0,23,36,2,Small,5,Curvy,,Curvy · Small
Ava Taylor,168,48,32B,34.0,25,32,2,Small,1,Straight,Petite,Small · Straight · Petite
Ava Vincent,165,64,36DD,41.0,26,36,6,Big,5,Curvy,,Big · Curvy
Avah Sweetz,163,57,34B,36.0,27,32,3,Modest,1,Straight,,Modest · Straight
Avalon Heart,163,55,34A,35.0,26,37,1,Flat,6,Very Curvy,,Very Curvy · Flat
Avena Lee,160,54,34B,36.0,25,34,3,Modest,3,Lean hips,,Modest · Lean hips
Averi Brooks,160,52,32A,33.0,23,34,1,Flat,3,Lean hips,,Lean hips · Flat
Avery Adair,176,57,34A,35.0,24,34,1,Flat,2,Slim hips,,Slim hips · Flat
Avery Black,150,43,32B,34.0,23,28,3,Modest,1,Straight,,Modest · Straight
Avery Moon,170,52,32A,33.0,23,32,1,Flat,1,Straight,,Flat · Straight
Avona Dominica,170,53,36DD,41.0,22,33,6,Big,2,Slim hips,,Big · Slim hips
Avril Hall,168,51,34B,36.0,26,32,2,Small,1,Straight,,Small · Straight
Avril Sun,157,42,35A,36.0,25,36,2,Small,5,Curvy,Petite,Curvy · Small · Petite
Avy Lee Roth,160,52,34B,36.0,27,35,3,Modest,4,Average hips,,Average hips · Modest
Avy Scott,168,61,36D,40.0,26,36,5,Full,5,Curvy,,Full · Curvy
Aya Kisaki,160,47,34E,40.0,23,35,7,Huge,4,Average hips,,Huge · Average hips
Aya Sakuraba,166,46,32B,34.0,22,34,2,Small,3,Lean hips,Petite,Lean hips · Small · Petite
Ayana Angel,168,58,34D,38.0,23,36,5,Full,5,Curvy,,Full · Curvy
Aylin Diamond,170,55,32A,33.0,24,36,1,Flat,5,Curvy,,Curvy · Flat
Ayumi Anime,171,52,34C,37.0,25,32,4,Average,1,Straight,,Average · Straight
Azul Hermosa,171,57,34DDD,40.0,24,36,7,Huge,4,Average hips,,Huge · Average hips
Azumi Harusaki,159,45,35C,38.0,23,33,4,Average,2,Slim hips,,Average · Slim hips
Baby Cakes,163,64,36DD,41.0,26,35,6,Big,4,Average hips,,Big · Average hips
Baby Jewel,163,56,32B,34.0,25,35,3,Modest,4,Average hips,,Average hips · Modest
Baby Nicols,160,47,32A,33.0,23,34,1,Flat,3,Lean hips,,Lean hips · Flat
Bailey Bae,168,59,34B,36.0,24,34,2,Small,3,Lean hips,,Lean hips · Small
Bailey Bam,172,55,33B,35.0,24,33,2,Small,1,Straight,,Small · Straight
Bailey Brooke,154,49,32C,35.0,22,33,5,Full,2,Slim hips,,Full · Slim hips
Bailey Brooks,168,56,34D,38.0,25,36,5,Full,5,Curvy,,Full · Curvy
Bambi Black,163,48,32A,33.0,24,34,1,Flat,3,Lean hips,,Lean hips · Flat
Bambi Brooks,147,43,32B,34.0,22,34,3,Modest,4,Average hips,,Average hips · Modest
Bambi Joli,173,50,30AA,30.0,23,35,1,Flat,3,Lean hips,Petite,Lean hips · Flat · Petite
Bamboo,154,53,38C,41.0,22,33,5,Full,2,Slim hips,,Full · Slim hips
Barbamiska,164,52,37B,39.0,23,35,3,Modest,4,Average hips,,Average hips · Modest
Barbara Angel,170,70,43G,52.0,34,42,7,Huge,8,Voluptuous,,Voluptuous · Huge
Barbara Babeurre,168,54,30B,32.0,26,33,2,Small,2,Slim hips,,Small · Slim hips
Barbara Bieber,170,59,34D,38.0,23,36,5,Full,5,Curvy,,Full · Curvy
Barbara Summer,167,57,36D,40.0,25,35,5,Full,4,Average hips,,Full · Average hips
Barbary Rose,165,59,32A,33.0,24,36,1,Flat,5,Curvy,,Curvy · Flat
Barbi Sinclair,168,50,34C,37.0,24,34,4,Average,3,Lean hips,,Average · Lean hips
Barbie Addison,167,56,32B,34.0,23,33,2,Small,2,Slim hips,,Small · Slim hips
Barbie Cummings,170,59,34D,38.0,26,36,5,Full,5,Curvy,,Full · Curvy
Barbie Sins,155,48,34D,38.0,24,34,6,Big,4,Average hips,,Big · Average hips
Barbora,165,48,34C,37.0,24,37,4,Average,6,Very Curvy,,Very Curvy · Average
Barbora Vee,168,46,33B,35.0,24,33,2,Small,2,Slim hips,Petite,Small · Slim hips · Petite
Barra Brass,160,49,34B,36.0,24,35,3,Modest,4,Average hips,,Average hips · Modest
Barret Moore,168,58,34D,38.0,24,34,5,Full,3,Lean hips,,Full · Lean hips
Bea Stiel,160,46,34B,36.0,24,34,3,Modest,3,Lean hips,,Modest · Lean hips
Beata Undine,169,57,35C,38.0,23,36,4,Average,5,Curvy,,Curvy · Average
Beaue Marie,165,47,32A,33.0,29,33,1,Flat,2,Slim hips,Petite,Slim hips · Flat · Petite
Beauty Dior,150,55,34D,38.0,26,38,6,Big,8,Voluptuous,,Voluptuous · Big
Becca Blossoms,160,54,36C,39.0,28,36,4,Average,5,Curvy,,Curvy · Average
Becca Diamond,162,59,34D,38.0,26,31,5,Full,1,Straight,,Full · Straight
Becki Butterfly,165,105,44DD,49.0,40,48,6,Big,8,Voluptuous,BBW,Voluptuous · Big · BBW
Becky Bandini,173,64,34DD,39.0,26,36,6,Big,4,Average hips,,Big · Average hips
Bella Bellz,172,59,34B,36.0,23,38,2,Small,6,Very Curvy,,Very Curvy · Small
Bella Bends,168,52,34D,38.0,25,35,5,Full,4,Average hips,,Full · Average hips
Bella Bendz,162,115,44C,47.0,41,56,4,Average,8,Voluptuous,BBW,Voluptuous · Average · BBW
Bella Beretta,168,51,32B,34.0,23,30,2,Small,1,Straight,,Small · Straight
Bella Blaze,173,61,36DD,41.0,26,36,6,Big,4,Average hips,,Big · Average hips
Bella Elise Rose,157,44,32B,34.0,24,34,3,Modest,3,Lean hips,,Modest · Lean hips
Bella Jane,157,50,34C,37.0,26,38,4,Average,7,Thick,,Thick · Average
Bella Luciano,170,59,34C,37.0,26,36,4,Average,5,Curvy,,Curvy · Average
Bella Marino,162,55,36C,39.0,26,36,4,Average,5,Curvy,,Curvy · Average
Bella Moretti,165,50,32C,35.0,25,33,4,Average,2,Slim hips,,Average · Slim hips
Bella Morgan,176,54,28C,31.0,25,35,4,Average,3,Lean hips,Petite,Average · Lean hips · Petite
Bella Reese,157,55,32DD,37.0,26,38,6,Big,7,Thick,,Thick · Big
Bella Rose,175,64,34D,38.0,27,39,5,Full,7,Thick,,Thick · Full
Bella Rossi,165,64,34DD,39.0,24,34,6,Big,3,Lean hips,,Big · Lean hips
Bella Skye,171,50,34A,35.0,23,35,1,Flat,3,Lean hips,Petite,Lean hips · Flat · Petite
Belladonna,163,58,34C,37.0,24,34,4,Average,3,Lean hips,,Average · Lean hips
Belle Bond,162,54,34C,37.0,27,37,4,Average,6,Very Curvy,,Very Curvy · Average
Belle Claire,176,55,38C,41.0,24,39,4,Average,7,Thick,,Thick · Average
Belle Knox,163,42,32B,34.0,24,34,3,Modest,3,Lean hips,Petite,Modest · Lean hips · Petite
Beretta James,165,48,36D,40.0,26,32,5,Full,1,Straight,,Full · Straight
Bernice Berinice,163,48,34B,36.0,25,36,3,Modest,5,Curvy,,Curvy · Modest
Bethany Benz,178,61,34DD,39.0,26,36,6,Big,4,Average hips,,Big · Average hips
Betsey Kite,157,45,34B,36.0,26,36,3,Modest,5,Curvy,,Curvy · Modest
Bettina DiCapri,160,49,34B,36.0,26,38,3,Modest,7,Thick,,Thick · Modest
Betty Foxxx,160,53,38C,41.0,27,40,4,Average,8,Voluptuous,,Voluptuous · Average
Beverly Hills,165,52,34D,38.0,24,32,5,Full,1,Straight,,Full · Straight
Beverly Paige,170,67,42FF,50.0,30,40,7,Huge,7,Thick,,Huge · Thick
Bianca Breeze,180,66,36B,38.0,24,36,2,Small,4,Average hips,,Average hips · Small
Bianca Burke,158,52,32DD,37.0,26,35,6,Big,4,Average hips,,Big · Average hips
Bianca Golden,165,48,34C,37.0,24,35,4,Average,4,Average hips,,Average · Average hips
Bianca Pureheart,165,52,34B,36.0,25,35,3,Modest,4,Average hips,,Average hips · Modest
Bianca Resa,175,58,32A,33.0,23,35,1,Flat,3,Lean hips,,Lean hips · Flat
Bianca Trump,168,56,34DD,39.0,24,32,6,Big,1,Straight,,Big · Straight
Bianka Lovely,161,50,30B,32.0,23,34,3,Modest,3,Lean hips,,Modest · Lean hips
Bibi Jones,168,48,34D,38.0,22,32,5,Full,1,Straight,Petite,Full · Straight · Petite
Bibi Noel,164,48,32DD,37.0,22,34,6,Big,3,Lean hips,,Big · Lean hips
Billi Bardot,162,58,41L,53.0,26,38,8,Massive,7,Thick,,Massive · Thick
Billie Rai,152,44,34DD,39.0,21,29,6,Big,1,Straight,,Big · Straight
Billie Star,163,51,36B,38.0,22,34,3,Modest,3,Lean hips,,Modest · Lean hips
Billy Raise,173,55,34B,36.0,25,35,2,Small,3,Lean hips,,Lean hips · Small
Binky Baez,152,45,32B,34.0,24,34,3,Modest,4,Average hips,,Average hips · Modest
Bionca Seven,175,57,34C,37.0,25,35,4,Average,3,Lean hips,,Average · Lean hips
Bitchy Jana,172,60,31D,35.0,24,36,5,Full,4,Average hips,,Full · Average hips
Black Angelika,163,55,36D,40.0,23,34,5,Full,3,Lean hips,,Full · Lean hips
Black Diamond,173,66,36D,40.0,27,37,5,Full,6,Very Curvy,,Very Curvy · Full
Black Sonja,162,50,32C,35.0,21,32,4,Average,1,Straight,,Average · Straight
Blair Williams,175,66,36D,40.0,29,38,5,Full,6,Very Curvy,,Very Curvy · Full
Blaire Banks,171,57,34B,36.0,24,35,2,Small,3,Lean hips,,Lean hips · Small
Blaire Ivory,185,55,32B,34.0,25,36,2,Small,4,Average hips,Petite,Average hips · Small · Petite
Blake James,168,57,34DD,39.0,24,36,6,Big,5,Curvy,,Big · Curvy
Blake Morgan,167,52,34D,38.0,24,34,5,Full,3,Lean hips,,Full · Lean hips
Blake Rose,173,57,34D,38.0,24,34,5,Full,2,Slim hips,,Full · Slim hips
Blanche Bradburry,167,55,34DD,39.0,25,36,6,Big,5,Curvy,,Big · Curvy
Bliss Dulce,162,48,32E,38.0,27,36,7,Huge,5,Curvy,,Huge · Curvy
Bliss Lei,154,48,34C,37.0,26,36,5,Full,6,Very Curvy,,Very Curvy · Full
Blondie Fesser,161,60,34D,38.0,29,43,5,Full,8,Voluptuous,,Voluptuous · Full
Blue Angel,170,52,32A,33.0,23,35,1,Flat,4,Average hips,,Average hips · Flat
Bobbi Dylan,163,50,32B,34.0,24,32,3,Modest,1,Straight,,Modest · Straight
Bobbi Eden,168,55,34C,37.0,23,34,4,Average,3,Lean hips,,Average · Lean hips
Bobbi Starr,173,59,34C,37.0,27,39,4,Average,7,Thick,,Thick · Average
Bonnie Grey,155,49,32B,34.0,27,34,3,Modest,4,Average hips,,Average hips · Modest
Bonnie Heart,170,50,32B,34.0,22,32,2,Small,1,Straight,Petite,Small · Straight · Petite
Bonnie Rotten,170,48,34DD,39.0,24,30,6,Big,1,Straight,Petite,Big · Straight · Petite
Bonnie Shai,168,52,34A,35.0,25,36,1,Flat,5,Curvy,,Curvy · Flat
Bonny Bon,162,62,33C,36.0,24,34,4,Average,3,Lean hips,,Average · Lean hips
Boroka Borres,162,46,30B,32.0,23,32,3,Modest,1,Straight,,Modest · Straight
Brandi Bae,158,55,32DDD,38.0,24,40,7,Huge,8,Voluptuous,,Voluptuous · Huge
Brandi Belle,154,52,32B,34.0,29,34,3,Modest,4,Average hips,,Average hips · Modest
Brandi Blunt,162,48,32B,34.0,22,38,3,Modest,7,Thick,,Thick · Modest
Brandi Edwards,157,45,32DD,37.0,23,32,6,Big,2,Slim hips,,Big · Slim hips
Brandi Fox,162,50,34B,36.0,25,34,3,Modest,3,Lean hips,,Modest · Lean hips
Brandi Jaimes,161,58,36D,40.0,30,32,5,Full,1,Straight,,Full · Straight
Brandi Love,170,57,36D,40.0,25,36,5,Full,5,Curvy,,Full · Curvy
Brandi Lyons,168,54,34B,36.0,26,36,2,Small,5,Curvy,,Curvy · Small
Brandy Aniston,163,48,34D,38.0,22,34,5,Full,3,Lean hips,,Full · Lean hips
Brandy Robbins,172,60,38G,47.0,25,35,7,Huge,3,Lean hips,,Huge · Lean hips
Brandy Smile,170,52,34B,36.0,27,36,2,Small,5,Curvy,,Curvy · Small
Brandy Taylor,160,59,36DDD,42.0,28,36,7,Huge,5,Curvy,,Huge · Curvy
Brea Bennett,165,45,32B,34.0,22,32,3,Modest,1,Straight,Petite,Modest · Straight · Petite
Brea Lynn,157,52,32DD,37.0,24,34,6,Big,3,Lean hips,,Big · Lean hips
Breanne Benson,157,47,32C,35.0,23,35,4,Average,4,Average hips,,Average · Average hips
Bree Olson,160,47,32D,36.0,28,34,6,Big,3,Lean hips,,Big · Lean hips
Brenda James,173,61,34D,38.0,25,36,5,Full,4,Average hips,,Full · Average hips
Brenna Sparks,165,52,32C,35.0,28,36,4,Average,5,Curvy,,Curvy · Average
Bria Marie,157,57,34B,36.0,26,36,3,Modest,5,Curvy,,Curvy · Modest
Briana Banks,175,59,35DD,40.0,27,30,6,Big,1,Straight,,Big · Straight
Briana Blair,162,50,32D,36.0,24,35,5,Full,4,Average hips,,Full · Average hips
Briana Bounce,173,69,34B,36.0,27,38,2,Small,6,Very Curvy,,Very Curvy · Small
Briana Oshea,180,52,32B,34.0,25,32,2,Small,1,Straight,Petite,Small · Straight · Petite
Brianna Beach,170,57,38B,40.0,26,34,2,Small,3,Lean hips,,Lean hips · Small
Brianna Brooks,168,64,36D,40.0,26,40,5,Full,7,Thick,,Thick · Full
Brianna Love,160,50,34A,35.0,22,36,1,Flat,5,Curvy,,Curvy · Flat
Brianna Ray,170,55,34C,37.0,25,36,4,Average,5,Curvy,,Curvy · Average
Brianna Star,162,61,36DD,41.0,26,39,6,Big,7,Thick,,Thick · Big
Briar Rose,145,43,32A,33.0,24,34,2,Small,4,Average hips,,Average hips · Small
Bridgett Lee,167,56,36D,40.0,28,36,5,Full,5,Curvy,,Full · Curvy
Bridgette B,173,59,40F,47.0,28,38,7,Huge,6,Very Curvy,,Huge · Very Curvy
Bridgette Kerkove,163,49,34DD,39.0,22,34,6,Big,3,Lean hips,,Big · Lean hips
Bridie James,177,61,32G,41.0,25,35,7,Huge,3,Lean hips,,Huge · Lean hips
Briella Bounce,170,64,34A,35.0,28,42,1,Flat,8,Voluptuous,,Voluptuous · Flat
Brigitte Hunter,172,53,36B,38.0,25,37,2,Small,6,Very Curvy,,Very Curvy · Small
Britney Amber,165,52,36D,40.0,24,34,5,Full,3,Lean hips,,Full · Lean hips
Britney Angel,167,55,38D,42.0,23,34,5,Full,3,Lean hips,,Full · Lean hips
Britney Blue,157,45,33B,35.0,26,33,3,Modest,2,Slim hips,,Modest · Slim hips
Britney Brooks,152,50,34DDD,40.0,24,34,7,Huge,4,Average hips,,Huge · Average hips
Britney Light,163,58,34B,36.0,27,36,3,Modest,5,Curvy,,Curvy · Modest
Britney Shannon,170,52,34D,38.0,25,36,5,Full,5,Curvy,,Full · Curvy
Britney Spring,157,53,34D,38.0,24,36,6,Big,5,Curvy,,Big · Curvy
Britney Stevens,160,57,36C,39.0,25,36,4,Average,5,Curvy,,Curvy · Average
Britney Swallows,160,50,34D,38.0,24,38,6,Big,7,Thick,,Thick · Big
Britney Young,158,52,36D,40.0,25,37,6,Big,6,Very Curvy,,Big · Very Curvy
Brittany Andrews,172,55,34DD,39.0,25,36,6,Big,4,Average hips,,Big · Average hips
Brittany Angel,162,57,36B,38.0,24,35,3,Modest,4,Average hips,,Average hips · Modest
Brittany Banxxx,170,59,36C,39.0,26,36,4,Average,5,Curvy,,Curvy · Average
Brittany Bardot,165,55,32B,34.0,28,35,3,Modest,4,Average hips,,Average hips · Modest
Brittany Blaze,170,61,36DDD,42.0,27,38,7,Huge,7,Thick,,Huge · Thick
Brittany O'Connell,152,51,34D,38.0,25,35,6,Big,5,Curvy,,Big · Curvy
Brittany ONeil,173,52,42DD,47.0,24,34,6,Big,2,Slim hips,Petite,Big · Slim hips · Petite
Brittany Shae,163,57,32B,34.0,25,36,3,Modest,5,Curvy,,Curvy · Modest
Brittany Stryker,170,55,34D,38.0,24,34,5,Full,3,Lean hips,,Full · Lean hips
Brittney Skye,165,54,32D,36.0,24,34,5,Full,3,Lean hips,,Full · Lean hips
Brittney White,154,53,36DD,41.0,28,35,6,Big,5,Curvy,,Big · Curvy
Brook Ultra,154,51,38GG,48.0,24,36,8,Massive,6,Very Curvy,,Massive · Very Curvy
Brooke Adams,165,59,34C,37.0,26,36,4,Average,5,Curvy,,Curvy · Average
Brooke Banner,173,55,34DDD,40.0,26,34,7,Huge,2,Slim hips,,Huge · Slim hips
Brooke Belle,165,50,34D,38.0,24,34,5,Full,3,Lean hips,,Full · Lean hips
Brooke Beretta,172,64,34DDD,40.0,26,38,7,Huge,6,Very Curvy,,Huge · Very Curvy
Brooke Bliss,150,50,32B,34.0,24,34,3,Modest,4,Average hips,,Average hips · Modest
Brooke Haven,157,54,34D,38.0,28,31,6,Big,1,Straight,,Big · Straight
Brooke Haze,157,50,32C,35.0,27,33,4,Average,2,Slim hips,,Average · Slim hips
Brooke Hunter,170,62,36D,40.0,24,36,5,Full,5,Curvy,,Full · Curvy
Brooke Jameson,172,58,32F,39.0,26,34,7,Huge,2,Slim hips,,Huge · Slim hips
Brooke Lynn Santos,173,59,36C,39.0,28,36,4,Average,4,Average hips,,Average · Average hips
Brooke Milano,152,48,34B,36.0,24,32,3,Modest,2,Slim hips,,Modest · Slim hips
Brooke Summer,165,55,36C,39.0,25,36,4,Average,5,Curvy,,Curvy · Average
Brooke Summers,168,64,32B,34.0,25,38,2,Small,7,Thick,,Thick · Small
Brooke Tyler,173,52,34H,45.0,25,34,8,Massive,2,Slim hips,Petite,Massive · Slim hips · Petite
Brooke Wylde,170,57,36DD,41.0,26,37,6,Big,6,Very Curvy,,Big · Very Curvy
Brookelynne Briar,167,52,32A,33.0,24,32,1,Flat,1,Straight,,Flat · Straight
Brooklyn Bailey,161,51,34DD,39.0,24,33,6,Big,2,Slim hips,,Big · Slim hips
Brooklyn Blue,170,55,30G,39.0,24,36,7,Huge,5,Curvy,,Huge · Curvy
Brooklyn Chase,157,50,32G,41.0,25,37,8,Massive,6,Very Curvy,,Massive · Very Curvy
Brooklyn Daniels,170,52,32B,34.0,28,36,2,Small,5,Curvy,,Curvy · Small
Brooklyn Dare,168,61,34B,36.0,26,34,2,Small,3,Lean hips,,Lean hips · Small
Brooklyn Dayne,168,57,36B,38.0,24,36,2,Small,5,Curvy,,Curvy · Small
Brooklyn Gray,163,57,34B,36.0,24,36,3,Modest,5,Curvy,,Curvy · Modest
Brooklyn Jade,163,54,34B,36.0,28,38,3,Modest,7,Thick,,Thick · Modest
Brooklyn Lee,165,53,32C,35.0,24,34,4,Average,3,Lean hips,,Average · Lean hips
Brooklyn Night,157,50,36B,38.0,24,36,3,Modest,5,Curvy,,Curvy · Modest
Brooklyn Rose,165,59,34B,36.0,24,34,3,Modest,3,Lean hips,,Modest · Lean hips
Bryci,160,45,28FF,36.0,24,34,7,Huge,3,Lean hips,,Huge · Lean hips
Brynn Tyler,168,52,34D,38.0,24,32,5,Full,1,Straight,,Full · Straight
Buffy LeBrat,157,44,34D,38.0,23,34,6,Big,3,Lean hips,,Big · Lean hips
Bunnie Hughes,165,48,32A,33.0,26,36,1,Flat,5,Curvy,,Curvy · Flat
Bunny Bleu,160,62,50F,57.0,22,33,7,Huge,2,Slim hips,,Huge · Slim hips
Bunny De La Cruz,157,75,44JJ,58.0,35,45,8,Massive,8,Voluptuous,BBW,Massive · Voluptuous · BBW
Bunny Luv,163,50,34C,37.0,24,34,4,Average,3,Lean hips,,Average · Lean hips
Busty Pam,165,61,44E,50.0,28,36,7,Huge,5,Curvy,,Huge · Curvy
Busty Sarai,160,51,34D,38.0,30,32,6,Big,2,Slim hips,,Big · Slim hips
Buxom Bella,171,100,40F,47.0,36,55,7,Huge,8,Voluptuous,BBW,Voluptuous · Huge · BBW
Cadence Lux,167,53,34B,36.0,28,36,2,Small,5,Curvy,,Curvy · Small
Cadence St John,171,54,34B,36.0,25,36,2,Small,4,Average hips,,Average hips · Small
Cadey Mercury,165,45,32B,34.0,23,32,3,Modest,1,Straight,Petite,Modest · Straight · Petite
Cailey Taylor,175,55,32DD,37.0,24,34,6,Big,2,Slim hips,,Big · Slim hips
Cala Craves,165,59,36DD,41.0,28,36,6,Big,5,Curvy,,Big · Curvy
Caley Hayes,160,54,36B,38.0,28,38,3,Modest,7,Thick,,Thick · Modest
Cali Carter,155,52,34D,38.0,26,35,6,Big,5,Curvy,,Big · Curvy
Calibri Angel,157,45,36B,38.0,24,35,3,Modest,4,Average hips,,Average hips · Modest
Callie Black,171,55,34D,38.0,26,32,5,Full,1,Straight,,Full · Straight
Callie Calypso,162,59,32B,34.0,28,36,3,Modest,5,Curvy,,Curvy · Modest
Callie Cobra,162,46,32A,33.0,23,34,1,Flat,3,Lean hips,,Lean hips · Flat
Callie Cyprus,165,50,34C,37.0,24,34,4,Average,3,Lean hips,,Average · Lean hips
Callie Klein,157,54,32D,36.0,25,36,6,Big,5,Curvy,,Big · Curvy
Calypsa Micca,165,57,32A,33.0,26,40,1,Flat,7,Thick,,Thick · Flat
Cameron Cain,170,55,36C,39.0,26,34,4,Average,3,Lean hips,,Average · Lean hips
Cameron Canada,158,52,34B,36.0,25,36,3,Modest,5,Curvy,,Curvy · Modest
Cameron Canela,163,48,28B,30.0,19,23,3,Modest,1,Straight,,Modest · Straight
Cameron Cruise,167,52,34B,36.0,24,35,2,Small,4,Average hips,,Average hips · Small
Cameron Love,165,52,34C,37.0,23,33,4,Average,2,Slim hips,,Average · Slim hips
Cameron Minx,160,57,36C,39.0,30,40,4,Average,8,Voluptuous,,Voluptuous · Average
Cami Smalls,155,64,36B,38.0,29,38,3,Modest,7,Thick,,Thick · Modest
Camila Chix,170,47,30A,31.0,23,32,1,Flat,1,Straight,Petite,Flat · Straight · Petite
Camille Amore,173,57,34B,36.0,28,42,2,Small,8,Voluptuous,,Voluptuous · Small
Camille Black,154,57,36C,39.0,28,39,5,Full,8,Voluptuous,,Voluptuous · Full
Camryn Cross,177,55,34DD,39.0,24,36,6,Big,4,Average hips,,Big · Average hips
Camryn Kiss,165,57,34D,38.0,26,36,5,Full,5,Curvy,,Full · Curvy
Candace Von,175,61,36DD,41.0,28,38,6,Big,6,Very Curvy,,Big · Very Curvy
Candee Licious,157,45,32B,34.0,22,30,3,Modest,1,Straight,,Modest · Straight
Candela X,169,61,36D,40.0,24,35,5,Full,4,Average hips,,Full · Average hips
Candi Apple,170,59,36C,39.0,26,36,4,Average,5,Curvy,,Curvy · Average
Candi Cox,165,55,36DD,41.0,28,36,6,Big,5,Curvy,,Big · Curvy
Candice Dare,165,59,32B,34.0,30,38,3,Modest,7,Thick,,Thick · Modest
Candice Ferguson,170,55,34B,36.0,24,34,2,Small,3,Lean hips,,Lean hips · Small
Candice Mia,163,50,34B,36.0,28,35,3,Modest,4,Average hips,,Average hips · Modest
Candice Nicole,160,52,34D,38.0,26,36,6,Big,5,Curvy,,Big · Curvy
Candy Alexa,167,50,34DD,39.0,25,36,6,Big,5,Curvy,,Big · Curvy
Candy Belle,162,54,34C,37.0,26,33,4,Average,2,Slim hips,,Average · Slim hips
Candy Caine,168,60,34AA,34.0,24,34,1,Flat,3,Lean hips,,Lean hips · Flat
Candy Cat,160,52,34B,36.0,26,34,3,Modest,3,Lean hips,,Modest · Lean hips
Candy Charms,172,56,32L,44.0,26,40,8,Massive,7,Thick,,Massive · Thick
Candy Julia,168,52,34C,37.0,24,34,4,Average,3,Lean hips,,Average · Lean hips
Candy Manson,160,55,32D,36.0,24,34,6,Big,3,Lean hips,,Big · Lean hips
Candy Monroe,165,55,32C,35.0,22,34,4,Average,3,Lean hips,,Average · Lean hips
Candy Red,165,52,34C,37.0,25,36,4,Average,5,Curvy,,Curvy · Average
Candy Sweet,163,48,38A,39.0,24,36,1,Flat,5,Curvy,,Curvy · Flat
Candy White,165,50,34A,35.0,24,34,1,Flat,3,Lean hips,,Lean hips · Flat
Canela Skin,160,49,34C,37.0,23,33,4,Average,2,Slim hips,,Average · Slim hips
Caomei Bala,167,54,36D,40.0,22,36,5,Full,5,Curvy,,Full · Curvy
Capri Cavanni,160,48,34DD,39.0,26,36,6,Big,5,Curvy,,Big · Curvy
Caprice Capone,153,43,32B,34.0,24,33,3,Modest,2,Slim hips,,Modest · Slim hips
Caprice Jane,155,50,32DD,37.0,26,32,6,Big,2,Slim hips,,Big · Slim hips
Carla Crouz,177,62,34B,36.0,24,35,2,Small,3,Lean hips,,Lean hips · Small
Carla Cruz,154,48,34D,38.0,25,35,6,Big,5,Curvy,,Big · Curvy
Carlota Teen,175,60,32B,34.0,24,34,2,Small,2,Slim hips,,Small · Slim hips
Carly Moore,165,54,34B,36.0,24,34,3,Modest,3,Lean hips,,Modest · Lean hips
Carly Parker,170,56,34E,40.0,25,36,7,Huge,5,Curvy,,Huge · Curvy
Carly Rae Summers,171,60,34D,38.0,28,33,5,Full,1,Straight,,Full · Straight
Carmel Anderson,158,49,32B,34.0,24,33,3,Modest,2,Slim hips,,Modest · Slim hips
Carmel Moore,157,52,34DD,39.0,24,34,6,Big,3,Lean hips,,Big · Lean hips
Carmel Starr,163,48,32DD,37.0,22,32,6,Big,1,Straight,,Big · Straight
Carmella Bing,178,60,38H,49.0,26,36,8,Massive,4,Average hips,,Massive · Average hips
Carmen Caliente,170,57,34C,37.0,25,42,4,Average,8,Voluptuous,,Voluptuous · Average
Carmen Callaway,165,52,32A,33.0,25,36,1,Flat,5,Curvy,,Curvy · Flat
Carmen Croft,176,61,36D,40.0,27,38,5,Full,6,Very Curvy,,Very Curvy · Full
Carmen Gemini,175,58,34D,38.0,27,36,5,Full,4,Average hips,,Full · Average hips
Carmen Hayes,173,61,36FF,44.0,28,42,7,Huge,8,Voluptuous,,Voluptuous · Huge
Carmen Kinsley,160,62,34C,37.0,27,40,4,Average,8,Voluptuous,,Voluptuous · Average
Carmen Luvana,157,45,34C,37.0,24,36,4,Average,5,Curvy,,Curvy · Average
Carmen McCarthy,175,61,36D,40.0,29,38,5,Full,6,Very Curvy,,Very Curvy · Full
Carol Castro,173,54,34C,37.0,23,34,4,Average,2,Slim hips,,Average · Slim hips
Carol Ferrer,171,60,34D,38.0,25,38,5,Full,6,Very Curvy,,Very Curvy · Full
Carol Miller,162,46,34D,38.0,23,31,5,Full,1,Straight,,Full · Straight
Carol Sampaio,157,50,34B,36.0,23,34,3,Modest,3,Lean hips,,Modest · Lean hips
Carol Vega,173,60,34B,36.0,24,35,2,Small,3,Lean hips,,Lean hips · Small
Carolina Abril,166,51,34C,37.0,25,34,4,Average,3,Lean hips,,Average · Lean hips
Carolina Cortez,170,67,36C,39.0,26,36,4,Average,5,Curvy,,Curvy · Average
Carolina Sweets,157,46,32B,34.0,24,34,3,Modest,3,Lean hips,,Modest · Lean hips
Caroline Ardolino,162,48,33A,34.0,26,35,1,Flat,4,Average hips,,Average hips · Flat
Caroline Cross,161,55,34A,35.0,28,34,1,Flat,3,Lean hips,,Lean hips · Flat
Caroline De Jaie,163,50,34C,37.0,23,34,4,Average,3,Lean hips,,Average · Lean hips
Caroline Pierce,167,64,36B,38.0,28,42,2,Small,8,Voluptuous,,Voluptuous · Small
Caroline Ray,160,48,36C,39.0,24,38,4,Average,7,Thick,,Thick · Average
Carolyn Reese,165,55,36D,40.0,27,36,5,Full,5,Curvy,,Full · Curvy
Carrie Ann,163,54,34D,38.0,27,36,5,Full,5,Curvy,,Full · Curvy
Carrie Brooks,162,50,34C,37.0,22,34,4,Average,3,Lean hips,,Average · Lean hips
Carrie Quintana,157,41,34A,35.0,25,34,2,Small,3,Lean hips,Petite,Lean hips · Small · Petite
Carter Cruise,162,57,34C,37.0,24,32,4,Average,1,Straight,,Average · Straight
Casey Ballerini,157,54,36D,40.0,24,36,6,Big,5,Curvy,,Big · Curvy
Casey Calvert,160,50,34B,36.0,25,34,3,Modest,3,Lean hips,,Modest · Lean hips
Casey Cumz,147,50,34E,40.0,24,36,7,Huge,6,Very Curvy,,Huge · Very Curvy
Casi James,160,48,32B,34.0,28,36,3,Modest,5,Curvy,,Curvy · Modest
Cassandra Calogera,163,55,36DD,41.0,26,34,6,Big,3,Lean hips,,Big · Lean hips
Cassandra Cruz,155,49,34C,37.0,24,35,4,Average,5,Curvy,,Curvy · Average
Cassandra Nix,172,53,34A,35.0,28,32,1,Flat,1,Straight,,Flat · Straight
Cassidey,168,47,34B,36.0,24,34,2,Small,3,Lean hips,Petite,Lean hips · Small · Petite
Cassidi Jai,158,77,34J,47.0,32,43,8,Massive,8,Voluptuous,BBW,Massive · Voluptuous · BBW
Cassidy Blue,178,61,36D,40.0,25,36,5,Full,4,Average hips,,Full · Average hips
Cassidy Clay,165,57,34D,38.0,24,38,5,Full,7,Thick,,Thick · Full
Cassidy Klein,160,49,32B,34.0,24,32,3,Modest,2,Slim hips,,Modest · Slim hips
Cassidy Ryan,160,54,32B,34.0,24,34,3,Modest,3,Lean hips,,Modest · Lean hips
Cassie Del Isla,168,55,33B,35.0,24,34,2,Small,3,Lean hips,,Lean hips · Small
Cassie Fire,167,57,34B,36.0,25,36,2,Small,5,Curvy,,Curvy · Small
Cassie Laine,155,43,32B,34.0,23,34,3,Modest,4,Average hips,,Average hips · Modest
Cassie Young,170,54,34C,37.0,25,33,4,Average,2,Slim hips,,Average · Slim hips
Cat Bangles,170,72,36DDD,42.0,30,38,7,Huge,7,Thick,,Huge · Thick
Catalina,157,43,33D,37.0,21,32,6,Big,2,Slim hips,Petite,Big · Slim hips · Petite
Catalina Cruz,160,45,32E,38.0,23,33,7,Huge,2,Slim hips,,Huge · Slim hips
Catalina Ossa,160,45,32B,34.0,24,34,3,Modest,3,Lean hips,,Modest · Lean hips
Catalina Rose,162,57,34D,38.0,27,38,5,Full,7,Thick,,Thick · Full
Catarina Petrov,157,43,32B,34.0,23,33,3,Modest,2,Slim hips,Petite,Modest · Slim hips · Petite
Cate Harrington,160,48,32DD,37.0,26,33,6,Big,2,Slim hips,,Big · Slim hips
CateVicious,162,44,32D,36.0,24,34,5,Full,3,Lean hips,Petite,Full · Lean hips · Petite
Cathy Heaven,170,60,34GG,44.0,24,34,8,Massive,3,Lean hips,,Massive · Lean hips
Cathy Oakely,158,48,32B,34.0,25,34,3,Modest,3,Lean hips,,Modest · Lean hips
Cayden Moore,163,55,32C,35.0,26,32,4,Average,1,Straight,,Average · Straight
Cayenne Klein,170,51,34B,36.0,24,34,2,Small,3,Lean hips,,Lean hips · Small
CeCe Capella,171,52,32D,36.0,24,32,5,Full,1,Straight,,Full · Straight
CeCe Stone,170,57,34B,36.0,26,36,2,Small,5,Curvy,,Curvy · Small
Cecilia Scott,165,57,34A,35.0,24,36,1,Flat,5,Curvy,,Curvy · Flat
Cecilia Vega,163,49,34C,37.0,24,36,4,Average,5,Curvy,,Curvy · Average
Ceira Roberts,173,55,36D,40.0,26,35,5,Full,3,Lean hips,,Full · Lean hips
Celestia Star,170,55,34D,38.0,25,36,5,Full,5,Curvy,,Full · Curvy
Celina Cross,168,55,34B,36.0,24,34,2,Small,3,Lean hips,,Lean hips · Small
Celina Davis,155,47,36D,40.0,27,32,6,Big,2,Slim hips,,Big · Slim hips
Celine Noiret,175,57,36C,39.0,26,34,4,Average,2,Slim hips,,Average · Slim hips
Chanel Chavez,155,48,34B,36.0,24,36,3,Modest,6,Very Curvy,,Very Curvy · Modest
Chanel Collins,162,55,34C,37.0,24,36,4,Average,5,Curvy,,Curvy · Average
Chanel Grey,173,55,32A,33.0,28,38,1,Flat,6,Very Curvy,,Very Curvy · Flat
Chanel Preston,173,59,32D,36.0,27,37,5,Full,6,Very Curvy,,Very Curvy · Full
Chanel Rae,172,58,32C,35.0,24,34,4,Average,2,Slim hips,,Average · Slim hips
Chanel Santini,172,57,34C,37.0,28,36,4,Average,4,Average hips,,Average · Average hips
Chanel Shortcake,162,41,30A,31.0,22,32,1,Flat,1,Straight,Petite,Flat · Straight · Petite
Chanel Skye,165,55,32A,33.0,23,32,1,Flat,1,Straight,,Flat · Straight
Chanel Summers,167,53,32C,35.0,23,34,4,Average,3,Lean hips,,Average · Lean hips
Chanell Heart,163,55,32B,34.0,24,36,3,Modest,5,Curvy,,Curvy · Modest
Chantal Ferrera,160,59,34D,38.0,26,37,6,Big,6,Very Curvy,,Big · Very Curvy
Chantell Merino,170,67,36B,38.0,30,42,2,Small,8,Voluptuous,,Voluptuous · Small
Chantelle Fox,155,50,32F,39.0,26,34,7,Huge,4,Average hips,,Huge · Average hips
Chapel Waste,175,57,32C,35.0,26,36,4,Average,4,Average hips,,Average · Average hips
Charisma Cappelli,157,57,34D,38.0,27,32,6,Big,2,Slim hips,,Big · Slim hips
Charisma Gold,162,50,32E,38.0,25,36,7,Huge,5,Curvy,,Huge · Curvy
Charity McLain,152,52,34DDD,40.0,22,32,7,Huge,2,Slim hips,,Huge · Slim hips
Charlee Chase,173,61,34DD,39.0,27,35,6,Big,3,Lean hips,,Big · Lean hips
Charlee Monroe,173,55,34B,36.0,23,36,2,Small,4,Average hips,,Average hips · Small
Charley Chase,157,55,34D,38.0,25,36,6,Big,5,Curvy,,Big · Curvy
Charli Baker,163,48,32A,33.0,24,34,1,Flat,3,Lean hips,,Lean hips · Flat
Charli Maverick,161,48,32B,34.0,24,36,3,Modest,5,Curvy,,Curvy · Modest
Charli Piper,160,53,34B,36.0,27,34,3,Modest,3,Lean hips,,Modest · Lean hips
Charli Red,170,57,30B,32.0,26,34,2,Small,3,Lean hips,,Lean hips · Small
Charli Romano,168,51,32B,34.0,25,32,2,Small,1,Straight,,Small · Straight
Charli Shiin,157,50,34B,36.0,24,34,3,Modest,3,Lean hips,,Modest · Lean hips
Charlie James,178,72,36DD,41.0,30,34,6,Big,2,Slim hips,,Big · Slim hips
Charlie Laine,163,46,32B,34.0,23,33,3,Modest,2,Slim hips,Petite,Modest · Slim hips · Petite
Charlie Rae,158,55,36B,38.0,27,38,3,Modest,7,Thick,,Thick · Modest
Charlotte Cross,163,52,34C,37.0,24,36,4,Average,5,Curvy,,Curvy · Average
Charlotte Sartre,160,46,32A,33.0,22,32,1,Flat,2,Slim hips,,Slim hips · Flat
Charlotte Stokely,160,48,34B,36.0,24,36,3,Modest,5,Curvy,,Curvy · Modest
Charlotte Vale,165,61,36C,39.0,25,37,4,Average,6,Very Curvy,,Very Curvy · Average
Charlyse Bella,175,59,36B,38.0,24,34,2,Small,2,Slim hips,,Small · Slim hips
Charmane Star,152,41,34C,37.0,22,34,5,Full,4,Average hips,,Full · Average hips
Chase Ryder,163,51,32C,35.0,24,36,4,Average,5,Curvy,,Curvy · Average
Chasey Lain,167,52,36D,40.0,23,34,5,Full,3,Lean hips,,Full · Lean hips
Chastity Lynn,170,52,34B,36.0,23,34,2,Small,3,Lean hips,,Lean hips · Small
Chavon Taylor,154,52,34E,40.0,28,38,7,Huge,7,Thick,,Huge · Thick
Chayse Evans,168,55,36B,38.0,25,37,2,Small,6,Very Curvy,,Very Curvy · Small
Chelsea Zinn,163,55,36C,39.0,27,34,4,Average,3,Lean hips,,Average · Lean hips
Chelsey Lanette,178,55,34D,38.0,28,39,5,Full,7,Thick,Petite,Thick · Full · Petite
Chelsie Rae,157,55,34A,35.0,25,37,2,Small,6,Very Curvy,,Very Curvy · Small
Chelsy Sun,172,50,30B,32.0,25,33,2,Small,1,Straight,Petite,Small · Straight · Petite
Chennin Blanc,163,52,36C,39.0,25,36,4,Average,5,Curvy,,Curvy · Average
Cherie Deville,165,50,32DD,37.0,23,35,6,Big,4,Average hips,,Big · Average hips
Cherokee,150,50,36C,39.0,24,36,5,Full,6,Very Curvy,,Very Curvy · Full
Cherokee D Ass,165,67,36D,40.0,30,52,5,Full,8,Voluptuous,,Voluptuous · Full
Cherry Hilson,173,59,36D,40.0,24,37,5,Full,6,Very Curvy,,Very Curvy · Full
Cherry Kiss,173,55,34B,36.0,24,35,2,Small,3,Lean hips,,Lean hips · Small
Cherry Lane,170,59,34A,35.0,24,34,1,Flat,3,Lean hips,,Lean hips · Flat
Cherry Morgan,175,64,36D,40.0,28,38,5,Full,6,Very Curvy,,Very Curvy · Full
Cherry Poppens,163,51,36C,39.0,24,34,4,Average,3,Lean hips,,Average · Lean hips
Cherry Torn,170,52,34D,38.0,25,36,5,Full,5,Curvy,,Full · Curvy
Chessie Kay,166,50,30G,39.0,24,35,8,Massive,4,Average hips,,Massive · Average hips
Chevy Cobain,168,125,40H,51.0,38,52,8,Massive,8,Voluptuous,BBW,Massive · Voluptuous · BBW
Cheyenne Hunter,160,41,36D,40.0,24,34,6,Big,3,Lean hips,Petite,Big · Lean hips · Petite
Cheyenne Jewel,166,58,34B,36.0,26,36,2,Small,5,Curvy,,Curvy · Small
Chi Chi Medina,157,50,32A,33.0,24,34,2,Small,3,Lean hips,,Lean hips · Small
Chicas Place,157,50,34D,38.0,25,34,6,Big,3,Lean hips,,Big · Lean hips
Chihiro Narushima,159,50,32B,34.0,22,31,3,Modest,1,Straight,,Modest · Straight
Chika Ishihara,165,49,32C,35.0,22,32,4,Average,1,Straight,,Average · Straight
Chiqui Dulce,159,50,32B,34.0,24,32,3,Modest,2,Slim hips,,Modest · Slim hips
Chisa Hoshino,168,52,34G,43.0,21,33,8,Massive,2,Slim hips,,Massive · Slim hips
Chiyuki Makimoto,154,51,33D,37.0,23,32,6,Big,2,Slim hips,,Big · Slim hips
Chloe 18,150,38,32A,33.0,20,32,2,Small,2,Slim hips,Petite,Small · Slim hips · Petite
Chloe Addison,152,46,32D,36.0,24,34,6,Big,4,Average hips,,Big · Average hips
Chloe Brooke,168,50,32A,33.0,29,34,1,Flat,3,Lean hips,,Lean hips · Flat
Chloe Carter,158,55,33A,34.0,26,37,1,Flat,6,Very Curvy,,Very Curvy · Flat
Chloe Chaos,154,49,32D,36.0,25,33,6,Big,2,Slim hips,,Big · Slim hips
Chloe Conrad,175,50,34D,38.0,26,39,5,Full,7,Thick,Petite,Thick · Full · Petite
Chloe Couture,170,57,32A,33.0,24,34,1,Flat,3,Lean hips,,Lean hips · Flat
Chloe Devine,157,52,32B,34.0,26,28,3,Modest,1,Straight,,Modest · Straight
Chloe Dior,168,55,36C,39.0,24,36,4,Average,5,Curvy,,Curvy · Average
Chloe Foster,157,47,32A,33.0,24,32,2,Small,2,Slim hips,,Small · Slim hips
Chloe Lacourt,163,48,32D,36.0,24,35,5,Full,4,Average hips,,Full · Average hips
Chloe Lamour,167,70,36E,42.0,25,39,7,Huge,7,Thick,,Huge · Thick
Chloe Lynn,162,52,34B,36.0,26,34,3,Modest,3,Lean hips,,Modest · Lean hips
Chloe Nicole,165,52,32AA,32.0,25,34,1,Flat,3,Lean hips,,Lean hips · Flat
Chloe Reese Carter,163,61,34G,43.0,25,38,8,Massive,7,Thick,,Massive · Thick
Chloe Scott,172,59,34B,36.0,24,34,2,Small,2,Slim hips,,Small · Slim hips
Chloe Skyy,163,44,32A,33.0,24,30,1,Flat,1,Straight,Petite,Flat · Straight · Petite
Chloe Temple,160,45,32B,34.0,24,35,3,Modest,4,Average hips,,Average hips · Modest
Chloe Vevrier,160,55,46K,57.0,26,36,8,Massive,5,Curvy,,Massive · Curvy
Chrissy Fox,166,61,36C,39.0,25,38,4,Average,7,Thick,,Thick · Average
Chrissy Greene,162,59,34DD,39.0,28,37,6,Big,6,Very Curvy,,Big · Very Curvy
Christen Courtney,170,59,34C,37.0,25,38,4,Average,7,Thick,,Thick · Average
Christi Lake,175,55,34C,37.0,24,34,4,Average,2,Slim hips,,Average · Slim hips
Christie Lee,152,49,34B,36.0,24,35,3,Modest,5,Curvy,,Curvy · Modest
Christie Stevens,158,52,35D,39.0,26,34,6,Big,3,Lean hips,,Big · Lean hips
Christina Aguchi,163,59,36D,40.0,27,38,5,Full,7,Thick,,Thick · Full
Christina Jolie,178,62,34D,38.0,29,38,5,Full,6,Very Curvy,,Very Curvy · Full
Christina Lee,157,50,34B,36.0,24,37,3,Modest,6,Very Curvy,,Very Curvy · Modest
Christina Moure,157,53,34B,36.0,24,36,3,Modest,5,Curvy,,Curvy · Modest
Christina Shine,157,52,34D,38.0,24,35,6,Big,4,Average hips,,Big · Average hips
Christina Shmidt,165,60,34D,38.0,24,36,5,Full,5,Curvy,,Full · Curvy
Christina Skye,178,59,34DD,39.0,28,32,6,Big,1,Straight,,Big · Straight
Christine Alexis,165,48,34B,36.0,24,35,3,Modest,4,Average hips,,Average hips · Modest
Christine Roberts,155,55,34C,37.0,22,34,4,Average,4,Average hips,,Average · Average hips
Christine Young,157,48,34C,37.0,23,33,4,Average,2,Slim hips,,Average · Slim hips
Christy Canyon,170,56,36DD,41.0,24,36,6,Big,5,Curvy,,Big · Curvy
Christy Charming,168,49,30C,33.0,24,32,4,Average,1,Straight,Petite,Average · Straight · Petite
Christy Love,165,52,32A,33.0,24,32,1,Flat,1,Straight,,Flat · Straight
Christy Lynn,172,50,32A,33.0,23,34,1,Flat,2,Slim hips,Petite,Slim hips · Flat · Petite
Christy Mack,154,48,34D,38.0,22,36,6,Big,6,Very Curvy,,Big · Very Curvy
Christy Marks,162,61,36HH,48.0,28,36,8,Massive,5,Curvy,,Massive · Curvy
Chyanne Jacobs,165,59,34C,37.0,26,38,4,Average,7,Thick,,Thick · Average
Ciara Blue,152,51,36DD,41.0,24,34,6,Big,4,Average hips,,Big · Average hips
Cici Amor,157,45,32B,34.0,24,31,3,Modest,1,Straight,,Modest · Straight
Ciera Sage,173,58,34C,37.0,26,34,4,Average,2,Slim hips,,Average · Slim hips
Cikita,167,50,34DD,39.0,25,35,6,Big,4,Average hips,,Big · Average hips
Cindy Behr,165,52,34DDD,40.0,25,33,7,Huge,2,Slim hips,,Huge · Slim hips
Cindy Crawford,163,43,33C,36.0,25,33,4,Average,2,Slim hips,Petite,Average · Slim hips · Petite
Cindy Dee,162,49,34B,36.0,25,35,3,Modest,4,Average hips,,Average hips · Modest
Cindy Dollar,160,56,34D,38.0,25,35,6,Big,4,Average hips,,Big · Average hips
Cindy Hope,168,50,32C,35.0,23,34,4,Average,3,Lean hips,,Average · Lean hips
Cindy Jays,155,45,34B,36.0,24,34,3,Modest,4,Average hips,,Average hips · Modest
Cindy Loo,165,49,33B,35.0,24,35,3,Modest,4,Average hips,,Average hips · Modest
Cindy Shine,169,49,32A,33.0,24,36,1,Flat,5,Curvy,Petite,Curvy · Flat · Petite
Cindy Starfall,154,43,32A,33.0,24,34,2,Small,4,Average hips,,Average hips · Small
Cindy Sun,165,48,30G,39.0,26,32,8,Massive,1,Straight,,Massive · Straight
Cinthia Santos,170,54,34C,37.0,26,38,4,Average,7,Thick,,Thick · Average
Cipriana Maxima,170,50,32B,34.0,24,36,2,Small,5,Curvy,Petite,Curvy · Small · Petite
Claire Adams,168,57,34B,36.0,26,36,2,Small,5,Curvy,,Curvy · Small
Claire Black,157,43,32D,36.0,24,32,6,Big,2,Slim hips,Petite,Big · Slim hips · Petite
Claire Castel,166,49,34C,37.0,24,36,4,Average,5,Curvy,,Curvy · Average
Claire Dames,163,61,34F,41.0,26,36,7,Huge,5,Curvy,,Huge · Curvy
Claire Heart,160,50,34B,36.0,26,34,3,Modest,3,Lean hips,,Modest · Lean hips
Claire Robbins,160,57,34A,35.0,25,35,1,Flat,4,Average hips,,Average hips · Flat
Clara G.,170,48,33C,36.0,23,33,4,Average,2,Slim hips,Petite,Average · Slim hips · Petite
Claudia Adams,165,46,34C,37.0,23,35,4,Average,4,Average hips,Petite,Average · Average hips · Petite
Claudia Adkins,160,45,34B,36.0,23,32,3,Modest,2,Slim hips,,Modest · Slim hips
Claudia Bavel,162,57,34C,37.0,25,35,4,Average,4,Average hips,,Average · Average hips
Claudia Bomb,165,52,34DD,39.0,24,34,6,Big,3,Lean hips,,Big · Lean hips
Claudia Downs,170,61,36C,39.0,27,36,4,Average,5,Curvy,,Curvy · Average
Claudia Kealoha,168,54,36DD,41.0,26,36,6,Big,5,Curvy,,Big · Curvy
Claudia Mac,170,50,32B,34.0,23,33,2,Small,2,Slim hips,Petite,Small · Slim hips · Petite
Claudia Rossi,165,50,34B,36.0,25,35,3,Modest,4,Average hips,,Average hips · Modest
Claudia Valentine,167,55,34D,38.0,27,33,5,Full,2,Slim hips,,Full · Slim hips
Clea Gaultier,165,49,35B,37.0,23,35,3,Modest,4,Average hips,,Average hips · Modest
Cleo Clementine,153,55,32A,33.0,25,35,2,Small,5,Curvy,,Curvy · Small
Cleo Summers,172,61,32E,38.0,26,34,7,Huge,2,Slim hips,,Huge · Slim hips
Cleo Vixen,154,45,32A,33.0,24,36,2,Small,6,Very Curvy,,Very Curvy · Small
Cleopatra Rios,160,49,33B,35.0,24,35,3,Modest,4,Average hips,,Average hips · Modest
Coco De Mal,170,53,34B,36.0,25,38,2,Small,7,Thick,,Thick · Small
Coco Kiss,172,56,35A,36.0,23,35,1,Flat,3,Lean hips,,Lean hips · Flat
Coco Vandi,175,66,36DDD,42.0,24,38,6,Big,6,Very Curvy,,Big · Very Curvy
Coco Velvet,172,56,32A,33.0,24,34,1,Flat,2,Slim hips,,Slim hips · Flat
Codi Carmichael,165,54,34D,38.0,25,36,5,Full,5,Curvy,,Full · Curvy
Cody Lane,163,52,36C,39.0,25,35,4,Average,4,Average hips,,Average · Average hips
Cody Love,170,55,34C,37.0,24,34,4,Average,3,Lean hips,,Average · Lean hips
Coffee Brown,170,59,36B,38.0,24,36,2,Small,5,Curvy,,Curvy · Small
Colette W,166,52,40C,43.0,25,35,4,Average,4,Average hips,,Average · Average hips
Connie Carter,173,55,36D,40.0,27,38,5,Full,6,Very Curvy,,Very Curvy · Full
Constance Devil,163,61,38F,45.0,33,40,7,Huge,7,Thick,,Huge · Thick
Cora Carina,170,55,32A,33.0,24,34,1,Flat,3,Lean hips,,Lean hips · Flat
Coral Sands,173,59,34C,37.0,26,36,4,Average,4,Average hips,,Average · Average hips
Coralee Summers,157,48,32A,33.0,24,28,2,Small,1,Straight,,Small · Straight
Corazon Del Angel,170,60,34B,36.0,25,36,2,Small,5,Curvy,,Curvy · Small
Corinna Blake,160,51,34E,40.0,24,34,7,Huge,3,Lean hips,,Huge · Lean hips
Cory Baby,157,45,32A,33.0,23,33,2,Small,2,Slim hips,,Small · Slim hips
Cory Chase,165,49,34C,37.0,25,33,4,Average,2,Slim hips,,Average · Slim hips
Cory Everson,160,50,34DD,39.0,27,37,6,Big,6,Very Curvy,,Big · Very Curvy
Cosima Dunkin,175,57,34B,36.0,31,34,2,Small,2,Slim hips,,Small · Slim hips
Courtney Cummz,170,56,34D,38.0,29,36,5,Full,5,Curvy,,Full · Curvy
Courtney James,157,56,33B,35.0,26,34,3,Modest,3,Lean hips,,Modest · Lean hips
Courtney Shea,171,61,36C,39.0,25,36,4,Average,4,Average hips,,Average · Average hips
Courtney Simpson,157,45,34A,35.0,24,34,2,Small,3,Lean hips,,Lean hips · Small
Courtney Taylor,175,60,34E,40.0,24,36,6,Big,4,Average hips,,Big · Average hips
Cris Taliana,155,50,32B,34.0,24,34,3,Modest,4,Average hips,,Average hips · Modest
Crissy Cums,168,57,32C,35.0,26,34,4,Average,3,Lean hips,,Average · Lean hips
Crissy Moon,165,57,32B,34.0,27,37,3,Modest,6,Very Curvy,,Very Curvy · Modest
Crissy Moran,154,45,34D,38.0,23,35,6,Big,5,Curvy,,Big · Curvy
Crista Moore,155,50,34D,38.0,25,34,6,Big,4,Average hips,,Big · Average hips
Cristal Cherry,167,53,34C,37.0,24,35,4,Average,4,Average hips,,Average · Average hips
Cristal Cortez,154,57,34C,37.0,26,34,5,Full,4,Average hips,,Full · Average hips
Cristi Ann,157,57,34D,38.0,27,38,6,Big,7,Thick,,Thick · Big
Cristina Agave,157,52,34A,35.0,28,36,2,Small,5,Curvy,,Curvy · Small
Cristina Miller,157,50,36DD,41.0,23,35,6,Big,4,Average hips,,Big · Average hips
Crystal Clark,162,55,32C,35.0,24,36,4,Average,5,Curvy,,Curvy · Average
Crystal Clear,163,52,34B,36.0,27,34,3,Modest,3,Lean hips,,Modest · Lean hips
Crystal Greenvelle,160,50,32D,36.0,24,32,6,Big,2,Slim hips,,Big · Slim hips
Crystal Jewels,166,60,36C,39.0,28,34,4,Average,3,Lean hips,,Average · Lean hips
Crystal Lopez,162,50,34C,37.0,27,32,4,Average,1,Straight,,Average · Straight
Crystal Maiden,172,53,35B,37.0,26,35,2,Small,3,Lean hips,,Lean hips · Small
Crystal Raye,170,51,32B,34.0,24,32,2,Small,1,Straight,,Small · Straight
Crystal Rush,160,45,34C,37.0,24,36,4,Average,5,Curvy,,Curvy · Average
Crystal Young,155,48,34D,38.0,28,36,6,Big,6,Very Curvy,,Big · Very Curvy
Curvy Claire,160,75,32HH,44.0,34,38,8,Massive,7,Thick,,Massive · Thick
Cute Cristina,165,48,31B,33.0,25,32,3,Modest,1,Straight,,Modest · Straight
Cynthia Flowers,170,62,36G,45.0,29,36,7,Huge,5,Curvy,,Huge · Curvy
Cynthia Vellons,165,47,34D,38.0,26,36,5,Full,5,Curvy,Petite,Full · Curvy · Petite
Cyprus Isles,170,50,32B,34.0,23,34,2,Small,3,Lean hips,Petite,Lean hips · Small · Petite
Cyrstal Rae,154,50,34D,38.0,26,32,6,Big,2,Slim hips,,Big · Slim hips
Cytherea,160,48,32D,36.0,23,33,6,Big,2,Slim hips,,Big · Slim hips
Dacey Harlot,155,48,32A,33.0,24,34,2,Small,4,Average hips,,Average hips · Small
Dahlia Denyle,160,52,34B,36.0,24,34,3,Modest,3,Lean hips,,Modest · Lean hips
Dahlia Sky,168,58,34C,37.0,24,33,4,Average,2,Slim hips,,Average · Slim hips
Daiana King,157,48,32A,33.0,23,35,2,Small,4,Average hips,,Average hips · Small
Daisy Cruz,163,48,34D,38.0,22,32,5,Full,1,Straight,,Full · Straight
Daisy Dalton,161,52,34A,35.0,24,35,1,Flat,4,Average hips,,Average hips · Flat
Daisy Ducati,175,59,33B,35.0,26,34,2,Small,2,Slim hips,,Small · Slim hips
Daisy Dukes,163,50,34D,38.0,24,32,5,Full,1,Straight,,Full · Straight
Daisy Layne,180,52,34B,36.0,27,37,2,Small,6,Very Curvy,Petite,Very Curvy · Small · Petite
Daisy Lee,167,53,36B,38.0,25,36,2,Small,5,Curvy,,Curvy · Small
Daisy Monroe,153,45,32DD,37.0,23,33,6,Big,2,Slim hips,,Big · Slim hips
Daisy Stone,173,52,32C,35.0,26,34,4,Average,2,Slim hips,Petite,Average · Slim hips · Petite
Daisy Summers,157,47,30B,32.0,24,32,3,Modest,2,Slim hips,,Modest · Slim hips
Daizy Cooper,155,50,34B,36.0,24,35,3,Modest,5,Curvy,,Curvy · Modest
Dakoda Brookes,160,52,32A,33.0,24,34,1,Flat,3,Lean hips,,Lean hips · Flat
Dakota Bleu,157,48,32C,35.0,25,34,4,Average,3,Lean hips,,Average · Lean hips
Dakota Charms,160,52,36A,37.0,26,38,1,Flat,7,Thick,,Thick · Flat
Dakota James,166,52,34B,36.0,25,31,2,Small,1,Straight,,Small · Straight
Dakota Skye,157,45,32B,34.0,25,36,3,Modest,5,Curvy,,Curvy · Modest
Dallas Black,158,45,32B,34.0,23,34,3,Modest,3,Lean hips,,Modest · Lean hips
Dallas Diamondz,172,61,34D,38.0,28,38,5,Full,6,Very Curvy,,Very Curvy · Full
Damaris X,168,55,36D,40.0,24,37,5,Full,6,Very Curvy,,Very Curvy · Full
Dana C Ashley,170,55,32C,35.0,23,35,4,Average,4,Average hips,,Average · Average hips
Dana DeArmond,173,61,32C,35.0,26,37,4,Average,6,Very Curvy,,Very Curvy · Average
Dana Hayes,173,66,40DD,45.0,30,38,6,Big,6,Very Curvy,,Big · Very Curvy
Dana Lightspeed,170,51,34B,36.0,27,35,2,Small,4,Average hips,,Average hips · Small
Dana Vespoli,170,52,34C,37.0,24,36,4,Average,5,Curvy,,Curvy · Average
Dana Weyron,170,55,36D,40.0,25,36,5,Full,5,Curvy,,Full · Curvy
Dana Wolf,175,52,34C,37.0,24,34,4,Average,2,Slim hips,Petite,Average · Slim hips · Petite
Dani Blu,155,46,32A,33.0,22,32,2,Small,2,Slim hips,,Small · Slim hips
Dani Daniels,170,55,34C,37.0,25,38,4,Average,7,Thick,,Thick · Average
Dani Dare,157,55,34DD,39.0,27,33,6,Big,2,Slim hips,,Big · Slim hips
Dani Desire,170,57,32A,33.0,24,32,1,Flat,1,Straight,,Flat · Straight
Dani Dolce,160,66,34D,38.0,33,42,6,Big,8,Voluptuous,,Voluptuous · Big
Dani Jensen,154,47,32C,35.0,24,30,5,Full,1,Straight,,Full · Straight
Dani Lynn,154,45,34B,36.0,24,34,3,Modest,4,Average hips,,Average hips · Modest
Dani Woodward,165,55,34B,36.0,26,34,3,Modest,3,Lean hips,,Modest · Lean hips
Danica Dillan,160,53,34DD,39.0,27,34,6,Big,3,Lean hips,,Big · Lean hips
Danica James,187,61,34D,38.0,27,39,5,Full,6,Very Curvy,Petite,Very Curvy · Full · Petite
Daniella English,172,56,34G,43.0,30,44,7,Huge,8,Voluptuous,,Voluptuous · Huge
Daniella Rose,170,48,33A,34.0,24,34,1,Flat,3,Lean hips,Petite,Lean hips · Flat · Petite
Daniella Rush,165,49,37C,40.0,23,35,4,Average,4,Average hips,,Average · Average hips
Danielle Derek,165,46,34HH,46.0,23,32,8,Massive,1,Straight,Petite,Massive · Straight · Petite
Danielle FTV,167,61,38C,41.0,27,37,4,Average,6,Very Curvy,,Very Curvy · Average
Danielle Rogers,175,56,34E,40.0,24,34,6,Big,2,Slim hips,,Big · Slim hips
Danielle Soul,160,53,36B,38.0,26,37,3,Modest,6,Very Curvy,,Very Curvy · Modest
Danni Cole,165,43,32D,36.0,24,34,5,Full,3,Lean hips,Petite,Full · Lean hips · Petite
Danni Lynne,168,66,36E,42.0,24,34,7,Huge,3,Lean hips,,Huge · Lean hips
Danni Rivers,160,50,32B,34.0,24,34,3,Modest,3,Lean hips,,Modest · Lean hips
Daphne Daniels,167,114,48D,52.0,44,50,5,Full,8,Voluptuous,BBW,Voluptuous · Full · BBW
Daphne Dare,152,45,30A,31.0,25,34,2,Small,4,Average hips,,Average hips · Small
Daphne Klyde,168,59,36B,38.0,24,36,2,Small,5,Curvy,,Curvy · Small
Daphne Rosen,160,59,34G,43.0,24,38,8,Massive,7,Thick,,Massive · Thick
Darce Lee,170,55,36D,40.0,24,36,5,Full,5,Curvy,,Full · Curvy
Darcie Belle,154,48,34C,37.0,24,34,5,Full,4,Average hips,,Full · Average hips
Darcy Tyler,173,57,34D,38.0,27,37,5,Full,6,Very Curvy,,Very Curvy · Full
Daria Glover,163,52,35D,39.0,26,37,5,Full,6,Very Curvy,,Very Curvy · Full
Darla Crane,167,57,34DD,39.0,26,35,6,Big,4,Average hips,,Big · Average hips
Darling Deicide,163,50,34B,36.0,30,32,3,Modest,1,Straight,,Modest · Straight
Darryl Hanah,178,61,36D,40.0,27,37,5,Full,6,Very Curvy,,Very Curvy · Full
Daryn Darby,175,61,36C,39.0,26,34,4,Average,2,Slim hips,,Average · Slim hips
Dasani Lezian,157,52,34C,37.0,24,34,4,Average,3,Lean hips,,Average · Lean hips
Dava Foxx,165,49,34C,37.0,24,35,4,Average,4,Average hips,,Average · Average hips
Davia Ardell,150,55,36D,40.0,23,35,6,Big,6,Very Curvy,,Big · Very Curvy
Dawn Allison,163,57,32DDD,38.0,25,36,7,Huge,5,Curvy,,Huge · Curvy
Dawn Phoenix,165,59,38G,47.0,28,38,8,Massive,7,Thick,,Massive · Thick
Daya Knight,167,57,34DD,39.0,26,38,6,Big,7,Thick,,Thick · Big
Dayna Vendetta,165,61,34DD,39.0,27,35,6,Big,4,Average hips,,Big · Average hips
Dayton Rains,154,49,34DD,39.0,24,34,6,Big,4,Average hips,,Big · Average hips
Daytona X,168,55,34C,37.0,24,35,4,Average,4,Average hips,,Average · Average hips
Deauxma,170,61,32G,41.0,25,35,7,Huge,4,Average hips,,Huge · Average hips
Debbie Clark,170,58,34C,37.0,26,32,4,Average,1,Straight,,Average · Straight
Debbie Dial,170,57,34B,36.0,26,30,2,Small,1,Straight,,Small · Straight
Debbie White,165,51,34C,37.0,23,33,4,Average,2,Slim hips,,Average · Slim hips
Debi Diamond,182,57,34DD,39.0,26,37,6,Big,5,Curvy,Petite,Big · Curvy · Petite
Dee,165,47,34C,37.0,20,34,4,Average,3,Lean hips,Petite,Average · Lean hips · Petite
Dee Dee Deluxx,170,59,42H,53.0,22,34,8,Massive,3,Lean hips,,Massive · Lean hips
Dee Dee Lynn,170,49,32DD,37.0,24,32,6,Big,1,Straight,Petite,Big · Straight · Petite
Dee Delmar,168,61,36DD,41.0,26,36,6,Big,5,Curvy,,Big · Curvy
Dee Siren,155,59,36D,40.0,27,38,6,Big,7,Thick,,Thick · Big
Dee Williams,163,58,34DDD,40.0,27,36,7,Huge,5,Curvy,,Huge · Curvy
Deena Daniels,160,51,36B,38.0,26,36,3,Modest,5,Curvy,,Curvy · Modest
Deidre Holland,163,48,36C,39.0,24,34,4,Average,3,Lean hips,,Average · Lean hips
Deja Daire,173,54,34A,35.0,28,34,1,Flat,2,Slim hips,,Slim hips · Flat
Delilah Black,161,95,42DDD,48.0,35,47,7,Huge,8,Voluptuous,BBW,Voluptuous · Huge · BBW
Delilah Blue,171,59,36C,39.0,25,36,4,Average,4,Average hips,,Average · Average hips
Delilah Davis,165,52,34A,35.0,28,36,1,Flat,5,Curvy,,Curvy · Flat
Delilah Strong,175,59,36D,40.0,26,36,5,Full,4,Average hips,,Full · Average hips
Delirious Hunter,168,62,34B,36.0,28,39,2,Small,7,Thick,,Thick · Small
Della Dane,171,67,34D,38.0,28,42,5,Full,8,Voluptuous,,Voluptuous · Full
Delotta Brown,170,72,36I,45.0,28,40,8,Massive,7,Thick,,Massive · Thick
Delta White,154,52,30G,39.0,26,32,8,Massive,2,Slim hips,,Massive · Slim hips
Demi Dantric,171,50,34D,38.0,24,34,5,Full,2,Slim hips,Petite,Full · Slim hips · Petite
Demi Delia,160,47,36F,43.0,23,25,7,Huge,1,Straight,,Huge · Straight
Demi Rouge,165,55,32B,34.0,24,34,3,Modest,3,Lean hips,,Modest · Lean hips
Denice K,168,60,32C,35.0,24,34,4,Average,3,Lean hips,,Average · Lean hips
Denisa Heaven,157,50,34B,36.0,24,35,3,Modest,4,Average hips,,Average hips · Modest
Denise Everheart,170,59,34C,37.0,28,36,4,Average,5,Curvy,,Curvy · Average
Denise Sky,162,54,40A,41.0,25,36,1,Flat,5,Curvy,,Curvy · Flat
Desirae Spencer,175,70,34C,37.0,25,37,4,Average,6,Very Curvy,,Very Curvy · Average
Desire Moore,163,45,34B,36.0,24,34,3,Modest,3,Lean hips,Petite,Modest · Lean hips · Petite
Desiree Dalton,177,61,34D,38.0,26,37,5,Full,6,Very Curvy,,Very Curvy · Full
Desiree De Luca,168,59,34F,41.0,28,36,7,Huge,5,Curvy,,Huge · Curvy
Desiree Devine,183,132,44H,55.0,44,62,8,Massive,8,Voluptuous,BBW,Massive · Voluptuous · BBW
Desiree Lopez,149,50,34D,38.0,27,34,6,Big,4,Average hips,,Big · Average hips
Desiree Night,172,57,32DDD,38.0,25,37,7,Huge,6,Very Curvy,,Huge · Very Curvy
Desiree Vega,172,64,36G,45.0,28,42,7,Huge,8,Voluptuous,,Voluptuous · Huge
Destiny Dixon,176,57,34D,38.0,24,36,5,Full,4,Average hips,,Full · Average hips
Destiny Jaymes,171,57,34B,36.0,26,34,2,Small,2,Slim hips,,Small · Slim hips
Destiny Porter,172,57,34F,41.0,28,38,7,Huge,6,Very Curvy,,Huge · Very Curvy
Desyra Noir,172,65,30DD,35.0,24,36,6,Big,4,Average hips,,Big · Average hips
Devon,160,43,34D,38.0,24,34,6,Big,3,Lean hips,Petite,Big · Lean hips · Petite
Devon Green,162,58,32B,34.0,22,32,3,Modest,1,Straight,,Modest · Straight
Devon Lee,160,56,36DD,41.0,28,38,6,Big,7,Thick,,Thick · Big
Devon Michaels,157,52,38DD,43.0,24,34,6,Big,3,Lean hips,,Big · Lean hips
Devyn Cole,157,50,36DD,41.0,24,35,6,Big,4,Average hips,,Big · Average hips
Devyn Heart,163,55,34A,35.0,26,34,1,Flat,3,Lean hips,,Lean hips · Flat
Diamond Banks,172,57,34B,36.0,26,34,2,Small,2,Slim hips,,Small · Slim hips
Diamond Foxxx,162,47,32G,41.0,24,36,8,Massive,5,Curvy,,Massive · Curvy
Diamond Jackson,170,54,34DDD,40.0,24,34,7,Huge,3,Lean hips,,Huge · Lean hips
Diamond Kitty,160,51,34DD,39.0,24,36,6,Big,5,Curvy,,Big · Curvy
Diamond Monroe,162,67,36C,39.0,26,50,4,Average,8,Voluptuous,,Voluptuous · Average
Diana Dali,168,56,32B,34.0,24,34,2,Small,3,Lean hips,,Lean hips · Small
Diana Doll,168,50,34B,36.0,24,35,2,Small,4,Average hips,,Average hips · Small
Diana Eisley,158,61,32J,45.0,26,38,8,Massive,7,Thick,,Massive · Thick
Diana Gold,167,53,34C,37.0,25,35,4,Average,4,Average hips,,Average · Average hips
Diana Grace,165,57,34B,36.0,25,30,3,Modest,1,Straight,,Modest · Straight
Diana Lins,169,53,36C,39.0,28,40,4,Average,7,Thick,,Thick · Average
Diana Prince,175,57,34C,37.0,24,35,4,Average,3,Lean hips,,Average · Lean hips
Dillion Carter,168,55,34DD,39.0,24,36,6,Big,5,Curvy,,Big · Curvy
Dillion Harper,166,50,32D,36.0,24,36,5,Full,5,Curvy,,Full · Curvy
Dirty Tina,167,56,34E,40.0,26,36,7,Huge,5,Curvy,,Huge · Curvy
Dixie Belle,165,59,36C,39.0,25,35,4,Average,4,Average hips,,Average · Average hips
Dixie Brooks,157,48,34B,36.0,31,34,3,Modest,3,Lean hips,,Modest · Lean hips
Dixie Comet,162,59,34C,37.0,27,34,4,Average,3,Lean hips,,Average · Lean hips
Dixie Lynn,160,51,34C,37.0,26,36,4,Average,5,Curvy,,Curvy · Average
Dolce Vandela,168,55,32H,43.0,27,34,8,Massive,3,Lean hips,,Massive · Lean hips
Dollie Darko,155,49,32DD,37.0,23,34,6,Big,4,Average hips,,Big · Average hips
Dolly Darkley,167,50,33A,34.0,25,35,1,Flat,4,Average hips,,Average hips · Flat
Dolly Delight,170,55,34F,41.0,26,34,7,Huge,3,Lean hips,,Huge · Lean hips
Dolly Diore,170,55,36B,38.0,27,34,2,Small,3,Lean hips,,Lean hips · Small
Dolly Little,145,38,28A,29.0,22,32,2,Small,2,Slim hips,,Small · Slim hips
Dominica Leoni,159,49,34B,36.0,23,30,3,Modest,1,Straight,,Modest · Straight
Dominica Phoenix,165,59,34D,38.0,25,35,5,Full,4,Average hips,,Full · Average hips
Dominno,173,53,34F,41.0,23,34,7,Huge,2,Slim hips,,Huge · Slim hips
Donna Ambrose,169,62,34G,43.0,25,36,7,Huge,5,Curvy,,Huge · Curvy
Donna Bell,170,48,38D,42.0,27,38,5,Full,7,Thick,Petite,Thick · Full · Petite
Donna Doll,177,57,38DD,43.0,24,34,6,Big,2,Slim hips,,Big · Slim hips
Dora Venter,160,45,33B,35.0,23,33,3,Modest,2,Slim hips,,Modest · Slim hips
Dorothy Black,158,51,40D,44.0,24,35,6,Big,4,Average hips,,Big · Average hips
Dragon Lily,163,59,34C,37.0,24,35,4,Average,4,Average hips,,Average · Average hips
Draven Star,160,57,34B,36.0,28,37,3,Modest,6,Very Curvy,,Very Curvy · Modest
Dresden 333,163,59,34B,36.0,25,40,3,Modest,7,Thick,,Thick · Modest
Dru Berrymore,170,55,34B,36.0,25,35,2,Small,4,Average hips,,Average hips · Small
Dunia Montenegro,167,60,34B,36.0,26,37,2,Small,6,Very Curvy,,Very Curvy · Small
Dyanna Lauren,168,52,34DD,39.0,22,33,6,Big,2,Slim hips,,Big · Slim hips
Dylan Daniels,161,55,34D,38.0,24,35,5,Full,4,Average hips,,Full · Average hips
Dylan Phoenix,173,62,34DD,39.0,28,38,6,Big,6,Very Curvy,,Big · Very Curvy
Dylan Riley,155,49,34D,38.0,24,34,6,Big,4,Average hips,,Big · Average hips
Dylan Ryan,178,62,34B,36.0,27,29,2,Small,1,Straight,,Small · Straight
Dylan Ryder,175,62,36DD,41.0,27,36,6,Big,4,Average hips,,Big · Average hips
Eden Adams,170,50,34DD,39.0,25,34,6,Big,3,Lean hips,Petite,Big · Lean hips · Petite
Eden Sinclair,162,52,32A,33.0,26,36,1,Flat,5,Curvy,,Curvy · Flat
Eileen Sue,171,57,34C,37.0,25,36,4,Average,4,Average hips,,Average · Average hips
Ela Darling,172,57,32C,35.0,26,35,4,Average,3,Lean hips,,Average · Lean hips
Electra Angels,172,50,34B,36.0,24,35,2,Small,3,Lean hips,Petite,Lean hips · Small · Petite
Elen Million,167,54,36D,40.0,24,36,5,Full,5,Curvy,,Full · Curvy
Elena Heiress,157,52,34C,37.0,24,36,4,Average,5,Curvy,,Curvy · Average
Elena Koshka,182,59,34B,36.0,24,34,2,Small,2,Slim hips,,Small · Slim hips
Elexis Monroe,167,56,36C,39.0,27,35,4,Average,4,Average hips,,Average · Average hips
Elicia Solis,165,51,32F,39.0,26,32,7,Huge,1,Straight,,Huge · Straight
Elin Flame,173,48,34B,36.0,24,32,2,Small,1,Straight,Petite,Small · Straight · Petite
Elisa Ann Costa,163,61,38E,44.0,26,38,7,Huge,7,Thick,,Huge · Thick
Elise Graves,158,48,32A,33.0,24,36,1,Flat,5,Curvy,,Curvy · Flat
Eliza Allure,166,121,40F,47.0,38,56,7,Huge,8,Voluptuous,BBW,Voluptuous · Huge · BBW
Eliza Ibarra,175,50,34B,36.0,25,37,2,Small,6,Very Curvy,Petite,Very Curvy · Small · Petite
Eliza Jane,163,56,34B,36.0,25,36,3,Modest,5,Curvy,,Curvy · Modest
Elizabeth Ann,157,55,34B,36.0,27,37,3,Modest,6,Very Curvy,,Very Curvy · Modest
Elizabeth Bentley,150,45,32A,33.0,22,35,2,Small,6,Very Curvy,,Very Curvy · Small
Elizabeth Lawrence,165,52,34C,37.0,26,34,4,Average,3,Lean hips,,Average · Lean hips
Ella Knox,158,51,34DD,39.0,27,36,6,Big,5,Curvy,,Big · Curvy
Ella Milano,160,49,32C,35.0,24,32,4,Average,2,Slim hips,,Average · Slim hips
Ella Storm,165,57,34B,36.0,23,35,3,Modest,4,Average hips,,Average hips · Modest
Elle Alexandra,170,54,32A,33.0,24,34,1,Flat,3,Lean hips,,Lean hips · Flat
Elle Brook,170,57,36B,38.0,23,35,2,Small,4,Average hips,,Average hips · Small
Elle Flynn,170,67,36HH,48.0,32,36,8,Massive,5,Curvy,,Massive · Curvy
Elle McRae,166,55,34C,37.0,26,35,4,Average,4,Average hips,,Average · Average hips
Elle Rose,165,45,32A,33.0,24,35,1,Flat,4,Average hips,Petite,Average hips · Flat · Petite
Elle Voneva,155,50,32A,33.0,26,32,2,Small,2,Slim hips,,Small · Slim hips
Ellen Betsy,168,58,36B,38.0,25,37,2,Small,6,Very Curvy,,Very Curvy · Small
Elli Nude,165,59,34D,38.0,25,37,5,Full,6,Very Curvy,,Very Curvy · Full
Ellie Foxx,162,50,34A,35.0,25,36,1,Flat,5,Curvy,,Curvy · Flat
Ellie Springlare,179,51,36A,37.0,24,39,1,Flat,7,Thick,Petite,Thick · Flat · Petite
Eloa Lombard,170,58,40C,43.0,28,41,4,Average,7,Thick,,Thick · Average
Elsa Jean,160,45,32C,35.0,24,28,4,Average,1,Straight,,Average · Straight
Ember Reigns,170,50,32F,39.0,26,34,7,Huge,3,Lean hips,Petite,Huge · Lean hips · Petite
Ember Snow,150,41,32C,35.0,25,32,5,Full,2,Slim hips,,Full · Slim hips
Emilia Boshe,178,80,36J,49.0,34,40,8,Massive,7,Thick,,Massive · Thick
Emilianna,175,66,34D,38.0,26,36,5,Full,4,Average hips,,Full · Average hips
Emilija Dangalova,173,55,36D,40.0,26,36,5,Full,4,Average hips,,Full · Average hips
Emily Addison,163,52,32DD,37.0,25,35,6,Big,4,Average hips,,Big · Average hips
Emily Austin,157,51,34B,36.0,24,36,3,Modest,5,Curvy,,Curvy · Modest
Emily B,157,45,30F,37.0,23,33,7,Huge,2,Slim hips,,Huge · Slim hips
Emily Benjamins,160,45,32B,34.0,24,29,3,Modest,1,Straight,,Modest · Straight
Emily Blacc,177,57,32D,36.0,24,37,5,Full,6,Very Curvy,,Very Curvy · Full
Emily Eve,163,59,34B,36.0,26,43,3,Modest,8,Voluptuous,,Voluptuous · Modest
Emily Evermoore,165,50,32B,34.0,24,31,3,Modest,1,Straight,,Modest · Straight
Emily George,165,61,34F,41.0,24,34,7,Huge,3,Lean hips,,Huge · Lean hips
Emily Right,170,72,32DDD,38.0,26,34,7,Huge,3,Lean hips,,Huge · Lean hips
Emily Willis,165,50,32A,33.0,24,35,1,Flat,4,Average hips,,Average hips · Flat
Emma Brown,168,53,34A,35.0,24,35,1,Flat,4,Average hips,,Average hips · Flat
Emma Butt,180,70,34GG,44.0,30,38,8,Massive,6,Very Curvy,,Massive · Very Curvy
Emma Cummings,160,51,36D,40.0,27,38,6,Big,7,Thick,,Thick · Big
Emma Haize,162,45,32A,33.0,24,36,1,Flat,5,Curvy,Petite,Curvy · Flat · Petite
Emma Heart,160,55,36D,40.0,25,36,6,Big,5,Curvy,,Big · Curvy
Emma Mae,173,50,34B,36.0,26,36,2,Small,4,Average hips,Petite,Average hips · Small · Petite
Emma Snow,168,59,34B,36.0,28,34,2,Small,3,Lean hips,,Lean hips · Small
Emma Starletto,161,45,32A,33.0,25,34,1,Flat,3,Lean hips,Petite,Lean hips · Flat · Petite
Emma Starr,173,54,34D,38.0,24,34,5,Full,2,Slim hips,,Full · Slim hips
Emma Stoned,160,52,32B,34.0,24,32,3,Modest,2,Slim hips,,Modest · Slim hips
Empera,167,48,33A,34.0,25,34,1,Flat,3,Lean hips,Petite,Lean hips · Flat · Petite
Emy Reyes,152,52,32C,35.0,24,36,5,Full,6,Very Curvy,,Very Curvy · Full
Erica Campbell,163,52,34D,38.0,25,36,5,Full,5,Curvy,,Full · Curvy
Erica Lauren,175,59,34C,37.0,24,37,4,Average,6,Very Curvy,,Very Curvy · Average
Erica Lightspeed,178,56,34A,35.0,25,35,1,Flat,3,Lean hips,,Lean hips · Flat
Erica Valentine,177,67,36C,39.0,24,41,4,Average,7,Thick,,Thick · Average
Erica Vieira,168,53,32B,34.0,24,34,2,Small,3,Lean hips,,Lean hips · Small
Erika Bellucci,167,50,34B,36.0,27,36,2,Small,5,Curvy,,Curvy · Small
Erika Devine,166,45,34B,36.0,26,30,2,Small,1,Straight,Petite,Small · Straight · Petite
Erika Kole,163,55,34B,36.0,26,33,3,Modest,2,Slim hips,,Modest · Slim hips
Erika Vuitton,170,59,36DD,41.0,24,36,6,Big,5,Curvy,,Big · Curvy
Erin Moore,163,48,34C,37.0,24,30,4,Average,1,Straight,,Average · Straight
Erin Ray,165,52,34D,38.0,25,34,5,Full,3,Lean hips,,Full · Lean hips
Erin Stone,170,45,32B,34.0,26,33,2,Small,2,Slim hips,Petite,Small · Slim hips · Petite
Eris Maximo,160,45,33B,35.0,24,37,3,Modest,6,Very Curvy,,Very Curvy · Modest
Esmi Lee,165,52,32A,33.0,22,24,1,Flat,1,Straight,,Flat · Straight
Esperanza Del Horno,160,47,32B,34.0,24,35,3,Modest,4,Average hips,,Average hips · Modest
Esperanza Diaz,157,50,34C,37.0,24,36,4,Average,5,Curvy,,Curvy · Average
Esperanza Gomez,170,55,36D,40.0,23,36,5,Full,5,Curvy,,Full · Curvy
Estella Bathory,170,86,36F,43.0,32,44,7,Huge,8,Voluptuous,,Voluptuous · Huge
Eufrat,175,55,36C,39.0,25,37,4,Average,6,Very Curvy,,Very Curvy · Average
Eva Angelina,160,54,34D,38.0,25,36,6,Big,5,Curvy,,Big · Curvy
Eva Antonyia,157,52,34C,37.0,21,34,4,Average,3,Lean hips,,Average · Lean hips
Eva Black,173,55,34C,37.0,28,35,4,Average,3,Lean hips,,Average · Lean hips
Eva Ellington,156,48,32B,34.0,23,33,3,Modest,2,Slim hips,,Modest · Slim hips
Eva Karera,170,54,34G,43.0,24,34,7,Huge,3,Lean hips,,Huge · Lean hips
Eva May,152,50,32E,38.0,27,35,7,Huge,5,Curvy,,Huge · Curvy
Eva Notty,175,67,36J,49.0,28,34,8,Massive,2,Slim hips,,Massive · Slim hips
Eva Quinn,168,62,38DD,43.0,26,36,6,Big,5,Curvy,,Big · Curvy
Eva Roberts,163,50,34B,36.0,27,35,3,Modest,4,Average hips,,Average hips · Modest
Eva Sedona,155,48,32B,34.0,26,30,3,Modest,1,Straight,,Modest · Straight
Eva Strauss,163,50,33A,34.0,24,34,1,Flat,3,Lean hips,,Lean hips · Flat
Eva Torres,165,49,32B,34.0,24,35,3,Modest,4,Average hips,,Average hips · Modest
Eve Angel,166,53,35C,38.0,25,36,4,Average,5,Curvy,,Curvy · Average
Eve Ellwood,183,64,32D,36.0,22,32,5,Full,2,Slim hips,,Full · Slim hips
Eve Evans,157,50,34A,35.0,26,36,2,Small,5,Curvy,,Curvy · Small
Eve Laurence,170,52,36D,40.0,27,36,5,Full,5,Curvy,,Full · Curvy
Eve Nicholson,155,53,34B,36.0,24,36,3,Modest,6,Very Curvy,,Very Curvy · Modest
Evelin Stone,165,58,32C,35.0,26,29,4,Average,1,Straight,,Average · Straight
Evelina Darling,157,51,34A,35.0,25,36,2,Small,5,Curvy,,Curvy · Small
Eveline Dellai,160,44,32AA,32.0,27,32,1,Flat,2,Slim hips,Petite,Slim hips · Flat · Petite
Evelyn Claire,170,59,32A,33.0,26,34,1,Flat,3,Lean hips,,Lean hips · Flat
Evelyn Lin,165,50,34B,36.0,25,36,3,Modest,5,Curvy,,Curvy · Modest
Evelyn Lory,173,55,33B,35.0,25,37,2,Small,6,Very Curvy,,Very Curvy · Small
Evelyn Neill,175,52,34B,36.0,23,34,2,Small,2,Slim hips,Petite,Small · Slim hips · Petite
Evi Fox,157,52,32DD,37.0,23,27,6,Big,1,Straight,,Big · Straight
Evie Dellatossa,157,45,34D,38.0,25,35,6,Big,4,Average hips,,Big · Average hips
Evie Olson,163,55,34D,38.0,24,34,5,Full,3,Lean hips,,Full · Lean hips
Evilyn Fierce,160,50,32A,33.0,25,35,1,Flat,4,Average hips,,Average hips · Flat
Evita Pozzi,168,53,36D,40.0,26,36,5,Full,5,Curvy,,Full · Curvy
Ezanni Solei,163,57,34DD,39.0,24,36,6,Big,5,Curvy,,Big · Curvy
Fabiane Thompson,165,53,34B,36.0,24,34,3,Modest,3,Lean hips,,Modest · Lean hips
Faith Leon,180,61,34B,36.0,27,36,2,Small,4,Average hips,,Average hips · Small
Farrah Dahl,165,49,34DD,39.0,23,34,6,Big,3,Lean hips,,Big · Lean hips
Faustine Lee,161,57,36D,40.0,25,34,5,Full,3,Lean hips,,Full · Lean hips
Faye Reagan,163,49,34C,37.0,28,36,4,Average,5,Curvy,,Curvy · Average
Faye Runaway,163,45,32A,33.0,22,32,1,Flat,1,Straight,Petite,Flat · Straight · Petite
Febby Twigs,158,55,36B,38.0,26,36,3,Modest,5,Curvy,,Curvy · Modest
Felecia,163,52,35B,37.0,24,36,3,Modest,5,Curvy,,Curvy · Modest
Felicia Kiss,168,56,36C,39.0,24,36,4,Average,5,Curvy,,Curvy · Average
Felicity Feline,168,55,36DD,41.0,24,34,6,Big,3,Lean hips,,Big · Lean hips
Felix Vicious,173,59,34B,36.0,28,34,2,Small,2,Slim hips,,Small · Slim hips
Felony,168,52,34D,38.0,24,34,5,Full,3,Lean hips,,Full · Lean hips
Fetish Liza,175,58,34B,36.0,26,37,2,Small,6,Very Curvy,,Very Curvy · Small
Finesse Navarro,157,55,34A,35.0,24,32,2,Small,2,Slim hips,,Small · Slim hips
Fiona Cheeks,169,55,34A,35.0,24,36,1,Flat,5,Curvy,,Curvy · Flat
Flick Shagwell,170,50,32B,34.0,24,32,2,Small,1,Straight,Petite,Small · Straight · Petite
Florane Russell,167,54,34D,38.0,25,38,5,Full,7,Thick,,Thick · Full
Florina Rose,157,48,38B,40.0,23,34,3,Modest,3,Lean hips,,Modest · Lean hips
Flower Tucci,168,61,36C,39.0,28,38,4,Average,7,Thick,,Thick · Average
Foxii Black,161,50,32D,36.0,24,36,5,Full,5,Curvy,,Full · Curvy
Foxy Di,157,45,34B,36.0,24,34,3,Modest,3,Lean hips,,Modest · Lean hips
Foxy Sanie,165,55,31A,32.0,24,31,1,Flat,1,Straight,,Flat · Straight
Francesca Dicaprio,172,56,36B,38.0,25,36,2,Small,4,Average hips,,Average hips · Small
Francesca Felucci,165,57,36D,40.0,25,36,5,Full,5,Curvy,,Full · Curvy
Francesca Le,157,52,34D,38.0,27,36,6,Big,5,Curvy,,Big · Curvy
Franceska Jaimes,173,57,34D,38.0,26,38,5,Full,6,Very Curvy,,Very Curvy · Full
Franchezca Valentina,160,55,34C,37.0,27,32,4,Average,2,Slim hips,,Average · Slim hips
Francys Belle,169,48,35C,38.0,24,34,4,Average,3,Lean hips,Petite,Average · Lean hips · Petite
Franziska Facella,167,48,32A,33.0,25,34,1,Flat,3,Lean hips,Petite,Lean hips · Flat · Petite
French Chloe,165,55,32C,35.0,24,37,4,Average,6,Very Curvy,,Very Curvy · Average
Freya Fantasia,170,61,36C,39.0,27,37,4,Average,6,Very Curvy,,Very Curvy · Average
Freya Von Doom,145,41,32A,33.0,24,32,2,Small,2,Slim hips,,Small · Slim hips
Frida Sante,157,44,32C,35.0,24,35,4,Average,4,Average hips,,Average · Average hips
Friday,150,51,38DD,43.0,24,35,6,Big,6,Very Curvy,,Big · Very Curvy
Gabbie Carter,170,52,34DD,39.0,22,32,6,Big,1,Straight,,Big · Straight
Gabby Quinteros,154,51,36D,40.0,26,36,6,Big,6,Very Curvy,,Big · Very Curvy
Gabi Gold,164,55,34C,37.0,26,32,4,Average,1,Straight,,Average · Straight
Gabriela Lopez,152,50,34D,38.0,25,36,6,Big,6,Very Curvy,,Big · Very Curvy
Gabriella Banks,165,55,34DD,39.0,27,36,6,Big,5,Curvy,,Big · Curvy
Gabriella Ford,171,54,33A,34.0,24,35,1,Flat,3,Lean hips,,Lean hips · Flat
Gabriella Paltrova,152,46,32B,34.0,22,32,3,Modest,2,Slim hips,,Modest · Slim hips
Gabriella Romano,160,58,34C,37.0,24,34,4,Average,3,Lean hips,,Average · Lean hips
Gabriella Varvara,158,49,34C,37.0,27,36,4,Average,5,Curvy,,Curvy · Average
Gabrielle Gucci,170,48,35C,38.0,25,35,4,Average,4,Average hips,Petite,Average · Average hips · Petite
Gaia,155,52,34D,38.0,27,36,6,Big,6,Very Curvy,,Big · Very Curvy
Gala Brown,166,55,34A,35.0,24,38,1,Flat,7,Thick,,Thick · Flat
Gauge,150,42,34C,37.0,24,34,5,Full,4,Average hips,,Full · Average hips
Gemma More,160,50,34C,37.0,22,36,4,Average,5,Curvy,,Curvy · Average
Gen Padova,149,43,33B,35.0,22,34,3,Modest,4,Average hips,,Average hips · Modest
Genesis Skye,165,57,34B,36.0,29,34,3,Modest,3,Lean hips,,Modest · Lean hips
Georgia Peach,160,84,40DD,45.0,45,48,6,Big,8,Voluptuous,BBW,Voluptuous · Big · BBW
Georgie Lyall,160,50,32FF,40.0,24,34,7,Huge,3,Lean hips,,Huge · Lean hips
Gia Gallante,175,52,34B,36.0,24,34,2,Small,2,Slim hips,Petite,Small · Slim hips · Petite
Gia Love,175,55,33C,36.0,24,35,4,Average,3,Lean hips,,Average · Lean hips
Gia Paige,157,50,32B,34.0,24,34,3,Modest,3,Lean hips,,Modest · Lean hips
Gia Paloma,157,58,34DD,39.0,25,38,6,Big,7,Thick,,Thick · Big
Gia Steel,160,53,34B,36.0,21,36,3,Modest,5,Curvy,,Curvy · Modest
Gia Vendetti,173,52,32B,34.0,25,35,2,Small,3,Lean hips,Petite,Lean hips · Small · Petite
Gianna Dior,162,48,32D,36.0,26,33,5,Full,2,Slim hips,,Full · Slim hips
Gianna Gem,157,45,32B,34.0,24,34,3,Modest,3,Lean hips,,Modest · Lean hips
Gianna Love,149,47,34B,36.0,24,34,3,Modest,4,Average hips,,Average hips · Modest
Gianna Lynn,163,50,34D,38.0,24,34,5,Full,3,Lean hips,,Full · Lean hips
Gianna Michaels,178,66,34DD,39.0,27,38,6,Big,6,Very Curvy,,Big · Very Curvy
Gianna Nicole,170,55,34C,37.0,28,38,4,Average,7,Thick,,Thick · Average
Gigi Allens,177,60,36F,43.0,24,36,7,Huge,4,Average hips,,Huge · Average hips
Gigi Larios,168,55,34B,36.0,28,31,2,Small,1,Straight,,Small · Straight
Gigi Love,167,47,42D,46.0,24,37,5,Full,6,Very Curvy,Petite,Very Curvy · Full · Petite
Gigi Rivera,160,50,30A,31.0,24,36,1,Flat,5,Curvy,,Curvy · Flat
Gilda Roberts,172,52,35D,39.0,24,36,5,Full,4,Average hips,,Full · Average hips
Gina Blonde,165,51,34B,36.0,26,36,3,Modest,5,Curvy,,Curvy · Modest
Gina Gerson,160,40,34A,35.0,22,31,1,Flat,1,Straight,Petite,Flat · Straight · Petite
Gina Lynn,157,48,34D,38.0,24,34,6,Big,3,Lean hips,,Big · Lean hips
Gina Ryder,162,48,34D,38.0,23,33,5,Full,2,Slim hips,,Full · Slim hips
Gina Snake,150,42,35DD,40.0,25,33,6,Big,3,Lean hips,,Big · Lean hips
Gina Valentina,157,48,34A,35.0,24,35,2,Small,4,Average hips,,Average hips · Small
Ginebra Bellucci,157,51,34A,35.0,23,35,2,Small,4,Average hips,,Average hips · Small
Ginger Banks,173,59,32C,35.0,28,44,4,Average,8,Voluptuous,,Voluptuous · Average
Ginger Blaze,157,52,34D,38.0,24,32,6,Big,2,Slim hips,,Big · Slim hips
Ginger Elle,175,61,34DD,39.0,28,37,6,Big,6,Very Curvy,,Big · Very Curvy
Ginger Hell,165,52,36DD,41.0,25,37,6,Big,6,Very Curvy,,Big · Very Curvy
Ginger Jones,170,55,37D,41.0,25,35,5,Full,4,Average hips,,Full · Average hips
Ginger Lea,160,45,34C,37.0,24,34,4,Average,3,Lean hips,,Average · Lean hips
Ginger Lee,157,48,34C,37.0,25,34,4,Average,3,Lean hips,,Average · Lean hips
Ginger Lynn,160,50,34B,36.0,24,34,3,Modest,3,Lean hips,,Modest · Lean hips
Giny Loud,167,54,34A,35.0,25,37,1,Flat,6,Very Curvy,,Very Curvy · Flat
Giovana,170,51,36DD,41.0,28,38,6,Big,7,Thick,,Thick · Big
Giselle Humes,170,57,32C,35.0,26,37,4,Average,6,Very Curvy,,Very Curvy · Average
Giselle Mari,170,50,34B,36.0,27,38,2,Small,7,Thick,Petite,Thick · Small · Petite
Giselle Palmer,173,61,34DD,39.0,27,38,6,Big,6,Very Curvy,,Big · Very Curvy
Gitta Blond,170,50,34A,35.0,25,37,1,Flat,6,Very Curvy,Petite,Very Curvy · Flat · Petite
Giuliana Lemme,167,53,33B,35.0,24,34,2,Small,3,Lean hips,,Lean hips · Small
Glory Foxxx,162,111,42DDD,48.0,38,52,7,Huge,8,Voluptuous,BBW,Voluptuous · Huge · BBW
Goddess Kyaa,178,55,30B,32.0,26,30,2,Small,1,Straight,Petite,Small · Straight · Petite
Goldie Baby,158,40,36DD,41.0,24,34,6,Big,3,Lean hips,Petite,Big · Lean hips · Petite
Goldie Star,160,50,34DD,39.0,24,34,6,Big,3,Lean hips,,Big · Lean hips
Grace Evangeline,163,47,32DD,37.0,24,33,6,Big,2,Slim hips,,Big · Slim hips
Gracelynn Moans,162,55,34B,36.0,30,36,3,Modest,5,Curvy,,Curvy · Modest
Gracie Glam,165,55,34B,36.0,29,36,3,Modest,5,Curvy,,Curvy · Modest
Grae Stoke,176,52,34B,36.0,23,33,2,Small,2,Slim hips,Petite,Small · Slim hips · Petite
Greta A,160,48,32A,33.0,24,35,1,Flat,4,Average hips,,Average hips · Flat
Guiliana Alexis,157,50,34B,36.0,25,32,3,Modest,2,Slim hips,,Modest · Slim hips
Gwen Diamond,175,64,36C,39.0,28,38,4,Average,6,Very Curvy,,Very Curvy · Average
Gwen Stark,170,59,34C,37.0,26,34,4,Average,3,Lean hips,,Average · Lean hips
Gwen Summers,170,50,34B,36.0,23,34,2,Small,3,Lean hips,Petite,Lean hips · Small · Petite
Gwen Vicious,163,55,32B,34.0,27,34,3,Modest,3,Lean hips,,Modest · Lean hips
Hadley Haze,161,57,32F,39.0,25,38,7,Huge,7,Thick,,Huge · Thick
Hadley Mason,163,66,36D,40.0,28,36,5,Full,5,Curvy,,Full · Curvy
Haileey James,160,55,32B,34.0,24,33,3,Modest,2,Slim hips,,Modest · Slim hips
Hailey Little,163,45,32B,34.0,25,34,3,Modest,3,Lean hips,Petite,Modest · Lean hips · Petite
Hailey Young,168,49,34A,35.0,24,33,1,Flat,2,Slim hips,Petite,Slim hips · Flat · Petite
Haley Cummings,166,52,34F,41.0,28,38,7,Huge,7,Thick,,Huge · Thick
Haley Hill,165,57,36B,38.0,25,36,3,Modest,5,Curvy,,Curvy · Modest
Haley Hunter,165,50,34C,37.0,25,32,4,Average,1,Straight,,Average · Straight
Haley Reed,178,54,34B,36.0,24,35,2,Small,3,Lean hips,Petite,Lean hips · Small · Petite
Haley Scott,160,52,36C,39.0,24,35,4,Average,4,Average hips,,Average · Average hips
Haley Sweet,157,49,32B,34.0,22,32,3,Modest,2,Slim hips,,Modest · Slim hips
Haley Wilde,163,50,34D,38.0,24,35,5,Full,4,Average hips,,Full · Average hips
Halia Hill,163,45,32C,35.0,24,34,4,Average,3,Lean hips,Petite,Average · Lean hips · Petite
Halie James,161,50,32DD,37.0,24,32,6,Big,1,Straight,,Big · Straight
Halle Hayes,170,62,36DD,41.0,27,38,6,Big,7,Thick,,Thick · Big
Hana Black,170,54,35C,38.0,24,35,4,Average,4,Average hips,,Average · Average hips
Hanna Hilton,175,51,34DD,39.0,24,34,6,Big,2,Slim hips,Petite,Big · Slim hips · Petite
Hanna Lay,168,52,34B,36.0,26,36,2,Small,5,Curvy,,Curvy · Small
Hanna Montada,170,60,36D,40.0,24,35,5,Full,4,Average hips,,Full · Average hips
Hanna Shaw,160,51,34C,37.0,30,34,4,Average,3,Lean hips,,Average · Lean hips
Hannah Harper,170,57,34C,37.0,24,34,4,Average,3,Lean hips,,Average · Lean hips
Hannah Hartman,173,52,32AA,32.0,30,34,1,Flat,2,Slim hips,Petite,Slim hips · Flat · Petite
Hannah Hunter,175,62,38B,40.0,27,37,2,Small,6,Very Curvy,,Very Curvy · Small
Hannah Reese,163,48,34A,35.0,24,34,1,Flat,3,Lean hips,,Lean hips · Flat
Hannah Vivienne,175,67,36A,37.0,27,40,1,Flat,7,Thick,,Thick · Flat
Hannah West,170,57,32B,34.0,24,34,2,Small,3,Lean hips,,Lean hips · Small
Harley Dean,170,57,32C,35.0,24,32,4,Average,1,Straight,,Average · Straight
Harley Raines,157,50,38DD,43.0,24,34,6,Big,3,Lean hips,,Big · Lean hips
Harlow Harrison,162,54,32DD,37.0,24,33,6,Big,2,Slim hips,,Big · Slim hips
Harlow Nyx,161,64,42G,51.0,32,39,8,Massive,7,Thick,,Massive · Thick
Harmoni Kalifornia,168,64,40D,44.0,29,38,5,Full,7,Thick,,Thick · Full
Harmonie Marquise,149,50,32DDD,38.0,26,39,7,Huge,8,Voluptuous,,Voluptuous · Huge
Harmony Reigns,165,61,36DD,41.0,31,39,6,Big,7,Thick,,Thick · Big
Harmony Rose,160,52,34C,37.0,27,36,4,Average,5,Curvy,,Curvy · Average
Harmony Wonder,160,43,32C,35.0,24,32,4,Average,2,Slim hips,Petite,Average · Slim hips · Petite
Hatsuka Kobayashi,170,47,34B,36.0,23,33,2,Small,2,Slim hips,Petite,Small · Slim hips · Petite
Havana Bleu,162,55,32C,35.0,25,34,4,Average,3,Lean hips,,Average · Lean hips
Havana Ginger,162,55,34D,38.0,26,36,5,Full,5,Curvy,,Full · Curvy
Haven Rae,168,55,32B,34.0,24,34,2,Small,3,Lean hips,,Lean hips · Small
Hayden Night,163,59,36C,39.0,25,38,4,Average,7,Thick,,Thick · Average
Hayden Winters,161,48,32C,35.0,24,32,4,Average,1,Straight,,Average · Straight
Hazel Heart,165,50,34B,36.0,26,33,3,Modest,2,Slim hips,,Modest · Slim hips
Hazel Moon,161,52,32A,33.0,23,35,1,Flat,4,Average hips,,Average hips · Flat
Hazel Moore,171,55,34D,38.0,27,34,5,Full,2,Slim hips,,Full · Slim hips
Heather Gables,157,50,34A,35.0,28,36,2,Small,5,Curvy,,Curvy · Small
Heather Night,154,48,30B,32.0,24,32,3,Modest,2,Slim hips,,Modest · Slim hips
Heather Silk,162,52,32C,35.0,24,32,4,Average,1,Straight,,Average · Straight
Heather Starlet,171,59,36B,38.0,26,36,2,Small,4,Average hips,,Average hips · Small
Heather Summers,160,54,34DD,39.0,25,33,6,Big,2,Slim hips,,Big · Slim hips
Heather Vahn,160,49,34B,36.0,24,34,3,Modest,3,Lean hips,,Modest · Lean hips
Heidi Hollywood,159,62,34DDD,40.0,24,36,7,Huge,5,Curvy,,Huge · Curvy
Heidi Mayne,173,61,36D,40.0,30,36,5,Full,4,Average hips,,Full · Average hips
Heidi Van Horny,162,61,36DDD,42.0,28,34,7,Huge,3,Lean hips,,Huge · Lean hips
Heidi Waters,170,59,34C,37.0,25,34,4,Average,3,Lean hips,,Average · Lean hips
Helena Kim,173,52,32A,33.0,24,35,1,Flat,3,Lean hips,Petite,Lean hips · Flat · Petite
Helena Price,170,64,36B,38.0,26,38,2,Small,7,Thick,,Thick · Small
Helena White,169,57,36D,40.0,26,37,5,Full,6,Very Curvy,,Very Curvy · Full
Helly Mae Hellfire,161,48,32DDD,38.0,23,32,7,Huge,1,Straight,,Huge · Straight
Henessy,161,49,33C,36.0,24,34,4,Average,3,Lean hips,,Average · Lean hips
Hibiki Ohtsuki,162,52,35E,41.0,22,33,7,Huge,2,Slim hips,,Huge · Slim hips
Hillary Scott,160,43,34D,38.0,26,36,6,Big,5,Curvy,Petite,Big · Curvy · Petite
Hime Marie,160,45,32A,33.0,27,35,1,Flat,4,Average hips,,Average hips · Flat
Hina Maeda,158,49,35B,37.0,23,35,3,Modest,4,Average hips,,Average hips · Modest
Hitomi Kitagawa,155,49,35DDD,41.0,22,33,7,Huge,2,Slim hips,,Huge · Slim hips
Hitomi Tanaka,156,47,46JJ,60.0,24,34,8,Massive,3,Lean hips,,Massive · Lean hips
Hollie Mack,163,49,34B,36.0,24,34,3,Modest,3,Lean hips,,Modest · Lean hips
Hollie Stevens,175,59,36B,38.0,25,37,2,Small,6,Very Curvy,,Very Curvy · Small
Holly Banks,154,60,34B,36.0,28,39,3,Modest,8,Voluptuous,,Voluptuous · Modest
Holly Brooks,165,47,32DDD,38.0,24,30,7,Huge,1,Straight,Petite,Huge · Straight · Petite
Holly Halston,157,52,36DD,41.0,24,32,6,Big,2,Slim hips,,Big · Slim hips
Holly Heart,168,64,36C,39.0,27,36,4,Average,5,Curvy,,Curvy · Average
Holly Hendrix,147,41,32AA,32.0,22,34,1,Flat,4,Average hips,,Average hips · Flat
Holly Hollywood,168,50,34C,37.0,25,34,4,Average,3,Lean hips,,Average · Lean hips
Holly Hotwife,181,54,32D,36.0,26,30,5,Full,1,Straight,Petite,Full · Straight · Petite
Holly Hudson,157,57,34C,37.0,27,36,4,Average,5,Curvy,,Curvy · Average
Holly Kiss,171,52,30F,37.0,26,31,7,Huge,1,Straight,,Huge · Straight
Holly Michaels,180,57,34D,38.0,26,36,5,Full,4,Average hips,,Full · Average hips
Holly Morgan,160,52,34C,37.0,25,35,4,Average,4,Average hips,,Average · Average hips
Holly Rydem,161,45,32A,33.0,25,32,1,Flat,1,Straight,Petite,Flat · Straight · Petite
Holly Sampson,164,50,34D,38.0,24,35,5,Full,4,Average hips,,Full · Average hips
Holly Tyler,165,52,34C,37.0,25,36,4,Average,5,Curvy,,Curvy · Average
Holly Wellin,160,55,34C,37.0,24,34,4,Average,3,Lean hips,,Average · Lean hips
Holly West,155,51,34D,38.0,26,35,6,Big,5,Curvy,,Big · Curvy
Honesty Calliaro,171,90,36C,39.0,31,37,4,Average,6,Very Curvy,BBW,Very Curvy · Average · BBW
Honey Blossom,154,52,32DD,37.0,28,32,6,Big,2,Slim hips,,Big · Slim hips
Honey Dejour,165,60,36D,40.0,27,36,5,Full,5,Curvy,,Full · Curvy
Honey Demon,165,52,34DD,39.0,24,34,6,Big,3,Lean hips,,Big · Lean hips
Honey Gold,162,55,32B,34.0,25,34,3,Modest,3,Lean hips,,Modest · Lean hips
Honey White,162,55,36B,38.0,29,40,3,Modest,7,Thick,,Thick · Modest
Honey Winter,170,48,34A,35.0,24,35,1,Flat,4,Average hips,Petite,Average hips · Flat · Petite
Hope Harper,152,43,32B,34.0,23,30,3,Modest,1,Straight,,Modest · Straight
Hope Howell,163,50,36B,38.0,26,36,3,Modest,5,Curvy,,Curvy · Modest
Hot Wife Rio,168,50,34D,38.0,25,36,5,Full,5,Curvy,,Full · Curvy
Hotkinkyjo,180,55,32C,35.0,21,30,3,Modest,1,Straight,Petite,Modest · Straight · Petite
Housewife Kelly,170,57,36C,39.0,28,34,4,Average,3,Lean hips,,Average · Lean hips
Houston,170,55,36DD,41.0,24,35,6,Big,4,Average hips,,Big · Average hips
Hunter Bryce,173,55,34D,38.0,26,33,5,Full,1,Straight,,Full · Straight
Hypnotiq,157,52,38C,41.0,25,36,4,Average,5,Curvy,,Curvy · Average
Ice La Fox,170,57,34DD,39.0,24,36,6,Big,5,Curvy,,Big · Curvy
Iggy Amore,160,55,32B,34.0,24,34,3,Modest,3,Lean hips,,Modest · Lean hips
Imani Rose,161,61,34C,37.0,25,37,4,Average,6,Very Curvy,,Very Curvy · Average
Inari Vachs,165,56,34B,36.0,25,36,3,Modest,5,Curvy,,Curvy · Modest
India Summer,165,51,32B,34.0,24,34,3,Modest,3,Lean hips,,Modest · Lean hips
Indica Monroe,163,59,34C,37.0,26,36,4,Average,5,Curvy,,Curvy · Average
Ines Cudna,167,58,42F,49.0,26,36,7,Huge,5,Curvy,,Huge · Curvy
Inga Devil,164,47,34B,36.0,28,32,3,Modest,1,Straight,Petite,Modest · Straight · Petite
Inga Zolva,160,52,35B,37.0,24,35,3,Modest,4,Average hips,,Average hips · Modest
Ingrid Mouth,170,59,36C,39.0,26,38,4,Average,7,Thick,,Thick · Average
Inna Innaki,168,52,36C,39.0,24,36,4,Average,5,Curvy,,Curvy · Average
Iona Grace,160,50,36FF,44.0,28,38,7,Huge,7,Thick,,Huge · Thick
Irina Pavlova,182,67,35C,38.0,26,39,3,Modest,6,Very Curvy,,Very Curvy · Modest
Irina Vega,165,51,35B,37.0,24,36,3,Modest,5,Curvy,,Curvy · Modest
Iris Cool,165,54,34C,37.0,25,36,4,Average,5,Curvy,,Curvy · Average
Isabel Ice,160,53,34D,38.0,24,35,6,Big,4,Average hips,,Big · Average hips
Isabella Chrystin,168,52,35B,37.0,24,35,2,Small,4,Average hips,,Average hips · Small
Isabella Clark,157,55,32B,34.0,23,34,3,Modest,3,Lean hips,,Modest · Lean hips
Isabella Cruz,157,59,34B,36.0,27,38,3,Modest,7,Thick,,Thick · Modest
Isabella Gonzalez,150,45,34A,35.0,22,26,2,Small,1,Straight,,Small · Straight
Isabella Lui,170,53,36C,39.0,25,36,4,Average,5,Curvy,,Curvy · Average
Isabella Sky,163,50,34B,36.0,24,34,3,Modest,3,Lean hips,,Modest · Lean hips
Isabella Taylor,157,52,34B,36.0,25,34,3,Modest,3,Lean hips,,Modest · Lean hips
Isis Love,168,52,34D,38.0,24,34,5,Full,3,Lean hips,,Full · Lean hips
Isis Nile,167,55,32C,35.0,22,35,4,Average,4,Average hips,,Average · Average hips
Isis Taylor,173,59,34C,37.0,26,43,4,Average,8,Voluptuous,,Voluptuous · Average
Its Cleo,154,50,32DDD,38.0,25,35,7,Huge,5,Curvy,,Huge · Curvy
Ivana Bianchi,167,59,34DD,39.0,24,34,6,Big,3,Lean hips,,Big · Lean hips
Ivana Jones,167,52,36B,38.0,26,36,2,Small,5,Curvy,,Curvy · Small
Ivana Sugar,172,52,35B,37.0,24,36,2,Small,4,Average hips,,Average hips · Small
Ivy Lace,160,53,34B,36.0,24,38,3,Modest,7,Thick,,Thick · Modest
Ivy Lebelle,169,64,34D,38.0,27,35,5,Full,4,Average hips,,Full · Average hips
Ivy Rose,167,61,36DDD,42.0,24,34,7,Huge,3,Lean hips,,Huge · Lean hips
Ivy Rose,157,59,34DDD,40.0,25,37,7,Huge,6,Very Curvy,,Huge · Very Curvy
Ivy Secret,181,67,36D,40.0,29,38,5,Full,5,Curvy,,Full · Curvy
Ivy Sherwood,157,50,34C,37.0,24,34,4,Average,3,Lean hips,,Average · Lean hips
Ivy Stone,152,48,32C,35.0,27,35,5,Full,5,Curvy,,Full · Curvy
Ivy Winters,162,52,34B,36.0,26,36,3,Modest,5,Curvy,,Curvy · Modest
Ivy Wolfe,163,50,32B,34.0,22,32,3,Modest,1,Straight,,Modest · Straight
Izamar Gutierrez,161,59,36D,40.0,24,35,5,Full,4,Average hips,,Full · Average hips
Izi Ashley,164,50,32A,33.0,25,34,1,Flat,3,Lean hips,,Lean hips · Flat
Izzy Bell,173,55,31B,33.0,24,31,2,Small,1,Straight,,Small · Straight
Izzy Bella Blu,173,57,34B,36.0,26,36,2,Small,4,Average hips,,Average hips · Small
Izzy Champayne,172,59,32B,34.0,24,34,2,Small,2,Slim hips,,Small · Slim hips
Izzy Lush,171,55,32B,34.0,24,36,2,Small,4,Average hips,,Average hips · Small
Jackie Ashe,170,49,34B,36.0,24,34,2,Small,3,Lean hips,Petite,Lean hips · Small · Petite
Jackie Daniels,165,56,34C,37.0,24,34,4,Average,3,Lean hips,,Average · Lean hips
Jackie Lin,152,43,32C,35.0,22,32,5,Full,2,Slim hips,,Full · Slim hips
Jackie Moore,163,53,34C,37.0,24,34,4,Average,3,Lean hips,,Average · Lean hips
Jackie Ohh,178,61,34C,37.0,26,35,4,Average,3,Lean hips,,Average · Lean hips
Jackie Wood,162,52,36D,40.0,26,36,5,Full,5,Curvy,,Full · Curvy
Jacky Joy,157,55,32DD,37.0,26,36,6,Big,5,Curvy,,Big · Curvy
Jaclyn Case,163,52,34D,38.0,24,33,5,Full,2,Slim hips,,Full · Slim hips
Jaclyn Taylor,161,50,34DD,39.0,25,31,6,Big,1,Straight,,Big · Straight
Jada Fire,153,52,36DD,41.0,24,36,6,Big,6,Very Curvy,,Big · Very Curvy
Jada Kai,152,45,32D,36.0,22,32,6,Big,2,Slim hips,,Big · Slim hips
Jada Stevens,159,52,34C,37.0,26,38,4,Average,7,Thick,,Thick · Average
Jade Amber,165,55,32C,35.0,26,36,4,Average,5,Curvy,,Curvy · Average
Jade Couture,154,48,34B,36.0,25,35,3,Modest,5,Curvy,,Curvy · Modest
Jade Jamison,165,52,34D,38.0,25,35,5,Full,4,Average hips,,Full · Average hips
Jade Jantzen,163,48,32C,35.0,24,36,4,Average,5,Curvy,,Curvy · Average
Jade Kush,152,48,32DDD,38.0,24,34,7,Huge,4,Average hips,,Huge · Average hips
Jade Luv,165,59,34B,36.0,24,36,3,Modest,5,Curvy,,Curvy · Modest
Jade Martin Hsu,163,45,34C,37.0,25,35,4,Average,4,Average hips,Petite,Average · Average hips · Petite
Jade Nacole,170,59,34B,36.0,25,38,2,Small,7,Thick,,Thick · Small
Jade Nile,166,52,32D,36.0,26,34,5,Full,3,Lean hips,,Full · Lean hips
Jade Preesleyy,163,50,33A,34.0,26,37,1,Flat,6,Very Curvy,,Very Curvy · Flat
Jade Reign,163,52,32B,34.0,22,32,3,Modest,1,Straight,,Modest · Straight
Jaelyn Fox,168,52,34B,36.0,23,34,2,Small,3,Lean hips,,Lean hips · Small
Jaimie Vine,166,57,34B,36.0,24,36,2,Small,5,Curvy,,Curvy · Small
Jamey Janes,168,57,32B,34.0,24,29,2,Small,1,Straight,,Small · Straight
Jamie Brooks,160,59,34D,38.0,24,34,6,Big,3,Lean hips,,Big · Lean hips
Jamie Elle,157,48,34C,37.0,24,34,4,Average,3,Lean hips,,Average · Lean hips
Jamie Huxley,163,48,34B,36.0,24,34,3,Modest,3,Lean hips,,Modest · Lean hips
Jamie Jackson,160,56,36C,39.0,24,36,4,Average,5,Curvy,,Curvy · Average
Jamie Jadon,162,44,32B,34.0,24,34,3,Modest,3,Lean hips,Petite,Modest · Lean hips · Petite
Jamie Marleigh,160,61,34C,37.0,24,39,4,Average,7,Thick,,Thick · Average
Jamie Ray,158,55,34C,37.0,26,32,4,Average,2,Slim hips,,Average · Slim hips
Jamie Sullivan,170,64,36D,40.0,25,35,5,Full,4,Average hips,,Full · Average hips
Jamie Valentine,160,52,36D,40.0,24,36,6,Big,5,Curvy,,Big · Curvy
Jan Burton,173,56,30GG,40.0,28,36,8,Massive,4,Average hips,,Massive · Average hips
Jana Cova,162,45,34C,37.0,24,34,4,Average,3,Lean hips,Petite,Average · Lean hips · Petite
Jana Mala,168,52,34B,36.0,24,35,2,Small,4,Average hips,,Average hips · Small
Jana Miartusova,163,45,34D,38.0,24,35,5,Full,4,Average hips,Petite,Full · Average hips · Petite
Jana Mrazkova,155,49,34B,36.0,24,35,3,Modest,5,Curvy,,Curvy · Modest
Jane Darling,175,60,37D,41.0,25,38,5,Full,6,Very Curvy,,Very Curvy · Full
Jane Wilde,153,45,32B,34.0,22,34,3,Modest,4,Average hips,,Average hips · Modest
Janessa Jordan,173,57,34C,37.0,26,35,4,Average,3,Lean hips,,Average · Lean hips
Janessa Loren,163,67,39G,48.0,31,39,8,Massive,7,Thick,,Massive · Thick
Janet Alfano,178,60,36A,37.0,25,37,1,Flat,6,Very Curvy,,Very Curvy · Flat
Janet Joy,157,45,34B,36.0,30,35,3,Modest,4,Average hips,,Average hips · Modest
Janet Mason,160,53,32DD,37.0,23,34,6,Big,3,Lean hips,,Big · Lean hips
Janey Doe,170,55,32DDD,38.0,24,34,7,Huge,3,Lean hips,,Huge · Lean hips
Janice Griffith,160,38,32C,35.0,23,32,4,Average,2,Slim hips,Petite,Average · Slim hips · Petite
Janine Lindemulder,173,57,38D,42.0,24,36,5,Full,4,Average hips,,Full · Average hips
Janna Hicks,172,57,32E,38.0,24,32,7,Huge,1,Straight,,Huge · Straight
Jaqueline Khull,155,45,33A,34.0,23,34,2,Small,4,Average hips,,Average hips · Small
Jarushka Ross,167,55,36D,40.0,23,39,5,Full,7,Thick,,Thick · Full
Jasmine Black,167,62,34DD,39.0,27,36,6,Big,5,Curvy,,Big · Curvy
Jasmine Byrne,157,52,36B,38.0,24,36,3,Modest,5,Curvy,,Curvy · Modest
Jasmine Caro,165,52,32DD,37.0,29,33,6,Big,2,Slim hips,,Big · Slim hips
Jasmine Gomez,147,41,32A,33.0,26,34,2,Small,4,Average hips,,Average hips · Small
Jasmine Grey,144,36,30A,31.0,23,29,2,Small,1,Straight,Petite,Small · Straight · Petite
Jasmine Jae,173,57,32E,38.0,27,37,7,Huge,6,Very Curvy,,Huge · Very Curvy
Jasmine James,163,60,34FF,42.0,26,36,7,Huge,5,Curvy,,Huge · Curvy
Jasmine Jolie,162,54,34C,37.0,26,38,4,Average,7,Thick,,Thick · Average
Jasmine Lau,170,59,34B,36.0,25,34,2,Small,3,Lean hips,,Lean hips · Small
Jasmine Lynn,160,54,34A,35.0,24,34,1,Flat,3,Lean hips,,Lean hips · Flat
Jasmine Rain,160,48,32C,35.0,22,32,4,Average,2,Slim hips,,Average · Slim hips
Jasmine Riley,170,50,32A,33.0,24,34,1,Flat,3,Lean hips,Petite,Lean hips · Flat · Petite
Jasmine Rouge,165,48,34D,38.0,26,34,5,Full,3,Lean hips,,Full · Lean hips
Jasmine Summers,150,38,32A,33.0,22,33,2,Small,3,Lean hips,Petite,Lean hips · Small · Petite
Jasmine Tame,155,45,34C,37.0,30,34,4,Average,4,Average hips,,Average · Average hips
Jasmine Vega,152,45,32D,36.0,24,33,6,Big,2,Slim hips,,Big · Slim hips
Jasmine Webb,167,53,34C,37.0,24,36,4,Average,5,Curvy,,Curvy · Average
Jassie,170,52,34A,35.0,26,34,1,Flat,3,Lean hips,,Lean hips · Flat
Jay Taylor,172,45,32B,34.0,22,29,2,Small,1,Straight,Petite,Small · Straight · Petite
Jayda Diamonde,160,45,34C,37.0,23,32,4,Average,2,Slim hips,,Average · Slim hips
Jayden Black,157,45,32A,33.0,25,34,2,Small,3,Lean hips,,Lean hips · Small
Jayden Jaymes,175,61,34DD,39.0,26,36,6,Big,4,Average hips,,Big · Average hips
Jayden Lee,170,55,34D,38.0,23,33,5,Full,2,Slim hips,,Full · Slim hips
Jayden Rae,167,52,32B,34.0,25,32,2,Small,1,Straight,,Small · Straight
Jayden Starr,162,70,38DD,43.0,31,46,6,Big,8,Voluptuous,,Voluptuous · Big
Jayden Taylors,170,48,34B,36.0,24,34,2,Small,3,Lean hips,Petite,Lean hips · Small · Petite
Jaye Austin,154,50,34A,35.0,26,34,2,Small,4,Average hips,,Average hips · Small
Jaye Rose,163,60,32E,38.0,26,38,7,Huge,7,Thick,,Huge · Thick
Jaye Summers,168,51,32B,34.0,24,32,2,Small,1,Straight,,Small · Straight
Jayla Foxx,160,52,34B,36.0,28,38,3,Modest,7,Thick,,Thick · Modest
Jayla Starr,157,50,36D,40.0,23,35,6,Big,4,Average hips,,Big · Average hips
Jaylene Rio,160,56,36H,47.0,26,38,8,Massive,7,Thick,,Massive · Thick
Jaylyn Rose,168,55,36DD,41.0,24,36,6,Big,5,Curvy,,Big · Curvy
Jaylynn Sins,165,50,34B,36.0,25,27,3,Modest,1,Straight,,Modest · Straight
Jayme Langford,160,45,32B,34.0,24,33,3,Modest,2,Slim hips,,Modest · Slim hips
Jayna Oso,160,52,34A,35.0,25,34,1,Flat,3,Lean hips,,Lean hips · Flat
Jazmin Luv,163,57,34B,36.0,24,34,3,Modest,3,Lean hips,,Modest · Lean hips
Jazmine Cashmere,165,61,34DD,39.0,25,40,6,Big,7,Thick,,Thick · Big
Jazy Berlin,175,57,36D,40.0,26,36,5,Full,4,Average hips,,Full · Average hips
Jazzy Jamison,173,52,32C,35.0,25,36,4,Average,4,Average hips,Petite,Average · Average hips · Petite
JC Simpson,180,60,34B,36.0,23,38,2,Small,6,Very Curvy,,Very Curvy · Small
Jean Michaels,157,57,34DD,39.0,26,33,6,Big,2,Slim hips,,Big · Slim hips
Jeanie Marie Sullivan,167,50,34D,38.0,21,34,5,Full,3,Lean hips,,Full · Lean hips
Jeanna Fine,170,62,36D,40.0,24,35,5,Full,4,Average hips,,Full · Average hips
Jelena Jensen,175,61,34F,41.0,26,36,7,Huge,4,Average hips,,Huge · Average hips
Jemma Valentine,160,52,32DD,37.0,24,38,6,Big,7,Thick,,Thick · Big
Jemstone,162,59,38DD,43.0,24,34,6,Big,3,Lean hips,,Big · Lean hips
Jenaveve Jolie,152,48,34D,38.0,24,34,6,Big,4,Average hips,,Big · Average hips
Jenevieve Hexxx,160,55,36DDD,42.0,27,35,7,Huge,4,Average hips,,Huge · Average hips
Jeni Angel,155,45,32D,36.0,24,32,6,Big,2,Slim hips,,Big · Slim hips
Jeni Juice,168,55,34B,36.0,24,34,2,Small,3,Lean hips,,Lean hips · Small
Jenna Brooks,163,57,36D,40.0,24,36,5,Full,5,Curvy,,Full · Curvy
Jenna Covelli,166,55,32C,35.0,28,34,4,Average,3,Lean hips,,Average · Lean hips
Jenna Haze,160,42,34C,37.0,24,33,4,Average,2,Slim hips,Petite,Average · Slim hips · Petite
Jenna Ivory,167,59,36D,40.0,26,42,5,Full,8,Voluptuous,,Voluptuous · Full
Jenna J Foxx,167,57,36C,39.0,28,38,4,Average,7,Thick,,Thick · Average
Jenna J Ross,158,50,32C,35.0,25,34,4,Average,3,Lean hips,,Average · Lean hips
Jenna Jameson,167,47,36D,40.0,22,33,5,Full,2,Slim hips,Petite,Full · Slim hips · Petite
Jenna Jane,170,55,31C,34.0,23,35,4,Average,4,Average hips,,Average · Average hips
Jenna Jayden,172,67,38H,49.0,26,36,8,Massive,4,Average hips,,Massive · Average hips
Jenna Leigh,167,59,34C,37.0,24,34,4,Average,3,Lean hips,,Average · Lean hips
Jenna Marie,163,45,32C,35.0,28,36,4,Average,5,Curvy,Petite,Curvy · Average · Petite
Jenna Moretti,167,55,32B,34.0,26,34,2,Small,3,Lean hips,,Lean hips · Small
Jenna Presley,155,55,32DD,37.0,22,32,6,Big,2,Slim hips,,Big · Slim hips
Jenna Reid,155,49,32B,34.0,24,34,3,Modest,4,Average hips,,Average hips · Modest
Jenna Rose,155,50,34C,37.0,24,35,4,Average,5,Curvy,,Curvy · Average
Jenni Lee,160,45,34C,37.0,24,35,4,Average,4,Average hips,,Average · Average hips
Jenni Noble,168,70,36H,47.0,32,39,8,Massive,7,Thick,,Massive · Thick
Jennifer Amton,168,55,34D,38.0,25,36,5,Full,5,Curvy,,Full · Curvy
Jennifer Bliss,147,42,32B,34.0,22,34,3,Modest,4,Average hips,,Average hips · Modest
Jennifer Dark,170,53,34C,37.0,25,35,4,Average,4,Average hips,,Average · Average hips
Jennifer Jacobs,165,55,34B,36.0,26,34,3,Modest,3,Lean hips,,Modest · Lean hips
Jennifer Luv,165,55,34C,37.0,25,36,4,Average,5,Curvy,,Curvy · Average
Jennifer Max,169,55,34D,38.0,24,34,5,Full,3,Lean hips,,Full · Lean hips
Jennifer Mendez,158,62,36C,39.0,26,38,4,Average,7,Thick,,Thick · Average
Jennifer Steele,160,52,36DD,41.0,24,34,6,Big,3,Lean hips,,Big · Lean hips
Jennifer Stone,178,59,34B,36.0,25,36,2,Small,4,Average hips,,Average hips · Small
Jennifer White,157,52,34C,37.0,27,36,4,Average,5,Curvy,,Curvy · Average
Jenny Anderson,150,45,32B,34.0,26,36,3,Modest,6,Very Curvy,,Very Curvy · Modest
Jenny Blighe,171,50,34C,37.0,26,30,4,Average,1,Straight,Petite,Average · Straight · Petite
Jenny Glam,163,55,34A,35.0,28,38,1,Flat,7,Thick,,Thick · Flat
Jenny Hard,165,50,34D,38.0,25,36,5,Full,5,Curvy,,Full · Curvy
Jenny Hendrix,173,49,34D,38.0,24,36,5,Full,4,Average hips,Petite,Full · Average hips · Petite
Jenny Jizz,170,61,38DD,43.0,27,36,6,Big,5,Curvy,,Big · Curvy
Jenny Lopes,155,44,34B,36.0,24,32,3,Modest,2,Slim hips,,Modest · Slim hips
Jenny Mason,157,52,34D,38.0,25,34,6,Big,3,Lean hips,,Big · Lean hips
Jenny Noel,175,49,32B,34.0,23,36,2,Small,4,Average hips,Petite,Average hips · Small · Petite
Jenny One,165,56,34D,38.0,25,36,5,Full,5,Curvy,,Full · Curvy
Jeny Baby,160,45,36A,37.0,24,34,1,Flat,3,Lean hips,,Lean hips · Flat
Jeny Smith,161,53,32C,35.0,64,90,4,Average,8,Voluptuous,,Voluptuous · Average
Jericha Jem,166,45,34C,37.0,24,33,4,Average,2,Slim hips,Petite,Average · Slim hips · Petite
Jersey Cummings,168,59,34C,37.0,28,40,4,Average,7,Thick,,Thick · Average
Jesie Jones,176,55,31B,33.0,25,35,2,Small,3,Lean hips,,Lean hips · Small
Jeska Vardinski,157,52,33B,35.0,23,34,3,Modest,3,Lean hips,,Modest · Lean hips
Jess Miller,163,57,30G,39.0,26,34,8,Massive,3,Lean hips,,Massive · Lean hips
Jess West,157,54,34B,36.0,24,30,3,Modest,1,Straight,,Modest · Straight
Jessa Blue,165,48,34B,36.0,24,34,3,Modest,3,Lean hips,,Modest · Lean hips
Jessa Rhodes,168,50,32B,34.0,25,36,2,Small,5,Curvy,,Curvy · Small
Jesse Jane,154,49,32D,36.0,22,30,6,Big,1,Straight,,Big · Straight
Jesse Jordan,157,53,32A,33.0,24,34,2,Small,3,Lean hips,,Lean hips · Small
Jessi Palmer,150,38,34A,35.0,22,36,2,Small,6,Very Curvy,Petite,Very Curvy · Small · Petite
Jessi Summers,173,55,34E,40.0,26,36,7,Huge,4,Average hips,,Huge · Average hips
Jessica Bangkok,152,57,34D,38.0,30,36,6,Big,6,Very Curvy,,Big · Very Curvy
Jessica Darlin,160,47,36C,39.0,24,32,4,Average,2,Slim hips,,Average · Slim hips
Jessica Dawn,168,64,34DD,39.0,27,41,6,Big,7,Thick,,Thick · Big
Jessica Drake,173,50,34D,38.0,25,36,5,Full,4,Average hips,Petite,Full · Average hips · Petite
Jessica Fiorentino,165,53,34B,36.0,23,35,3,Modest,4,Average hips,,Average hips · Modest
Jessica Jade,174,61,32E,38.0,26,35,6,Big,3,Lean hips,,Big · Lean hips
Jessica Jaymes,170,53,32D,36.0,22,33,5,Full,2,Slim hips,,Full · Slim hips
Jessica Jensen,165,54,32D,36.0,26,32,5,Full,1,Straight,,Full · Straight
Jessica Koks,160,48,34B,36.0,23,34,3,Modest,3,Lean hips,,Modest · Lean hips
Jessica Lincoln,167,58,30A,31.0,25,37,1,Flat,6,Very Curvy,,Very Curvy · Flat
Jessica Lyn,167,50,34C,37.0,24,36,4,Average,5,Curvy,,Curvy · Average
Jessica Lynn,168,52,34D,38.0,24,36,5,Full,5,Curvy,,Full · Curvy
Jessica Miller,160,52,32A,33.0,23,33,1,Flat,2,Slim hips,,Slim hips · Flat
Jessica Moore,157,51,34DD,39.0,26,37,6,Big,6,Very Curvy,,Big · Very Curvy
Jessica Neight,166,55,34B,36.0,25,35,2,Small,4,Average hips,,Average hips · Small
Jessica Nyx,168,55,36D,40.0,24,37,5,Full,6,Very Curvy,,Very Curvy · Full
Jessica Rex,167,52,32B,34.0,28,33,2,Small,2,Slim hips,,Small · Slim hips
Jessica Robbin,165,52,32DDD,38.0,26,36,7,Huge,5,Curvy,,Huge · Curvy
Jessica Roberts,167,77,32G,41.0,26,36,8,Massive,5,Curvy,,Massive · Curvy
Jessica Ryan,160,52,32C,35.0,22,34,4,Average,3,Lean hips,,Average · Lean hips
Jessica Sexxxton,157,53,33B,35.0,22,33,3,Modest,2,Slim hips,,Modest · Slim hips
Jessica Sweet,165,48,34DD,39.0,24,34,6,Big,3,Lean hips,,Big · Lean hips
Jessica Valentino,167,50,34B,36.0,24,33,2,Small,2,Slim hips,,Small · Slim hips
Jessie Andrews,172,55,34B,36.0,25,36,2,Small,4,Average hips,,Average hips · Small
Jessie Fontana,157,48,34A,35.0,25,37,2,Small,6,Very Curvy,,Very Curvy · Small
Jessie James,170,56,36C,39.0,24,35,4,Average,4,Average hips,,Average · Average hips
Jessie Jazz,168,52,34C,37.0,25,36,4,Average,5,Curvy,,Curvy · Average
Jessie Lee,157,51,34C,37.0,24,33,4,Average,2,Slim hips,,Average · Slim hips
Jessie Lee Pierce,161,52,28F,35.0,24,32,7,Huge,1,Straight,,Huge · Straight
Jessie Lynne,155,52,32B,34.0,24,36,3,Modest,6,Very Curvy,,Very Curvy · Modest
Jessie Rogers,170,55,32D,36.0,25,37,5,Full,6,Very Curvy,,Very Curvy · Full
Jessie Saint,162,45,33A,34.0,24,31,1,Flat,1,Straight,Petite,Flat · Straight · Petite
Jessie Volt,156,50,32B,34.0,24,36,3,Modest,5,Curvy,,Curvy · Modest
Jessika Lux,175,57,38B,40.0,25,36,2,Small,4,Average hips,,Average hips · Small
Jessy Dubai,173,69,36D,40.0,27,35,5,Full,3,Lean hips,,Full · Lean hips
Jessyka Swan,156,40,28B,30.0,23,34,3,Modest,3,Lean hips,Petite,Modest · Lean hips · Petite
Jewels Jade,162,55,32DDD,38.0,25,35,7,Huge,4,Average hips,,Huge · Average hips
Jewelz Blu,168,50,32C,35.0,24,34,4,Average,3,Lean hips,,Average · Lean hips
Jewles West,160,50,32A,33.0,30,32,1,Flat,2,Slim hips,,Slim hips · Flat
Jezabel Vessir,165,52,28F,35.0,25,32,7,Huge,1,Straight,,Huge · Straight
Jezebelle Bond,168,50,34B,36.0,26,36,2,Small,5,Curvy,,Curvy · Small
Jill Kassidy,168,52,34B,36.0,28,35,2,Small,4,Average hips,,Average hips · Small
Jill Kelly,170,52,37DD,42.0,24,35,6,Big,4,Average hips,,Big · Average hips
Jillian Janson,170,52,34C,37.0,25,36,4,Average,5,Curvy,,Curvy · Average
Jimena Lago,157,52,35B,37.0,23,34,3,Modest,3,Lean hips,,Modest · Lean hips
Joanna Angel,150,44,34C,37.0,24,34,5,Full,4,Average hips,,Full · Average hips
Joclyn Stone,160,66,36D,40.0,30,37,6,Big,6,Very Curvy,,Big · Very Curvy
Jodi Bean,155,48,34D,38.0,24,32,6,Big,2,Slim hips,,Big · Slim hips
Jodi West,168,55,34D,38.0,24,35,5,Full,4,Average hips,,Full · Average hips
Jodie Moore,155,54,34D,38.0,26,37,6,Big,7,Thick,,Thick · Big
Jodie Taylor,165,57,34B,36.0,26,36,3,Modest,5,Curvy,,Curvy · Modest
Joey White,162,57,32A,33.0,22,32,1,Flat,1,Straight,,Flat · Straight
Johane Johanson,157,48,34B,36.0,24,33,3,Modest,2,Slim hips,,Modest · Slim hips
Jojo Kiss,168,52,34C,37.0,22,34,4,Average,3,Lean hips,,Average · Lean hips
Jolee Love,176,64,38E,44.0,35,39,6,Big,7,Thick,,Thick · Big
Jolene Devil,157,48,34B,36.0,25,34,3,Modest,3,Lean hips,,Modest · Lean hips
Jolie Rain,172,64,32GG,42.0,23,32,8,Massive,1,Straight,,Massive · Straight
Jonni Hennessy,155,45,32B,34.0,24,33,3,Modest,2,Slim hips,,Modest · Slim hips
Jools Brooke,157,50,34B,36.0,28,30,3,Modest,1,Straight,,Modest · Straight
Jordan Blue,178,57,34DD,39.0,24,36,6,Big,4,Average hips,,Big · Average hips
Jordan Green,165,48,32B,34.0,23,35,3,Modest,4,Average hips,,Average hips · Modest
Jordan Jagger,152,57,34FF,42.0,25,35,7,Huge,5,Curvy,,Huge · Curvy
Jordan Kingsley,180,64,36D,40.0,28,34,5,Full,2,Slim hips,,Full · Slim hips
Jordan Maze,172,54,35C,38.0,22,35,4,Average,3,Lean hips,,Average · Lean hips
Jordan Pryce,165,52,32FF,40.0,24,34,7,Huge,3,Lean hips,,Huge · Lean hips
Jordan Skye,183,59,34B,36.0,25,34,2,Small,2,Slim hips,,Small · Slim hips
Jordan White,173,56,33B,35.0,25,35,2,Small,3,Lean hips,,Lean hips · Small
Jordana Heat,165,48,34C,37.0,24,34,4,Average,3,Lean hips,,Average · Lean hips
Jordanne Kali,156,41,32B,34.0,24,34,3,Modest,3,Lean hips,Petite,Modest · Lean hips · Petite
Joseline Kelly,163,48,32D,36.0,23,36,5,Full,5,Curvy,,Full · Curvy
Josephine Jackson,170,59,36DD,41.0,26,37,6,Big,6,Very Curvy,,Big · Very Curvy
Josephine James,163,62,42F,49.0,28,38,7,Huge,7,Thick,,Huge · Thick
Josette Most,175,52,34B,36.0,26,35,2,Small,3,Lean hips,Petite,Lean hips · Small · Petite
Joslyn James,163,55,34DD,39.0,27,39,6,Big,7,Thick,,Thick · Big
Judith Fox,168,51,34B,36.0,24,33,2,Small,2,Slim hips,,Small · Slim hips
Judith Nemyo,169,57,36C,39.0,24,34,4,Average,3,Lean hips,,Average · Lean hips
Judy Jolie,161,53,32C,35.0,24,32,4,Average,1,Straight,,Average · Straight
Judy Smile,163,48,34A,35.0,23,34,1,Flat,3,Lean hips,,Lean hips · Flat
Juelz Ventura,165,52,32DD,37.0,24,34,6,Big,3,Lean hips,,Big · Lean hips
Juicy Jazmynne,166,136,42DD,47.0,46,60,6,Big,8,Voluptuous,BBW,Voluptuous · Big · BBW
Juicy Pearl,165,50,34DD,39.0,24,34,6,Big,3,Lean hips,,Big · Lean hips
Julia Ann,173,59,34E,40.0,24,38,7,Huge,6,Very Curvy,,Huge · Very Curvy
Julia Bond,152,44,34D,38.0,25,35,6,Big,5,Curvy,,Big · Curvy
Julia Crown,160,44,32C,35.0,23,34,4,Average,3,Lean hips,Petite,Average · Lean hips · Petite
Julia De Lucia,166,54,34C,37.0,24,37,4,Average,6,Very Curvy,,Very Curvy · Average
Julia Parker,170,58,30A,31.0,24,33,1,Flat,2,Slim hips,,Slim hips · Flat
Julia Red,163,55,32C,35.0,26,36,4,Average,5,Curvy,,Curvy · Average
Julia Roca,165,50,33A,34.0,24,33,1,Flat,2,Slim hips,,Slim hips · Flat
Julia Taylor,160,52,34D,38.0,24,34,6,Big,3,Lean hips,,Big · Lean hips
Julianna Vega,164,52,34E,40.0,24,37,7,Huge,6,Very Curvy,,Huge · Very Curvy
Julie Cash,167,72,36D,40.0,30,48,5,Full,8,Voluptuous,,Voluptuous · Full
Julie Kay,172,55,34DD,39.0,26,32,6,Big,1,Straight,,Big · Straight
Julie Meadows,168,50,36C,39.0,22,32,4,Average,1,Straight,,Average · Straight
Julie Silver,173,55,36B,38.0,26,36,2,Small,4,Average hips,,Average hips · Small
Julie Skyhigh,164,49,32DD,37.0,23,34,6,Big,3,Lean hips,,Big · Lean hips
Juliet Anderson,165,53,34B,36.0,25,32,3,Modest,1,Straight,,Modest · Straight
Juliette March,154,50,34B,36.0,24,36,3,Modest,6,Very Curvy,,Very Curvy · Modest
July Johnson,155,60,38C,41.0,35,37,4,Average,7,Thick,,Thick · Average
July Sun,168,50,32A,33.0,23,34,1,Flat,3,Lean hips,,Lean hips · Flat
Jun Kusanagi,166,48,37C,40.0,23,34,4,Average,3,Lean hips,Petite,Average · Lean hips · Petite
June Summers,170,57,40G,49.0,26,36,7,Huge,5,Curvy,,Huge · Curvy
Jureka Del Mar,168,58,31B,33.0,23,32,2,Small,1,Straight,,Small · Straight
Justine Ashley,173,59,34B,36.0,25,34,2,Small,2,Slim hips,,Small · Slim hips
Justine Joli,170,52,34C,37.0,23,34,4,Average,3,Lean hips,,Average · Lean hips
Jynx Maze,154,53,34B,36.0,25,36,3,Modest,6,Very Curvy,,Very Curvy · Modest
Kacey Jordan,163,44,34C,37.0,22,32,4,Average,1,Straight,Petite,Average · Straight · Petite
Kacey Parker,157,82,38H,49.0,38,40,8,Massive,8,Voluptuous,BBW,Massive · Voluptuous · BBW
Kacey Villainess,173,55,34B,36.0,25,36,2,Small,4,Average hips,,Average hips · Small
Kaci Starr,160,52,36C,39.0,25,32,4,Average,2,Slim hips,,Average · Slim hips
Kacie Castle,165,51,34A,35.0,25,32,1,Flat,1,Straight,,Flat · Straight
Kacy Lane,168,48,36A,37.0,24,28,1,Flat,1,Straight,Petite,Flat · Straight · Petite
Kagney Linn Karter,163,54,34D,38.0,25,36,5,Full,5,Curvy,,Full · Curvy
Kahlista Stonem,153,45,32DD,37.0,24,33,6,Big,2,Slim hips,,Big · Slim hips
Kailani Kai,167,72,38K,49.0,32,46,8,Massive,8,Voluptuous,,Massive · Voluptuous
Kaiya Lynn,150,45,32C,35.0,23,32,5,Full,2,Slim hips,,Full · Slim hips
Kalani Breeze,155,50,34D,38.0,24,32,6,Big,2,Slim hips,,Big · Slim hips
Kali Karinena,168,57,34B,36.0,28,36,2,Small,5,Curvy,,Curvy · Small
Kali Kavalli,160,65,34C,37.0,28,39,4,Average,7,Thick,,Thick · Average
Kali Renee,163,48,34D,38.0,26,36,5,Full,5,Curvy,,Full · Curvy
Kali Roses,167,52,32C,35.0,25,30,4,Average,1,Straight,,Average · Straight
Kali Ryder,161,57,32D,36.0,26,35,5,Full,4,Average hips,,Full · Average hips
Kali West,165,70,36F,43.0,30,38,7,Huge,7,Thick,,Huge · Thick
Kalina Ryu,162,50,34A,35.0,29,33,1,Flat,2,Slim hips,,Slim hips · Flat
Kallie Joe,168,57,32B,34.0,26,38,2,Small,7,Thick,,Thick · Small
Kamille Amora,161,64,36I,45.0,36,39,8,Massive,7,Thick,,Massive · Thick
Kamryn Jayde,170,55,34C,37.0,24,34,4,Average,3,Lean hips,,Average · Lean hips
Kandace Kayne,168,59,34D,38.0,24,34,5,Full,3,Lean hips,,Full · Lean hips
Kandi Hart,145,36,32B,34.0,25,32,3,Modest,2,Slim hips,Petite,Modest · Slim hips · Petite
Kandi Kream,168,56,42DD,47.0,27,39,6,Big,7,Thick,,Thick · Big
Kandi Milan,160,52,34A,35.0,25,37,1,Flat,6,Very Curvy,,Very Curvy · Flat
Kandi Quinn,165,48,32B,34.0,24,30,3,Modest,1,Straight,,Modest · Straight
Kandie Monaee,163,50,34C,37.0,25,34,4,Average,3,Lean hips,,Average · Lean hips
Kapri Styles,170,56,32AA,32.0,19,36,1,Flat,5,Curvy,,Curvy · Flat
Kara Faux,171,49,34C,37.0,24,34,4,Average,2,Slim hips,Petite,Average · Slim hips · Petite
Kara Kane,165,59,36C,39.0,26,39,4,Average,7,Thick,,Thick · Average
Kara Lee,153,45,32DD,37.0,24,30,6,Big,1,Straight,,Big · Straight
Kara Novak,167,49,34D,38.0,25,34,5,Full,3,Lean hips,,Full · Lean hips
Kara Price,178,56,33AA,33.0,24,34,1,Flat,2,Slim hips,,Slim hips · Flat
Karen Fisher,173,67,40DDD,46.0,28,38,7,Huge,6,Very Curvy,,Huge · Very Curvy
Karen Kougar,157,54,34F,41.0,26,36,7,Huge,5,Curvy,,Huge · Curvy
Karen Summer,160,67,40DD,45.0,32,40,6,Big,8,Voluptuous,,Voluptuous · Big
Karin Aizawa,157,48,33C,36.0,22,33,4,Average,2,Slim hips,,Average · Slim hips
Karin Von Kroft,170,49,33A,34.0,25,34,1,Flat,3,Lean hips,Petite,Lean hips · Flat · Petite
Karina Kaifova,172,50,32C,35.0,24,34,4,Average,2,Slim hips,Petite,Average · Slim hips · Petite
Karina Kay,170,59,34C,37.0,28,38,4,Average,7,Thick,,Thick · Average
Karina O'Reilley,173,54,34C,37.0,24,34,4,Average,2,Slim hips,,Average · Slim hips
Karina White,175,57,32D,36.0,26,36,5,Full,4,Average hips,,Full · Average hips
Karissa Kane,168,59,36D,40.0,24,37,5,Full,6,Very Curvy,,Very Curvy · Full
Karla Kush,160,51,34B,36.0,25,35,3,Modest,4,Average hips,,Average hips · Modest
Karla Lane,157,92,38E,44.0,30,36,7,Huge,5,Curvy,BBW,Huge · Curvy · BBW
Karlee Grey,167,61,36DD,41.0,27,36,6,Big,5,Curvy,,Big · Curvy
Karlie Montana,168,55,32B,34.0,24,37,2,Small,6,Very Curvy,,Very Curvy · Small
Karlie Simone,165,55,34D,38.0,25,36,5,Full,5,Curvy,,Full · Curvy
Karly Baker,158,47,32A,33.0,24,34,1,Flat,3,Lean hips,,Lean hips · Flat
Karmen Bella,170,50,32C,35.0,22,30,4,Average,1,Straight,Petite,Average · Straight · Petite
Karmen Karma,168,57,34DD,39.0,27,38,6,Big,7,Thick,,Thick · Big
Karol Lilien,173,57,34C,37.0,24,34,4,Average,2,Slim hips,,Average · Slim hips
Karter Foxx,166,52,33C,36.0,25,36,4,Average,5,Curvy,,Curvy · Average
Kasey Grant,173,51,34F,41.0,25,35,7,Huge,3,Lean hips,Petite,Huge · Lean hips · Petite
Kasey Miller,167,53,32C,35.0,25,36,4,Average,5,Curvy,,Curvy · Average
Kasey Storm,167,52,34DD,39.0,24,33,6,Big,2,Slim hips,,Big · Slim hips
Kassey Krystal,170,57,36C,39.0,25,37,4,Average,6,Very Curvy,,Very Curvy · Average
Kassondra Raine,163,50,34C,37.0,24,36,4,Average,5,Curvy,,Curvy · Average
Kat,157,45,34A,35.0,25,34,2,Small,3,Lean hips,,Lean hips · Small
Kat Arina,172,64,33B,35.0,26,37,2,Small,6,Very Curvy,,Very Curvy · Small
Kat Dior,157,46,34C,37.0,25,28,4,Average,1,Straight,,Average · Straight
Kat Kleevage,175,59,36DD,41.0,24,36,6,Big,4,Average hips,,Big · Average hips
Kat Monroe,163,55,32B,34.0,24,32,3,Modest,1,Straight,,Modest · Straight
Katana Kombat,165,57,34C,37.0,23,35,4,Average,4,Average hips,,Average · Average hips
Katana Porn,165,54,36B,38.0,24,35,3,Modest,4,Average hips,,Average hips · Modest
Katarina Kat,175,55,34C,37.0,24,34,4,Average,2,Slim hips,,Average · Slim hips
Katarina Muti,167,46,35D,39.0,24,35,5,Full,4,Average hips,Petite,Full · Average hips · Petite
Kate Alton,178,70,32C,35.0,29,39,4,Average,7,Thick,,Thick · Average
Kate Bloom,157,41,32A,33.0,22,32,2,Small,2,Slim hips,Petite,Small · Slim hips · Petite
Kate England,165,50,34B,36.0,26,37,3,Modest,6,Very Curvy,,Very Curvy · Modest
Kate Frost,165,56,36DD,41.0,24,35,6,Big,4,Average hips,,Big · Average hips
Kate Jones,165,58,34D,38.0,26,36,5,Full,5,Curvy,,Full · Curvy
Kate Kennedy,154,48,30C,33.0,25,32,5,Full,2,Slim hips,,Full · Slim hips
Kate Rich,165,45,34A,35.0,24,30,1,Flat,1,Straight,Petite,Flat · Straight · Petite
Kate Shira,171,54,31A,32.0,29,36,1,Flat,4,Average hips,,Average hips · Flat
Kate Sin,171,50,32AA,32.0,24,34,1,Flat,2,Slim hips,Petite,Slim hips · Flat · Petite
Katerina Hartlova,170,52,34DD,39.0,25,37,6,Big,6,Very Curvy,,Big · Very Curvy
Katerina Kay,157,51,32B,34.0,23,34,3,Modest,3,Lean hips,,Modest · Lean hips
Katerine Moss,161,55,36DD,41.0,27,37,6,Big,6,Very Curvy,,Big · Very Curvy
Kathia Nobili,163,65,34B,36.0,25,36,3,Modest,5,Curvy,,Curvy · Modest
Kathleen Kruz,175,62,36B,38.0,29,36,2,Small,4,Average hips,,Average hips · Small
Kathy Anderson,168,52,36C,39.0,28,39,4,Average,7,Thick,,Thick · Average
Kathy Marfa,173,57,32B,34.0,24,34,2,Small,2,Slim hips,,Small · Slim hips
Katia De Lys,170,50,33DD,38.0,26,33,6,Big,2,Slim hips,Petite,Big · Slim hips · Petite
Katie Angel,173,57,34B,36.0,24,32,2,Small,1,Straight,,Small · Straight
Katie Cummings,165,93,34DD,39.0,27,39,6,Big,7,Thick,BBW,Thick · Big · BBW
Katie Kaliana,167,50,34DD,39.0,26,34,6,Big,3,Lean hips,,Big · Lean hips
Katie Kox,169,61,36DD,41.0,31,38,6,Big,7,Thick,,Thick · Big
Katie Kush,160,55,34B,36.0,26,34,3,Modest,3,Lean hips,,Modest · Lean hips
Katie Lewis,176,56,34C,37.0,27,36,4,Average,4,Average hips,,Average · Average hips
Katie Marie,150,45,32A,33.0,26,34,2,Small,4,Average hips,,Average hips · Small
Katie Morgan,165,48,34D,38.0,24,34,5,Full,3,Lean hips,,Full · Lean hips
Katie Ray,155,53,32B,34.0,24,33,3,Modest,2,Slim hips,,Modest · Slim hips
Katie St Ives,155,53,34C,37.0,25,34,4,Average,4,Average hips,,Average · Average hips
Katie Summers,165,57,34D,38.0,28,38,5,Full,7,Thick,,Thick · Full
Katin,165,61,36C,39.0,27,38,4,Average,7,Thick,,Thick · Average
Katja Kassin,154,57,34D,38.0,28,38,6,Big,7,Thick,,Thick · Big
Katrin Porto,166,93,46DD,51.0,37,51,6,Big,8,Voluptuous,BBW,Voluptuous · Big · BBW
Katrina Isis,168,52,34B,36.0,26,34,2,Small,3,Lean hips,,Lean hips · Small
Katrina Jade,160,52,32DDD,38.0,23,34,7,Huge,3,Lean hips,,Huge · Lean hips
Katrina Kraven,157,59,34C,37.0,24,36,4,Average,5,Curvy,,Curvy · Average
Katrina Moreno,167,54,37D,41.0,24,37,5,Full,6,Very Curvy,,Very Curvy · Full
Katsuni,170,53,34D,38.0,23,35,5,Full,4,Average hips,,Full · Average hips
Katt Dylan,161,55,34C,37.0,24,34,4,Average,3,Lean hips,,Average · Lean hips
Katt Garcia,167,66,38DD,43.0,28,34,6,Big,3,Lean hips,,Big · Lean hips
Kattie Hill,157,50,32C,35.0,24,34,4,Average,3,Lean hips,,Average · Lean hips
Katty West,168,47,32A,33.0,29,34,1,Flat,3,Lean hips,Petite,Lean hips · Flat · Petite
Katy Caro,175,59,36B,38.0,26,36,2,Small,4,Average hips,,Average hips · Small
Katy Jayne,163,56,32G,41.0,26,32,8,Massive,1,Straight,,Massive · Straight
Katy Kiss,176,55,34A,35.0,26,32,1,Flat,1,Straight,,Flat · Straight
Katy Rose,162,50,32B,34.0,24,32,3,Modest,1,Straight,,Modest · Straight
Katy Sky,167,52,33C,36.0,24,35,4,Average,4,Average hips,,Average · Average hips
Katy Sweet,160,53,34A,35.0,25,36,1,Flat,5,Curvy,,Curvy · Flat
Katya Rodriguez,161,44,32B,34.0,24,36,3,Modest,5,Curvy,Petite,Curvy · Modest · Petite
Kay Carter,160,56,34B,36.0,24,38,3,Modest,7,Thick,,Thick · Modest
Kaycee Brooks,167,57,34B,36.0,26,37,2,Small,6,Very Curvy,,Very Curvy · Small
Kaycee Dean,170,57,34B,36.0,26,35,2,Small,4,Average hips,,Average hips · Small
Kayden Kross,165,52,32D,36.0,22,34,5,Full,3,Lean hips,,Full · Lean hips
Kaydence Skye,155,48,34B,36.0,23,34,3,Modest,4,Average hips,,Average hips · Modest
Kayla Cam,178,69,34DDD,40.0,28,36,6,Big,4,Average hips,,Big · Average hips
Kayla Carrera,173,59,34DD,39.0,26,36,6,Big,4,Average hips,,Big · Average hips
Kayla Green,178,60,34D,38.0,25,37,5,Full,6,Very Curvy,,Very Curvy · Full
Kayla Marie,157,54,34B,36.0,26,34,3,Modest,3,Lean hips,,Modest · Lean hips
Kayla Paige,170,59,36D,40.0,24,36,5,Full,5,Curvy,,Full · Curvy
Kayla Paris,166,59,34C,37.0,24,34,4,Average,3,Lean hips,,Average · Lean hips
Kayla Synz,163,55,34D,38.0,25,33,5,Full,2,Slim hips,,Full · Slim hips
Kayla West,160,57,34DD,39.0,26,36,6,Big,5,Curvy,,Big · Curvy
Kaylani Lei,152,45,32DD,37.0,22,32,6,Big,2,Slim hips,,Big · Slim hips
Kaylee Haze,155,45,33A,34.0,21,31,2,Small,1,Straight,,Small · Straight
Kaylee Hilton,170,50,34C,37.0,25,38,4,Average,7,Thick,Petite,Thick · Average · Petite
Kaylee Jewel,154,47,34B,36.0,28,36,3,Modest,6,Very Curvy,,Very Curvy · Modest
Kaylee Sanchez,157,51,34D,38.0,29,34,6,Big,3,Lean hips,,Big · Lean hips
Kaylynn,175,66,36C,39.0,25,36,4,Average,4,Average hips,,Average · Average hips
Kayme Kai,154,50,34D,38.0,24,35,6,Big,5,Curvy,,Big · Curvy
Kaz B,147,45,34C,37.0,27,34,5,Full,4,Average hips,,Full · Average hips
Keana Moire,173,55,34B,36.0,26,35,2,Small,3,Lean hips,,Lean hips · Small
Keeani Lei,163,48,34A,35.0,24,36,1,Flat,5,Curvy,,Curvy · Flat
Keegan Monroe,168,45,32B,34.0,24,33,2,Small,2,Slim hips,Petite,Small · Slim hips · Petite
Keilani Kita,152,52,34B,36.0,26,36,3,Modest,6,Very Curvy,,Very Curvy · Modest
Keira Croft,158,52,34B,36.0,24,34,3,Modest,3,Lean hips,,Modest · Lean hips
Keira Moon,170,54,36D,40.0,24,37,5,Full,6,Very Curvy,,Very Curvy · Full
Keisha Grey,157,52,32DD,37.0,25,34,6,Big,3,Lean hips,,Big · Lean hips
Keiyra Lina,160,61,34D,38.0,25,37,6,Big,6,Very Curvy,,Big · Very Curvy
Kelli Staxxx,165,70,36DDD,42.0,28,44,7,Huge,8,Voluptuous,,Voluptuous · Huge
Kelly Brook,168,64,34DD,39.0,28,37,6,Big,6,Very Curvy,,Big · Very Curvy
Kelly Diamond,166,50,36B,38.0,24,36,2,Small,5,Curvy,,Curvy · Small
Kelly Divine,169,70,34D,38.0,26,40,5,Full,7,Thick,,Thick · Full
Kelly Klass,162,42,32A,33.0,23,30,1,Flat,1,Straight,Petite,Flat · Straight · Petite
Kelly Kline,168,50,35C,38.0,24,34,4,Average,3,Lean hips,,Average · Lean hips
Kelly Leigh,170,59,36C,39.0,25,38,4,Average,7,Thick,,Thick · Average
Kelly Madison,175,57,34FF,42.0,26,34,7,Huge,2,Slim hips,,Huge · Slim hips
Kelly Paige,170,57,34C,37.0,26,34,4,Average,3,Lean hips,,Average · Lean hips
Kelly Shibari,170,95,40D,44.0,35,46,5,Full,8,Voluptuous,BBW,Voluptuous · Full · BBW
Kelly Skyline,155,50,32A,33.0,26,34,2,Small,4,Average hips,,Average hips · Small
Kelly Star,165,59,36F,43.0,30,40,7,Huge,7,Thick,,Huge · Thick
Kelly Stylz,170,51,34B,36.0,25,36,2,Small,5,Curvy,,Curvy · Small
Kelly Summer,175,55,34D,38.0,25,35,5,Full,3,Lean hips,,Full · Lean hips
Kelly Surfer,157,45,34B,36.0,26,34,3,Modest,3,Lean hips,,Modest · Lean hips
Kelly Wells,167,57,34C,37.0,23,33,4,Average,2,Slim hips,,Average · Slim hips
Kelsey Heart,173,54,34C,37.0,27,36,4,Average,4,Average hips,,Average · Average hips
Kelsey Kage,155,48,32B,34.0,24,34,3,Modest,4,Average hips,,Average hips · Modest
Kendall Brooks,168,52,32DD,37.0,24,34,6,Big,3,Lean hips,,Big · Lean hips
Kendall Karson,173,51,32D,36.0,25,37,5,Full,6,Very Curvy,Petite,Very Curvy · Full · Petite
Kendall Kayden,158,45,32D,36.0,24,32,6,Big,2,Slim hips,,Big · Slim hips
Kendall Kross,170,57,36C,39.0,28,36,4,Average,5,Curvy,,Curvy · Average
Kendall Woods,167,55,34A,35.0,24,35,1,Flat,4,Average hips,,Average hips · Flat
Kendra Heart,163,55,34B,36.0,26,34,3,Modest,3,Lean hips,,Modest · Lean hips
Kendra Lust,162,54,34DDD,40.0,25,36,7,Huge,5,Curvy,,Huge · Curvy
Kendra Secrets,155,55,36D,40.0,24,36,6,Big,6,Very Curvy,,Big · Very Curvy
Kendra Spade,162,59,32D,36.0,26,37,5,Full,6,Very Curvy,,Very Curvy · Full
Kendra Star,163,67,36DD,41.0,28,38,6,Big,7,Thick,,Thick · Big
Kenna James,172,55,34B,36.0,24,34,2,Small,2,Slim hips,,Small · Slim hips
Kenna Kane,160,44,34B,36.0,24,34,3,Modest,3,Lean hips,Petite,Modest · Lean hips · Petite
Kennedy Kressler,161,43,32AA,32.0,25,32,1,Flat,1,Straight,Petite,Flat · Straight · Petite
Kennedy Leigh,162,50,36D,40.0,24,34,5,Full,3,Lean hips,,Full · Lean hips
Kennedy Nash,166,49,32C,35.0,29,32,4,Average,1,Straight,,Average · Straight
Kenzi Foxx,165,57,34DD,39.0,24,36,6,Big,5,Curvy,,Big · Curvy
Kenzi Marie,151,45,32DD,37.0,22,34,6,Big,4,Average hips,,Big · Average hips
Kenzie Green,160,57,34B,36.0,32,37,3,Modest,6,Very Curvy,,Very Curvy · Modest
Kenzie Madison,163,57,32B,34.0,26,38,3,Modest,7,Thick,,Thick · Modest
Kenzie Reeves,147,41,32B,34.0,22,30,3,Modest,2,Slim hips,,Modest · Slim hips
Kenzie Taylor,171,55,34DDD,40.0,26,32,7,Huge,1,Straight,,Huge · Straight
Keri Lynn,157,48,34D,38.0,24,36,6,Big,5,Curvy,,Big · Curvy
Keri Sable,170,48,34B,36.0,23,33,2,Small,2,Slim hips,Petite,Small · Slim hips · Petite
Keri Windsor,170,55,34D,38.0,24,35,5,Full,4,Average hips,,Full · Average hips
Kerry Cherry,162,40,33A,34.0,24,35,1,Flat,4,Average hips,Petite,Average hips · Flat · Petite
Kerry Louise,167,59,32FF,40.0,24,34,7,Huge,3,Lean hips,,Huge · Lean hips
Kerry Marie,162,72,44K,55.0,34,40,8,Massive,7,Thick,,Massive · Thick
Kesha Ortega,162,61,36F,43.0,23,36,7,Huge,5,Curvy,,Huge · Curvy
Kety Pearl,165,53,38B,40.0,26,36,3,Modest,5,Curvy,,Curvy · Modest
Kharlie Stone,157,43,32A,33.0,25,33,2,Small,2,Slim hips,Petite,Small · Slim hips · Petite
Khloe Kapri,157,48,32B,34.0,24,36,3,Modest,5,Curvy,,Curvy · Modest
Khloe Krush,161,50,34B,36.0,24,36,3,Modest,5,Curvy,,Curvy · Modest
Khloe Kush,152,48,34B,36.0,24,34,3,Modest,4,Average hips,,Average hips · Modest
Kianna Dior,163,54,34DD,39.0,25,34,6,Big,3,Lean hips,,Big · Lean hips
Kiara Cole,153,38,32A,33.0,22,34,2,Small,4,Average hips,Petite,Average hips · Small · Petite
Kiara Diane,173,57,34B,36.0,24,34,2,Small,2,Slim hips,,Small · Slim hips
Kiara Edwards,165,57,32D,36.0,26,39,5,Full,7,Thick,,Thick · Full
Kiara Knight,155,47,34A,35.0,24,30,2,Small,1,Straight,,Small · Straight
Kiara Lord,155,50,34A,35.0,25,36,2,Small,6,Very Curvy,,Very Curvy · Small
Kiara Mia,163,59,34DD,39.0,26,36,6,Big,5,Curvy,,Big · Curvy
Kiarra Kai,170,50,32C,35.0,27,37,4,Average,6,Very Curvy,Petite,Very Curvy · Average · Petite
Kiera King,167,52,34DD,39.0,23,34,6,Big,3,Lean hips,,Big · Lean hips
Kiera Wilde,168,59,36D,40.0,27,30,5,Full,1,Straight,,Full · Straight
Kiki Daire,155,48,36D,40.0,26,36,6,Big,6,Very Curvy,,Big · Very Curvy
Kiki Minaj,157,48,32E,38.0,26,32,7,Huge,2,Slim hips,,Huge · Slim hips
Kiki Vidis,166,50,32B,34.0,24,34,2,Small,3,Lean hips,,Lean hips · Small
Kiley Jay,163,43,34B,36.0,26,37,3,Modest,6,Very Curvy,Petite,Very Curvy · Modest · Petite
Kim Chambers,163,55,34E,40.0,24,36,7,Huge,5,Curvy,,Huge · Curvy
Kim Gold,155,52,32DDD,38.0,24,34,7,Huge,4,Average hips,,Huge · Average hips
Kim Kennedy,151,44,34A,35.0,26,36,2,Small,6,Very Curvy,,Very Curvy · Small
Kimber Day,167,52,34C,37.0,28,37,4,Average,6,Very Curvy,,Very Curvy · Average
Kimber Lee,165,58,32D,36.0,25,36,5,Full,5,Curvy,,Full · Curvy
Kimber Woods,157,52,34B,36.0,24,36,3,Modest,5,Curvy,,Curvy · Modest
Kimberly Chi,161,44,34A,35.0,23,34,1,Flat,3,Lean hips,Petite,Lean hips · Flat · Petite
Kimberly Gates,168,53,32B,34.0,25,36,2,Small,5,Curvy,,Curvy · Small
Kimberly Kane,175,61,36B,38.0,26,34,2,Small,2,Slim hips,,Small · Slim hips
Kimberly Kendall,170,51,34DDD,40.0,20,39,7,Huge,7,Thick,,Huge · Thick
Kimberly Kiss,160,55,32A,33.0,22,24,1,Flat,1,Straight,,Flat · Straight
Kimmy Fabel,162,57,32C,35.0,24,34,4,Average,3,Lean hips,,Average · Lean hips
Kimmy Granger,155,45,32A,33.0,24,34,2,Small,4,Average hips,,Average hips · Small
Kimmy Kush,154,52,34DD,39.0,24,34,6,Big,4,Average hips,,Big · Average hips
Kimmy Olsen,152,50,34B,36.0,25,36,3,Modest,6,Very Curvy,,Very Curvy · Modest
Kina Kai,155,41,34C,37.0,22,34,4,Average,4,Average hips,Petite,Average · Average hips · Petite
Kinky Carmen,175,58,34D,38.0,25,38,5,Full,6,Very Curvy,,Very Curvy · Full
Kinsley Eden,168,57,34C,37.0,28,35,4,Average,4,Average hips,,Average · Average hips
Kinuski Kakku,160,52,34C,37.0,25,34,4,Average,3,Lean hips,,Average · Lean hips
Kinzie Kenner,165,50,36D,40.0,25,34,5,Full,3,Lean hips,,Full · Lean hips
Kinzy Jo,165,50,32B,34.0,22,34,3,Modest,3,Lean hips,,Modest · Lean hips
Kira Kener,163,50,34DD,39.0,24,38,6,Big,7,Thick,,Thick · Big
Kira L,165,50,32A,33.0,26,37,1,Flat,6,Very Curvy,,Very Curvy · Flat
Kira Lake,152,45,32B,34.0,23,33,3,Modest,2,Slim hips,,Modest · Slim hips
Kira Lynne,160,55,34C,37.0,27,38,4,Average,7,Thick,,Thick · Average
Kira Noir,168,59,32B,34.0,26,35,2,Small,4,Average hips,,Average hips · Small
Kira Queen,172,58,34DD,39.0,24,32,6,Big,1,Straight,,Big · Straight
Kira Roller,165,43,34A,35.0,22,31,1,Flat,1,Straight,Petite,Flat · Straight · Petite
Kira Sinn,152,43,32C,35.0,24,33,5,Full,2,Slim hips,,Full · Slim hips
Kira Thorn,160,47,34AA,34.0,23,34,1,Flat,3,Lean hips,,Lean hips · Flat
Kirara Asuka,162,53,35DDD,41.0,23,33,7,Huge,2,Slim hips,,Huge · Slim hips
Kirschley Swoon,160,57,34B,36.0,25,35,3,Modest,4,Average hips,,Average hips · Modest
Kirsten Plant,167,54,32B,34.0,23,36,2,Small,5,Curvy,,Curvy · Small
Kirsten Price,157,46,34C,37.0,24,33,4,Average,2,Slim hips,,Average · Slim hips
Kissa Sins,154,55,32C,35.0,24,38,5,Full,7,Thick,,Thick · Full
Kissy Kapri,163,49,34D,38.0,25,36,5,Full,5,Curvy,,Full · Curvy
Kit Mercer,169,59,32DD,37.0,27,39,6,Big,7,Thick,,Thick · Big
Kita Zen,160,46,32B,34.0,24,34,3,Modest,3,Lean hips,,Modest · Lean hips
Kitana A Demida,165,48,29A,30.0,24,28,1,Flat,1,Straight,,Flat · Straight
Kitana Flores,170,57,34D,38.0,26,36,5,Full,5,Curvy,,Full · Curvy
Kitana Lure,171,61,37D,41.0,27,39,5,Full,7,Thick,,Thick · Full
Kittina Ivory,163,50,34C,37.0,25,34,4,Average,3,Lean hips,,Average · Lean hips
Kitty,149,38,32AA,32.0,21,31,1,Flat,2,Slim hips,Petite,Slim hips · Flat · Petite
Kitty Bella,172,64,34E,40.0,29,36,7,Huge,4,Average hips,,Huge · Average hips
Kitty Blair,173,56,34B,36.0,27,33,2,Small,1,Straight,,Small · Straight
Kitty Caprice,165,55,34C,37.0,28,36,4,Average,5,Curvy,,Curvy · Average
Kitty Carrera,160,50,32B,34.0,25,31,3,Modest,1,Straight,,Modest · Straight
Kitty Cat,170,50,32B,34.0,25,37,2,Small,6,Very Curvy,Petite,Very Curvy · Small · Petite
Kitty Catherine,163,57,37B,39.0,27,39,3,Modest,7,Thick,,Thick · Modest
Kitty Jane,183,62,35C,38.0,26,37,3,Modest,5,Curvy,,Curvy · Modest
Klara Gold,167,67,34C,37.0,24,37,4,Average,6,Very Curvy,,Very Curvy · Average
Klarisa Leone,167,57,35D,39.0,26,35,5,Full,4,Average hips,,Full · Average hips
Klaudia Hot,161,55,34DD,39.0,27,36,6,Big,5,Curvy,,Big · Curvy
Klaudia Kelly,162,66,34DD,39.0,27,45,6,Big,8,Voluptuous,,Voluptuous · Big
Kleio Valentien,168,52,32DD,37.0,24,33,6,Big,2,Slim hips,,Big · Slim hips
Kodi Gamble,163,52,34D,38.0,26,32,5,Full,1,Straight,,Full · Straight
Kora Cummings,157,49,34C,37.0,25,34,4,Average,3,Lean hips,,Average · Lean hips
Korina Kova,161,70,32GG,42.0,27,42,8,Massive,8,Voluptuous,,Massive · Voluptuous
Kortney Kane,166,48,32DD,37.0,24,34,6,Big,3,Lean hips,Petite,Big · Lean hips · Petite
Kourtney Rae,157,49,32C,35.0,22,34,4,Average,3,Lean hips,,Average · Lean hips
Kream,162,57,32DD,37.0,24,31,6,Big,1,Straight,,Big · Straight
Krista Kaslo,171,55,36DD,41.0,25,37,6,Big,6,Very Curvy,,Big · Very Curvy
Kristal Summers,167,48,34D,38.0,24,33,5,Full,2,Slim hips,Petite,Full · Slim hips · Petite
Kristara Barrington,170,56,34C,37.0,24,36,4,Average,5,Curvy,,Curvy · Average
Kristen Cameron,165,50,33B,35.0,25,34,3,Modest,3,Lean hips,,Modest · Lean hips
Kristen Jordan,173,59,34B,36.0,24,36,2,Small,4,Average hips,,Average hips · Small
Kristi Love,160,54,36D,40.0,27,37,6,Big,6,Very Curvy,,Big · Very Curvy
Kristi Lust,165,55,34C,37.0,24,36,4,Average,5,Curvy,,Curvy · Average
Kristi Maxx,178,100,38F,45.0,28,42,7,Huge,8,Voluptuous,BBW,Voluptuous · Huge · BBW
Kristina Black,163,50,34B,36.0,26,34,3,Modest,3,Lean hips,,Modest · Lean hips
Kristina Blond,168,56,34C,37.0,24,36,4,Average,5,Curvy,,Curvy · Average
Kristina Cross,160,50,36C,39.0,24,34,4,Average,3,Lean hips,,Average · Lean hips
Kristina Milan,168,75,42K,53.0,27,38,8,Massive,7,Thick,,Massive · Thick
Kristine Crystalis,169,53,35B,37.0,24,35,2,Small,4,Average hips,,Average hips · Small
Kristy Black,160,49,30A,31.0,23,39,1,Flat,7,Thick,,Thick · Flat
Kristy May,161,45,32B,34.0,24,34,3,Modest,3,Lean hips,Petite,Modest · Lean hips · Petite
Kristy Roman,160,47,35C,38.0,24,35,4,Average,4,Average hips,,Average · Average hips
Kristy Snow,165,55,34D,38.0,25,35,5,Full,4,Average hips,,Full · Average hips
Kristy West,163,52,34DD,39.0,26,35,6,Big,4,Average hips,,Big · Average hips
Krystal Boyd,172,42,30B,32.0,23,32,2,Small,1,Straight,Petite,Small · Straight · Petite
Krystal Jordan,163,59,36B,38.0,26,38,3,Modest,7,Thick,,Thick · Modest
Krystal Kash,168,61,34C,37.0,24,36,4,Average,5,Curvy,,Curvy · Average
Krystal Orchid,157,45,34B,36.0,24,28,3,Modest,1,Straight,,Modest · Straight
Krystal Steal,165,48,34D,38.0,24,34,5,Full,3,Lean hips,,Full · Lean hips
Krystal Webb,162,48,30FF,38.0,24,32,7,Huge,1,Straight,,Huge · Straight
Kya Tropic,160,61,36D,40.0,32,38,6,Big,7,Thick,,Thick · Big
Kyanna Lee,157,51,34B,36.0,28,36,3,Modest,5,Curvy,,Curvy · Modest
Kyla Cole,170,54,36D,40.0,25,36,5,Full,5,Curvy,,Full · Curvy
Kylee King,160,49,34B,36.0,26,36,3,Modest,5,Curvy,,Curvy · Modest
Kylee Strutt,157,55,36DD,41.0,25,34,6,Big,3,Lean hips,,Big · Lean hips
Kyleigh Ann,150,40,34A,35.0,22,34,2,Small,4,Average hips,,Average hips · Small
Kyler Quinn,165,45,34B,36.0,24,28,3,Modest,1,Straight,Petite,Modest · Straight · Petite
Kylie Deville,175,56,34DD,39.0,26,35,6,Big,3,Lean hips,,Big · Lean hips
Kylie Ireland,165,69,36D,40.0,26,34,5,Full,3,Lean hips,,Full · Lean hips
Kylie Kalvetti,165,51,33B,35.0,25,36,3,Modest,5,Curvy,,Curvy · Modest
Kylie Kay,162,55,35B,37.0,27,35,3,Modest,4,Average hips,,Average hips · Modest
Kylie Le Beau,176,52,34B,36.0,24,34,2,Small,2,Slim hips,Petite,Small · Slim hips · Petite
Kylie Martin,158,47,32B,34.0,23,24,3,Modest,1,Straight,,Modest · Straight
Kylie Quinn,165,50,34B,36.0,24,36,3,Modest,5,Curvy,,Curvy · Modest
Kylie Reese,157,50,34B,36.0,26,35,3,Modest,4,Average hips,,Average hips · Modest
Kylie Rey,152,50,34B,36.0,25,36,3,Modest,6,Very Curvy,,Very Curvy · Modest
Kylie Richards,173,57,34A,35.0,24,35,1,Flat,3,Lean hips,,Lean hips · Flat
Kylie Rocket,161,45,32A,33.0,24,34,1,Flat,3,Lean hips,Petite,Lean hips · Flat · Petite
Kylie Rose,150,45,34C,37.0,24,34,5,Full,4,Average hips,,Full · Average hips
Kylie Sinner,173,61,36B,38.0,24,36,2,Small,4,Average hips,,Average hips · Small
Kylie Sky,157,50,34C,37.0,26,36,4,Average,5,Curvy,,Curvy · Average
Kylie Worthy,170,57,34G,43.0,27,36,7,Huge,5,Curvy,,Huge · Curvy
Kylie Wylde,155,47,34B,36.0,22,34,3,Modest,4,Average hips,,Average hips · Modest
Kymberlee Anne,165,51,34C,37.0,25,36,4,Average,5,Curvy,,Curvy · Average
Kyoka Ishiguro,167,45,33C,36.0,23,33,4,Average,2,Slim hips,Petite,Average · Slim hips · Petite
Kyra Hot,164,58,36DD,41.0,25,36,6,Big,5,Curvy,,Big · Curvy
Kyra Rose,173,55,34C,37.0,26,32,4,Average,1,Straight,,Average · Straight
Lacey Duvalle,157,41,34DD,39.0,21,36,6,Big,5,Curvy,Petite,Big · Curvy · Petite
Lacey Leveah,168,50,34B,36.0,22,30,2,Small,1,Straight,,Small · Straight
Lacey Little,154,45,33B,35.0,23,33,3,Modest,2,Slim hips,,Modest · Slim hips
Lacie Heart,168,51,36B,38.0,27,35,2,Small,4,Average hips,,Average hips · Small
Lacie James,161,51,34DD,39.0,26,36,6,Big,5,Curvy,,Big · Curvy
Lacy Rose,173,59,35B,37.0,25,35,2,Small,3,Lean hips,,Lean hips · Small
Lady Bug,153,48,32A,33.0,25,38,2,Small,7,Thick,,Thick · Small
Lady Dee,176,48,32A,33.0,23,34,1,Flat,2,Slim hips,Petite,Slim hips · Flat · Petite
Lady Rebeca,163,58,36D,40.0,24,35,5,Full,4,Average hips,,Full · Average hips
Lady Sonia,172,52,34F,41.0,24,35,7,Huge,3,Lean hips,,Huge · Lean hips
Lady Spice,167,86,38F,45.0,28,38,7,Huge,7,Thick,BBW,Huge · Thick · BBW
Laela Pryce,170,59,36D,40.0,27,38,5,Full,7,Thick,,Thick · Full
Lain Oi,170,55,34D,38.0,22,32,5,Full,1,Straight,,Full · Straight
Lake Russell,175,55,34C,37.0,24,36,4,Average,4,Average hips,,Average · Average hips
Lala Ivey,168,59,32C,35.0,24,34,4,Average,3,Lean hips,,Average · Lean hips
Lana Cox,167,50,32E,38.0,24,34,7,Huge,3,Lean hips,,Huge · Lean hips
Lana Croft,157,44,32B,34.0,22,32,3,Modest,2,Slim hips,,Modest · Slim hips
Lana Ess,165,58,32B,34.0,23,33,3,Modest,2,Slim hips,,Modest · Slim hips
Lana Lopez,155,47,32C,35.0,28,34,4,Average,4,Average hips,,Average · Average hips
Lana Roberts,180,60,34A,35.0,25,36,1,Flat,4,Average hips,,Average hips · Flat
Lana Seymour,170,51,34C,37.0,25,36,4,Average,5,Curvy,,Curvy · Average
Lana Sharapova,170,57,32B,34.0,22,32,2,Small,1,Straight,,Small · Straight
Lana Vegas,173,64,38D,42.0,26,37,5,Full,6,Very Curvy,,Very Curvy · Full
Lana Violet,152,56,36B,38.0,29,36,3,Modest,6,Very Curvy,,Very Curvy · Modest
Laney Grey,158,55,34B,36.0,26,37,3,Modest,6,Very Curvy,,Very Curvy · Modest
Lanna Carter,157,48,34B,36.0,22,32,3,Modest,2,Slim hips,,Modest · Slim hips
Lanny Barbie,165,50,36D,40.0,25,35,5,Full,4,Average hips,,Full · Average hips
Lara Brookes,166,52,34B,36.0,23,34,2,Small,3,Lean hips,,Lean hips · Small
Lara Craft,165,54,34C,37.0,24,35,4,Average,4,Average hips,,Average · Average hips
Lara De Santis,165,50,37D,41.0,27,38,5,Full,7,Thick,,Thick · Full
Lara Latex,178,62,34D,38.0,27,36,5,Full,4,Average hips,,Full · Average hips
Lara Onyx,167,54,34B,36.0,24,32,2,Small,1,Straight,,Small · Straight
Lara Page,162,45,33B,35.0,24,35,3,Modest,4,Average hips,Petite,Average hips · Modest · Petite
Lara Stevens,170,50,38C,41.0,28,37,4,Average,6,Very Curvy,Petite,Very Curvy · Average · Petite
Lara Tinelli,172,58,36D,40.0,25,37,5,Full,6,Very Curvy,,Very Curvy · Full
Larissa Dee,178,52,34B,36.0,25,37,2,Small,6,Very Curvy,Petite,Very Curvy · Small · Petite
Larkin Love,166,58,32J,45.0,24,36,8,Massive,5,Curvy,,Massive · Curvy
LaTaya Roxx,175,62,36DD,41.0,25,38,6,Big,6,Very Curvy,,Big · Very Curvy
Latex Lucy,163,50,32GG,42.0,23,35,8,Massive,4,Average hips,,Massive · Average hips
Laura Angel,165,55,37B,39.0,23,37,3,Modest,6,Very Curvy,,Very Curvy · Modest
Laura Bentley,158,48,34B,36.0,22,33,3,Modest,2,Slim hips,,Modest · Slim hips
Laura Crystal,163,50,34C,37.0,24,36,4,Average,5,Curvy,,Curvy · Average
Laura Lion,168,55,36D,40.0,25,36,5,Full,5,Curvy,,Full · Curvy
Laura Orsolya,178,62,38FF,46.0,32,42,7,Huge,8,Voluptuous,,Voluptuous · Huge
Laureen Pink,181,65,30D,34.0,28,38,5,Full,5,Curvy,,Full · Curvy
Lauren May,165,51,34B,36.0,25,36,3,Modest,5,Curvy,,Curvy · Modest
Lauren Phoenix,178,59,36B,38.0,25,36,2,Small,4,Average hips,,Average hips · Small
Laurie Vargas,165,64,32DD,37.0,27,39,6,Big,7,Thick,,Thick · Big
Lavana Lou,174,55,34A,35.0,25,36,1,Flat,4,Average hips,,Average hips · Flat
Lavender Rayne,167,61,36E,42.0,29,36,7,Huge,5,Curvy,,Huge · Curvy
Lavish Styles,160,55,38DD,43.0,25,37,6,Big,6,Very Curvy,,Big · Very Curvy
Layla Adams,168,57,34C,37.0,24,28,4,Average,1,Straight,,Average · Straight
Layla Jade,163,50,34D,38.0,24,33,5,Full,2,Slim hips,,Full · Slim hips
Layla London,157,51,34DD,39.0,25,36,6,Big,5,Curvy,,Big · Curvy
Layla Love,165,57,36C,39.0,26,32,4,Average,1,Straight,,Average · Straight
Layla Monroe,175,57,34C,37.0,25,35,4,Average,3,Lean hips,,Average · Lean hips
Layla Redd,165,53,34A,35.0,28,35,1,Flat,4,Average hips,,Average hips · Flat
Layla Rivera,170,54,36D,40.0,24,34,5,Full,3,Lean hips,,Full · Lean hips
Layla Rose,152,48,34D,38.0,26,34,6,Big,4,Average hips,,Big · Average hips
Layla Sin,168,52,34B,36.0,24,36,2,Small,5,Curvy,,Curvy · Small
Layna Landry,175,66,34D,38.0,26,38,5,Full,6,Very Curvy,,Very Curvy · Full
Layton Benton,170,61,40DDD,46.0,26,50,7,Huge,8,Voluptuous,,Voluptuous · Huge
Lea Guerlin,158,45,32C,35.0,22,32,4,Average,2,Slim hips,,Average · Slim hips
Lea Hart,161,50,34B,36.0,26,34,3,Modest,3,Lean hips,,Modest · Lean hips
Lea Lexus,162,55,36C,39.0,26,37,4,Average,6,Very Curvy,,Very Curvy · Average
Lea Magic,157,56,34D,38.0,25,30,6,Big,1,Straight,,Big · Straight
Leah Cortez,154,45,32A,33.0,25,36,2,Small,6,Very Curvy,,Very Curvy · Small
Leah Jaye,155,50,40DD,45.0,26,36,6,Big,6,Very Curvy,,Big · Very Curvy
Leah Lexington,160,55,34DD,39.0,28,36,6,Big,5,Curvy,,Big · Curvy
Leah Luv,168,52,36A,37.0,24,34,1,Flat,3,Lean hips,,Lean hips · Flat
Leah Moore,175,55,34C,37.0,23,32,4,Average,1,Straight,,Average · Straight
Leah Winters,178,59,32A,33.0,24,34,1,Flat,2,Slim hips,,Slim hips · Flat
Leanna Heart,160,50,35D,39.0,22,34,6,Big,3,Lean hips,,Big · Lean hips
Leanna Sweet,173,49,34B,36.0,23,36,2,Small,4,Average hips,Petite,Average hips · Small · Petite
Lee Madison,168,61,42DD,47.0,30,40,6,Big,7,Thick,,Thick · Big
Leena Sky,161,55,36DD,41.0,28,34,6,Big,3,Lean hips,,Big · Lean hips
Leenuh Rae,160,50,34B,36.0,27,36,3,Modest,5,Curvy,,Curvy · Modest
Leigh Darby,181,62,32G,41.0,28,35,7,Huge,4,Average hips,,Huge · Average hips
Leigh Livingston,160,54,34D,38.0,25,35,6,Big,4,Average hips,,Big · Average hips
Leigh Raven,173,55,32B,34.0,25,33,2,Small,1,Straight,,Small · Straight
Leigh Rose,165,50,32D,36.0,24,36,5,Full,5,Curvy,,Full · Curvy
Leighlani Red,160,55,32C,35.0,25,36,4,Average,5,Curvy,,Curvy · Average
Leila Smith,166,49,30A,31.0,24,34,1,Flat,3,Lean hips,,Lean hips · Flat
Leilani Lei,155,49,34AA,34.0,27,34,1,Flat,4,Average hips,,Average hips · Flat
Leilani Li,150,50,34B,36.0,24,36,3,Modest,6,Very Curvy,,Very Curvy · Modest
Lela Star,155,48,34C,37.0,25,32,4,Average,2,Slim hips,,Average · Slim hips
Lena Juliette,165,50,34B,36.0,23,35,3,Modest,4,Average hips,,Average hips · Modest
Lena Love,168,49,35C,38.0,24,35,4,Average,4,Average hips,Petite,Average · Average hips · Petite
Lena Nitro,157,45,34A,35.0,23,36,2,Small,5,Curvy,,Curvy · Small
Lena Paul,163,58,32DDD,38.0,25,36,7,Huge,5,Curvy,,Huge · Curvy
Lena Ramon,168,55,32B,34.0,24,32,2,Small,1,Straight,,Small · Straight
Lena Reif,168,55,32B,34.0,24,34,2,Small,3,Lean hips,,Lean hips · Small
Lenina Crowne,178,55,34DD,39.0,26,38,6,Big,6,Very Curvy,Petite,Big · Very Curvy · Petite
Lenka Gaborova,163,49,36D,40.0,24,36,5,Full,5,Curvy,,Full · Curvy
Lennox Luxe,160,61,34DD,39.0,24,36,6,Big,5,Curvy,,Big · Curvy
Leona Lee,171,62,36D,40.0,28,38,5,Full,6,Very Curvy,,Very Curvy · Full
Leona Queen,160,53,31B,33.0,24,31,3,Modest,1,Straight,,Modest · Straight
Leony Aprill,158,46,34B,36.0,23,34,3,Modest,3,Lean hips,,Modest · Lean hips
Lepidoptera,167,50,33B,35.0,24,33,2,Small,2,Slim hips,,Small · Slim hips
Leslie Sierra,152,43,32B,34.0,26,36,3,Modest,6,Very Curvy,,Very Curvy · Modest
Lexi Bardot,178,55,34C,37.0,25,36,4,Average,4,Average hips,Petite,Average · Average hips · Petite
Lexi Belle,160,48,32C,35.0,24,33,4,Average,2,Slim hips,,Average · Slim hips
Lexi Bloom,155,43,32C,35.0,24,36,4,Average,6,Very Curvy,,Very Curvy · Average
Lexi Brooks,160,53,33B,35.0,24,36,3,Modest,5,Curvy,,Curvy · Modest
Lexi Diamond,157,47,34C,37.0,23,26,4,Average,1,Straight,,Average · Straight
Lexi Dona,160,45,32B,34.0,23,35,3,Modest,4,Average hips,,Average hips · Modest
Lexi Kartel,162,51,32D,36.0,27,35,5,Full,4,Average hips,,Full · Average hips
Lexi Lamour,173,59,34DDD,40.0,25,35,7,Huge,3,Lean hips,,Huge · Lean hips
Lexi Lapetina,160,57,34C,37.0,25,35,4,Average,4,Average hips,,Average · Average hips
Lexi Layo,165,48,32B,34.0,24,34,3,Modest,3,Lean hips,,Modest · Lean hips
Lexi Lore,165,45,34B,36.0,24,35,3,Modest,4,Average hips,Petite,Average hips · Modest · Petite
Lexi Love,152,45,34B,36.0,26,34,3,Modest,4,Average hips,,Average hips · Modest
Lexi Lovell,170,57,34C,37.0,26,36,4,Average,5,Curvy,,Curvy · Average
Lexi Luna,171,61,34DDD,40.0,27,39,7,Huge,7,Thick,,Huge · Thick
Lexi Mansfield,171,54,34C,37.0,24,37,4,Average,6,Very Curvy,,Very Curvy · Average
Lexi Reinz,175,51,34C,37.0,23,33,4,Average,1,Straight,Petite,Average · Straight · Petite
Lexi Swallow,170,57,32D,36.0,26,32,5,Full,1,Straight,,Full · Straight
Lexi Ward,162,57,34FF,42.0,28,34,7,Huge,3,Lean hips,,Huge · Lean hips
Lexie Candy,161,60,37C,40.0,28,40,4,Average,7,Thick,,Thick · Average
Lexie Fox,165,48,32B,34.0,22,32,3,Modest,1,Straight,,Modest · Straight
Lexxi Steele,163,55,32DD,37.0,24,36,6,Big,5,Curvy,,Big · Curvy
Lexxxi Lockhart,152,52,34DD,39.0,25,40,6,Big,8,Voluptuous,,Voluptuous · Big
Lexxxi Nicole,161,48,34DD,39.0,24,34,6,Big,3,Lean hips,,Big · Lean hips
Leya Falcon,168,57,34DD,39.0,25,38,6,Big,7,Thick,,Thick · Big
Leyla Black,165,48,34B,36.0,25,35,3,Modest,4,Average hips,,Average hips · Modest
Leyla Peachbloom,173,50,32B,34.0,23,34,2,Small,2,Slim hips,Petite,Small · Slim hips · Petite
Lezley Zen,168,50,34D,38.0,24,35,5,Full,4,Average hips,,Full · Average hips
Lia Lor,165,52,34B,36.0,25,34,3,Modest,3,Lean hips,,Modest · Lean hips
Lia M,165,52,36C,39.0,25,36,4,Average,5,Curvy,,Curvy · Average
Lia Shayde,173,67,36H,47.0,29,36,8,Massive,4,Average hips,,Massive · Average hips
Lia Taylor,165,50,36C,39.0,28,34,4,Average,3,Lean hips,,Average · Lean hips
Lichelle Marie,175,57,36E,42.0,23,33,6,Big,1,Straight,,Big · Straight
Licious Gia,170,61,36DD,41.0,28,38,6,Big,7,Thick,,Thick · Big
Licky Lex,168,56,34C,37.0,24,36,4,Average,5,Curvy,,Curvy · Average
Lil Tammy,150,38,32AA,32.0,23,35,1,Flat,6,Very Curvy,Petite,Very Curvy · Flat · Petite
Lili Marlene,163,50,34C,37.0,24,34,4,Average,3,Lean hips,,Average · Lean hips
Lili Tiger,165,55,34C,37.0,24,38,4,Average,7,Thick,,Thick · Average
Lilian Stone,168,58,34G,43.0,24,36,8,Massive,5,Curvy,,Massive · Curvy
Liliane Tiger,160,53,35B,37.0,25,37,3,Modest,6,Very Curvy,,Very Curvy · Modest
Lilith Addams,165,59,34C,37.0,24,40,4,Average,7,Thick,,Thick · Average
Lilith Lust,153,55,34DD,39.0,28,34,6,Big,4,Average hips,,Big · Average hips
Lilli Dixon,157,45,32D,36.0,24,34,6,Big,3,Lean hips,,Big · Lean hips
Lilli Vanilli,165,60,38C,41.0,35,37,4,Average,6,Very Curvy,,Very Curvy · Average
Lillian Tesh,157,52,36B,38.0,27,38,3,Modest,7,Thick,,Thick · Modest
Lilly Banks,162,55,34B,36.0,26,36,3,Modest,5,Curvy,,Curvy · Modest
Lilly Bell,157,48,32C,35.0,24,34,4,Average,3,Lean hips,,Average · Lean hips
Lilly Evans,162,48,34C,37.0,24,35,4,Average,4,Average hips,,Average · Average hips
Lilly Ford,150,41,32A,33.0,22,33,2,Small,3,Lean hips,,Lean hips · Small
Lilly Hall,163,55,34C,37.0,24,36,4,Average,5,Curvy,,Curvy · Average
Lilly Kingston,160,55,32B,34.0,23,32,3,Modest,2,Slim hips,,Modest · Slim hips
Lilly Love,160,57,34D,38.0,27,37,6,Big,6,Very Curvy,,Big · Very Curvy
Lilly Lovely,153,60,36D,40.0,25,35,6,Big,5,Curvy,,Big · Curvy
Lilly Sapphire,165,50,34C,37.0,24,32,4,Average,1,Straight,,Average · Straight
Lilu Moon,163,41,27B,29.0,23,33,3,Modest,2,Slim hips,Petite,Modest · Slim hips · Petite
Lily Adams,168,52,32C,35.0,24,34,4,Average,3,Lean hips,,Average · Lean hips
Lily Cade,167,59,32D,36.0,27,36,5,Full,5,Curvy,,Full · Curvy
Lily Ivy,168,52,32D,36.0,22,32,5,Full,1,Straight,,Full · Straight
Lily Jordan,155,52,32B,34.0,24,28,3,Modest,1,Straight,,Modest · Straight
Lily LaBeau,175,55,34C,37.0,26,36,4,Average,4,Average hips,,Average · Average hips
Lily Lane,163,52,32E,38.0,26,36,7,Huge,5,Curvy,,Huge · Curvy
Lily Larimar,163,48,30B,32.0,24,30,3,Modest,1,Straight,,Modest · Straight
Lily Lovecraft,171,52,32A,33.0,24,34,1,Flat,2,Slim hips,,Slim hips · Flat
Lily Paige,168,55,34D,38.0,26,34,5,Full,3,Lean hips,,Full · Lean hips
Lily Rader,168,52,32A,33.0,26,35,1,Flat,4,Average hips,,Average hips · Flat
Lilyan Red,171,56,32C,35.0,25,35,4,Average,3,Lean hips,,Average · Lean hips
Lina Luxa,180,58,36B,38.0,25,33,2,Small,2,Slim hips,,Small · Slim hips
Lina Napoli,163,51,34A,35.0,25,37,1,Flat,6,Very Curvy,,Very Curvy · Flat
Lina Paige,160,44,32B,34.0,24,32,3,Modest,2,Slim hips,Petite,Modest · Slim hips · Petite
Linda Brown,168,45,34C,37.0,26,37,4,Average,6,Very Curvy,Petite,Very Curvy · Average · Petite
Linda Lay,149,42,32DD,37.0,24,28,6,Big,1,Straight,,Big · Straight
Linda LeClair,176,60,32B,34.0,29,39,2,Small,7,Thick,,Thick · Small
Linda Ray,175,57,34B,36.0,25,34,2,Small,2,Slim hips,,Small · Slim hips
Lindsay Kay,175,59,34B,36.0,27,38,2,Small,6,Very Curvy,,Very Curvy · Small
Lindsay Meadows,152,45,34A,35.0,23,32,2,Small,2,Slim hips,,Small · Slim hips
Lindsey Cruz,154,48,32B,34.0,23,31,3,Modest,1,Straight,,Modest · Straight
Lindsey Olsen,172,55,35A,36.0,26,36,1,Flat,4,Average hips,,Average hips · Flat
Lindsey Woods,157,48,34B,36.0,21,28,3,Modest,1,Straight,,Modest · Straight
Linet A Lynette,168,52,38C,41.0,24,33,4,Average,2,Slim hips,,Average · Slim hips
Linsey Dawn Mckenzie,163,51,36E,42.0,23,36,7,Huge,5,Curvy,,Huge · Curvy
Linzee Ryder,165,50,32E,38.0,25,32,7,Huge,1,Straight,,Huge · Straight
Lisa Ann,157,51,38DD,43.0,26,34,6,Big,3,Lean hips,,Big · Lean hips
Lisa Daniels,160,49,34D,38.0,26,36,6,Big,5,Curvy,,Big · Curvy
Lisa Lee,160,58,36C,39.0,26,32,4,Average,2,Slim hips,,Average · Slim hips
Lisa Luv,157,48,34B,36.0,24,34,3,Modest,3,Lean hips,,Modest · Lean hips
Lisa Marie,175,59,34B,36.0,24,34,2,Small,2,Slim hips,,Small · Slim hips
Lisa Marie Heart,155,52,38DD,43.0,28,36,6,Big,6,Very Curvy,,Big · Very Curvy
Lisa Sparxxx,173,72,36DDD,42.0,32,38,7,Huge,6,Very Curvy,,Huge · Very Curvy
Lisa Tiffian,171,64,36DD,41.0,27,42,6,Big,8,Voluptuous,,Voluptuous · Big
Lisey Sweet,168,55,32C,35.0,24,35,4,Average,4,Average hips,,Average · Average hips
Lita Phoenix,167,45,34C,37.0,26,35,4,Average,4,Average hips,Petite,Average · Average hips · Petite
Little Caprice,168,48,32B,34.0,25,34,2,Small,3,Lean hips,Petite,Lean hips · Small · Petite
Little Taylor,162,52,34C,37.0,24,34,4,Average,3,Lean hips,,Average · Lean hips
Liv Revamped,153,45,33B,35.0,23,34,3,Modest,4,Average hips,,Average hips · Modest
Liv Wild,157,52,34C,37.0,26,32,4,Average,2,Slim hips,,Average · Slim hips
Liv Wylder,162,48,34A,35.0,22,32,1,Flat,1,Straight,,Flat · Straight
Liya Silver,162,50,34D,38.0,22,32,5,Full,1,Straight,,Full · Straight
Liz Honey,165,50,34B,36.0,26,36,3,Modest,5,Curvy,,Curvy · Modest
Liz Rainbow,168,57,33B,35.0,34,35,2,Small,4,Average hips,,Average hips · Small
Liz Valery,167,53,32A,33.0,21,31,1,Flat,1,Straight,,Flat · Straight
Liza Del Sierra,163,53,40D,44.0,26,36,5,Full,5,Curvy,,Full · Curvy
Liza Harper,168,51,32B,34.0,24,33,2,Small,2,Slim hips,,Small · Slim hips
Liza Kolt,165,53,37B,39.0,24,37,3,Modest,6,Very Curvy,,Very Curvy · Modest
Liza Rowe,167,55,32B,34.0,24,34,2,Small,3,Lean hips,,Lean hips · Small
Liza Shay,166,48,32A,33.0,25,34,1,Flat,3,Lean hips,Petite,Lean hips · Flat · Petite
Lizz Tayler,162,55,34D,38.0,24,34,5,Full,3,Lean hips,,Full · Lean hips
Lizzie Bell,153,44,32B,34.0,24,34,3,Modest,4,Average hips,,Average hips · Modest
Lizzie Tucker,172,60,34B,36.0,28,34,2,Small,2,Slim hips,,Small · Slim hips
Lizzy London,170,52,34D,38.0,24,30,5,Full,1,Straight,,Full · Straight
Logan Bella,175,50,32B,34.0,26,34,2,Small,2,Slim hips,Petite,Small · Slim hips · Petite
Lola Chanel,163,50,34D,38.0,24,36,5,Full,5,Curvy,,Full · Curvy
Lola Fae,150,41,28A,29.0,22,28,2,Small,1,Straight,,Small · Straight
Lola Foxx,152,50,32B,34.0,24,36,3,Modest,6,Very Curvy,,Very Curvy · Modest
Lola Hot,155,65,38DD,43.0,34,38,6,Big,7,Thick,,Thick · Big
Lola Hunter,165,42,34A,35.0,24,33,1,Flat,2,Slim hips,Petite,Slim hips · Flat · Petite
Lola Lane,157,59,34F,41.0,25,34,7,Huge,3,Lean hips,,Huge · Lean hips
Lola Luscious,173,59,34DDD,40.0,26,37,7,Huge,6,Very Curvy,,Huge · Very Curvy
Lola Marie,161,55,32DD,37.0,24,34,6,Big,3,Lean hips,,Big · Lean hips
Lola Reve,165,48,34A,35.0,22,33,1,Flat,2,Slim hips,,Slim hips · Flat
Lola Taylor,160,49,31A,32.0,24,37,1,Flat,6,Very Curvy,,Very Curvy · Flat
Lolly Badcock,165,50,34B,36.0,26,36,3,Modest,5,Curvy,,Curvy · Modest
Lolly Gartner,168,50,33D,37.0,23,36,5,Full,5,Curvy,,Full · Curvy
Lolly Ink,165,52,34DD,39.0,24,35,6,Big,4,Average hips,,Big · Average hips
London Keyes,163,59,34D,38.0,27,36,5,Full,5,Curvy,,Full · Curvy
Loni,160,50,34C,37.0,24,34,4,Average,3,Lean hips,,Average · Lean hips
Loni Evans,158,47,36DD,41.0,25,35,6,Big,4,Average hips,,Big · Average hips
Loona Luxx,162,50,36DD,41.0,25,36,6,Big,5,Curvy,,Big · Curvy
Lorelei Lee,165,57,34C,37.0,27,35,4,Average,4,Average hips,,Average · Average hips
Lorena Sanchez,160,55,36C,39.0,24,36,4,Average,5,Curvy,,Curvy · Average
Lori Anderson,168,46,34B,36.0,24,34,2,Small,3,Lean hips,Petite,Lean hips · Small · Petite
Lori Lust,163,52,34D,38.0,24,33,5,Full,2,Slim hips,,Full · Slim hips
Lorna Morgan,160,56,36HH,48.0,24,35,8,Massive,4,Average hips,,Massive · Average hips
Lotus Lain,170,59,34B,36.0,26,38,2,Small,7,Thick,,Thick · Small
Lou Charmelle,160,45,32A,33.0,24,34,1,Flat,3,Lean hips,,Lean hips · Flat
Louise Jenson,166,50,30HH,42.0,22,30,8,Massive,1,Straight,,Massive · Straight
LouLou,149,45,32G,41.0,24,33,8,Massive,3,Lean hips,,Massive · Lean hips
Loulou Petite,155,48,32G,41.0,26,28,8,Massive,1,Straight,,Massive · Straight
Love Twins,157,47,36B,38.0,24,32,3,Modest,2,Slim hips,,Modest · Slim hips
Lovita Fate,161,52,32B,34.0,23,36,3,Modest,5,Curvy,,Curvy · Modest
Luca Bella,165,54,32C,35.0,25,36,4,Average,5,Curvy,,Curvy · Average
Lucia Denvile,162,54,34B,36.0,28,37,3,Modest,6,Very Curvy,,Very Curvy · Modest
Lucia Fernandez,165,58,36D,40.0,24,36,5,Full,5,Curvy,,Full · Curvy
Lucia Lace,171,59,36C,39.0,26,34,4,Average,2,Slim hips,,Average · Slim hips
Lucia Love,165,60,32F,39.0,24,36,7,Huge,5,Curvy,,Huge · Curvy
Lucianna Karel,163,50,34A,35.0,24,34,1,Flat,3,Lean hips,,Lean hips · Flat
Lucie Horinkova,168,46,32A,33.0,23,34,1,Flat,3,Lean hips,Petite,Lean hips · Flat · Petite
Lucie Kline,147,45,34B,36.0,23,34,3,Modest,4,Average hips,,Average hips · Modest
Lucie Lee,173,53,34A,35.0,24,34,1,Flat,2,Slim hips,,Slim hips · Flat
Lucie Theodorova,168,55,34B,36.0,24,34,2,Small,3,Lean hips,,Lean hips · Small
Lucie Wilde,168,56,32G,41.0,26,37,8,Massive,6,Very Curvy,,Massive · Very Curvy
Lucky Starr,152,46,34A,35.0,27,34,2,Small,4,Average hips,,Average hips · Small
Lucy Bell,167,53,34B,36.0,24,36,2,Small,5,Curvy,,Curvy · Small
Lucy Belle,168,55,38D,42.0,24,36,5,Full,5,Curvy,,Full · Curvy
Lucy Doll,160,45,32A,33.0,26,34,1,Flat,3,Lean hips,,Lean hips · Flat
Lucy Heart,170,60,34B,36.0,27,37,2,Small,6,Very Curvy,,Very Curvy · Small
Lucy Lee,165,50,33C,36.0,24,34,4,Average,3,Lean hips,,Average · Lean hips
Lucy Levon,157,49,34A,35.0,27,34,2,Small,3,Lean hips,,Lean hips · Small
Lucy Li,167,52,34DD,39.0,25,37,6,Big,6,Very Curvy,,Big · Very Curvy
Lucy Love,157,50,36D,40.0,26,38,6,Big,7,Thick,,Thick · Big
Lucy Shy,170,60,35C,38.0,24,35,4,Average,4,Average hips,,Average · Average hips
Lucy Thai,155,45,36C,39.0,24,34,4,Average,4,Average hips,,Average · Average hips
Lucy Tyler,157,55,32B,34.0,23,34,3,Modest,3,Lean hips,,Modest · Lean hips
Lullu Gun,160,45,32B,34.0,23,32,3,Modest,2,Slim hips,,Modest · Slim hips
Lulu Chu,149,41,32AA,32.0,24,34,1,Flat,4,Average hips,,Average hips · Flat
Lulu Love,168,54,34B,36.0,25,36,2,Small,5,Curvy,,Curvy · Small
Lulu Martinez,165,57,34B,36.0,25,37,3,Modest,6,Very Curvy,,Very Curvy · Modest
Luna Azul,162,58,36D,40.0,25,35,5,Full,4,Average hips,,Full · Average hips
Luna Corazon,172,55,34B,36.0,24,34,2,Small,2,Slim hips,,Small · Slim hips
Luna Daniels,157,52,34B,36.0,24,30,3,Modest,1,Straight,,Modest · Straight
Luna Light,163,52,34B,36.0,22,32,3,Modest,1,Straight,,Modest · Straight
Luna Lovely,157,41,32C,35.0,24,26,4,Average,1,Straight,Petite,Average · Straight · Petite
Luna Rival,157,46,32A,33.0,26,32,2,Small,2,Slim hips,,Small · Slim hips
Luna Star,162,51,34D,38.0,24,35,5,Full,4,Average hips,,Full · Average hips
Luscious Lopez,165,59,36B,38.0,24,38,3,Modest,7,Thick,,Thick · Modest
Luxury Princess,165,55,36G,45.0,30,36,8,Massive,5,Curvy,,Massive · Curvy
Lya Pink,162,50,34D,38.0,27,37,5,Full,6,Very Curvy,,Very Curvy · Full
Lydia Black,162,48,34B,36.0,22,34,3,Modest,3,Lean hips,,Modest · Lean hips
Lyen Parker,180,50,32A,33.0,24,32,1,Flat,1,Straight,Petite,Flat · Straight · Petite
Lyla Lei,157,47,34D,38.0,24,34,6,Big,3,Lean hips,,Big · Lean hips
Lyla Storm,173,55,34B,36.0,24,35,2,Small,3,Lean hips,,Lean hips · Small
Lylith Lavey,163,54,38DD,43.0,27,36,6,Big,5,Curvy,,Big · Curvy
Lynda Leigh,167,54,34E,40.0,24,34,7,Huge,3,Lean hips,,Huge · Lean hips
Lynn Love,162,52,34B,36.0,26,38,3,Modest,7,Thick,,Thick · Modest
Lynn Vega,171,55,32C,35.0,26,32,4,Average,1,Straight,,Average · Straight
Lyra Law,170,52,34B,36.0,26,34,2,Small,3,Lean hips,,Lean hips · Small
Lyra Lockhart,154,52,34D,38.0,28,37,6,Big,7,Thick,,Thick · Big
Maci Lee,172,61,34B,36.0,26,36,2,Small,4,Average hips,,Average hips · Small
Maci Winslett,158,45,32C,35.0,24,34,4,Average,3,Lean hips,,Average · Lean hips
Mackenzee Pierce,165,59,37D,41.0,26,39,5,Full,7,Thick,,Thick · Full
Mackenzie Lohan,158,50,32B,34.0,24,34,3,Modest,3,Lean hips,,Modest · Lean hips
Mackenzie Mace,160,48,32B,34.0,24,32,3,Modest,2,Slim hips,,Modest · Slim hips
Mackenzie Moss,163,43,32B,34.0,24,32,3,Modest,1,Straight,Petite,Modest · Straight · Petite
Macy Meadows,160,46,32B,34.0,22,34,3,Modest,3,Lean hips,,Modest · Lean hips
Macy Nata,172,50,36B,38.0,27,38,2,Small,6,Very Curvy,Petite,Very Curvy · Small · Petite
Maddy May,157,51,34DD,39.0,24,36,6,Big,5,Curvy,,Big · Curvy
Maddy Oreilly,170,58,34B,36.0,24,35,2,Small,4,Average hips,,Average hips · Small
Maddy Rose,160,43,32A,33.0,23,33,1,Flat,2,Slim hips,Petite,Slim hips · Flat · Petite
Madelyn Marie,171,57,36DD,41.0,26,36,6,Big,4,Average hips,,Big · Average hips
Madelyn Monroe,167,57,34B,36.0,23,34,2,Small,3,Lean hips,,Lean hips · Small
Madison Chandler,157,45,34C,37.0,24,34,4,Average,3,Lean hips,,Average · Lean hips
Madison Hart,152,48,32B,34.0,25,35,3,Modest,5,Curvy,,Curvy · Modest
Madison Ivy,150,40,34DD,39.0,24,34,6,Big,4,Average hips,,Big · Average hips
Madison James,168,58,36D,40.0,27,36,5,Full,5,Curvy,,Full · Curvy
Madison Missina,157,58,39E,45.0,29,38,7,Huge,7,Thick,,Huge · Thick
Madison Parker,160,51,32A,33.0,24,36,1,Flat,5,Curvy,,Curvy · Flat
Madison Rose,177,67,36DD,41.0,28,44,6,Big,8,Voluptuous,,Voluptuous · Big
Madison Scott,155,41,32DD,37.0,20,26,6,Big,1,Straight,Petite,Big · Straight · Petite
Madison Young,157,52,34A,35.0,27,36,2,Small,5,Curvy,,Curvy · Small
Madlin Moon,163,52,36B,38.0,26,37,3,Modest,6,Very Curvy,,Very Curvy · Modest
Mae Lynn,155,45,32C,35.0,22,34,4,Average,4,Average hips,,Average · Average hips
Mae Olsen,153,38,32A,33.0,22,26,2,Small,1,Straight,Petite,Small · Straight · Petite
Mae Victoria,152,50,32D,36.0,24,35,6,Big,5,Curvy,,Big · Curvy
Magda Johanssen,163,52,34B,36.0,25,36,3,Modest,5,Curvy,,Curvy · Modest
Magdalene St.Michaels,173,66,38C,41.0,29,39,4,Average,7,Thick,,Thick · Average
Maggie Green,167,65,36FF,44.0,28,37,7,Huge,6,Very Curvy,,Huge · Very Curvy
Maggie Star,160,50,34B,36.0,24,34,3,Modest,3,Lean hips,,Modest · Lean hips
Mahina Zaltana,157,55,36C,39.0,24,36,4,Average,5,Curvy,,Curvy · Average
Mai Bailey,175,55,32G,41.0,24,34,7,Huge,2,Slim hips,,Huge · Slim hips
Mai Hanano,170,46,36D,40.0,23,35,5,Full,4,Average hips,Petite,Full · Average hips · Petite
Mai Ly,163,52,34DD,39.0,25,36,6,Big,5,Curvy,,Big · Curvy
Maia Davis,175,45,34A,35.0,30,34,1,Flat,2,Slim hips,Petite,Slim hips · Flat · Petite
Maitland Ward,175,59,36D,40.0,26,36,5,Full,4,Average hips,,Full · Average hips
Maitresse Madeline,172,56,32C,35.0,26,32,4,Average,1,Straight,,Average · Straight
Makayla Cox,170,61,34DD,39.0,26,36,6,Big,5,Curvy,,Big · Curvy
Makenna Blue,165,53,33A,34.0,26,37,1,Flat,6,Very Curvy,,Very Curvy · Flat
Maki Houjo,168,50,33D,37.0,23,34,5,Full,3,Lean hips,,Full · Lean hips
Malina Mars,161,55,32B,34.0,24,34,3,Modest,3,Lean hips,,Modest · Lean hips
Malisa Moir,168,55,34B,36.0,24,35,2,Small,4,Average hips,,Average hips · Small
Mallory Rae,172,52,34B,36.0,25,34,2,Small,2,Slim hips,,Small · Slim hips
Mandi McGraw,172,67,40DD,45.0,30,41,6,Big,7,Thick,,Thick · Big
Mandy Bright,173,53,36D,40.0,26,39,5,Full,7,Thick,,Thick · Full
Mandy Dee,162,52,34DD,39.0,25,37,6,Big,6,Very Curvy,,Big · Very Curvy
Mandy Flores,163,53,34D,38.0,25,33,5,Full,2,Slim hips,,Full · Slim hips
Mandy Majestic,163,126,42K,53.0,40,50,8,Massive,8,Voluptuous,BBW,Massive · Voluptuous · BBW
Mandy Muse,160,55,32B,34.0,27,43,3,Modest,8,Voluptuous,,Voluptuous · Modest
Mandy Saxo,170,60,34B,36.0,23,36,2,Small,5,Curvy,,Curvy · Small
Mandy Sky,168,55,35B,37.0,25,36,2,Small,5,Curvy,,Curvy · Small
Mandy Snyder,173,55,34C,37.0,26,32,4,Average,1,Straight,,Average · Straight
Mandy Sweet,170,61,34DD,39.0,28,36,6,Big,5,Curvy,,Big · Curvy
Manu Magnum,165,57,34D,38.0,24,34,5,Full,3,Lean hips,,Full · Lean hips
Mar Punch,173,53,34C,37.0,27,41,4,Average,7,Thick,,Thick · Average
Mara Gri,157,52,34A,35.0,25,37,2,Small,6,Very Curvy,,Very Curvy · Small
Mara Lopez,170,54,35D,39.0,25,35,5,Full,4,Average hips,,Full · Average hips
Mara Martinez,157,52,34B,36.0,26,35,3,Modest,4,Average hips,,Average hips · Modest
Mara Swan,155,46,36D,40.0,24,36,6,Big,6,Very Curvy,,Big · Very Curvy
Marcellinha Moraes,173,54,34B,36.0,25,37,2,Small,6,Very Curvy,,Very Curvy · Small
Margarita C Peachy,167,55,32C,35.0,23,28,4,Average,1,Straight,,Average · Straight
Margarita Salazar,167,55,32A,33.0,24,34,1,Flat,3,Lean hips,,Lean hips · Flat
Margo Sullivan,162,55,38D,42.0,31,36,5,Full,5,Curvy,,Full · Curvy
Maria Bellucci,170,56,35C,38.0,25,35,4,Average,4,Average hips,,Average · Average hips
Maria Jade,157,55,34C,37.0,24,38,4,Average,7,Thick,,Thick · Average
Maria Marez,165,53,36B,38.0,27,38,3,Modest,7,Thick,,Thick · Modest
Maria Mia,157,48,37C,40.0,27,35,4,Average,4,Average hips,,Average · Average hips
Maria Moore,160,67,44FF,52.0,30,42,7,Huge,8,Voluptuous,,Voluptuous · Huge
Maria Ozawa,162,48,35DD,40.0,23,34,6,Big,3,Lean hips,,Big · Lean hips
Mariah Madysinn,163,50,32D,36.0,25,35,5,Full,4,Average hips,,Full · Average hips
Mariah Milano,165,48,34DD,39.0,22,34,6,Big,3,Lean hips,,Big · Lean hips
Mariana Kriguer,170,51,34C,37.0,24,34,4,Average,3,Lean hips,,Average · Lean hips
Marica Hase,154,43,32C,35.0,22,35,5,Full,5,Curvy,,Full · Curvy
Marie Leone,157,64,34J,47.0,30,40,8,Massive,8,Voluptuous,,Massive · Voluptuous
Marie Luv,173,61,34B,36.0,24,34,2,Small,2,Slim hips,,Small · Slim hips
Marie McCray,157,45,32C,35.0,24,32,4,Average,2,Slim hips,,Average · Slim hips
Marie Silva,163,55,34C,37.0,23,36,4,Average,5,Curvy,,Curvy · Average
Marilyn Mansion,162,51,32D,36.0,23,26,5,Full,1,Straight,,Full · Straight
Marilyn Mayson,162,91,38H,49.0,36,50,8,Massive,8,Voluptuous,BBW,Massive · Voluptuous · BBW
Marilyn Moore,172,64,34D,38.0,26,35,5,Full,3,Lean hips,,Full · Lean hips
Marina Angel,160,50,32B,34.0,25,36,3,Modest,5,Curvy,,Curvy · Modest
Marina Beaulieu,160,50,34D,38.0,25,35,6,Big,4,Average hips,,Big · Average hips
Marina Visconti,157,52,34DD,39.0,26,39,6,Big,7,Thick,,Thick · Big
Mariska X,173,55,38D,42.0,28,37,5,Full,6,Very Curvy,,Very Curvy · Full
Marketa Brymova,172,60,32D,36.0,26,37,5,Full,6,Very Curvy,,Very Curvy · Full
Marketa Sv,171,53,34B,36.0,24,36,2,Small,4,Average hips,,Average hips · Small
Marley Blaze,165,57,36B,38.0,27,36,3,Modest,5,Curvy,,Curvy · Modest
Marley Mason,180,67,36D,40.0,29,42,5,Full,8,Voluptuous,,Voluptuous · Full
Marley Matthews,168,53,34B,36.0,26,35,2,Small,4,Average hips,,Average hips · Small
Marlyn Lindsay,161,52,32E,38.0,27,36,7,Huge,5,Curvy,,Huge · Curvy
Marry Dream,172,59,34B,36.0,25,33,2,Small,1,Straight,,Small · Straight
Marry Lynn,161,47,32B,34.0,24,30,3,Modest,1,Straight,,Modest · Straight
Marry Queen,173,56,36D,40.0,26,37,5,Full,6,Very Curvy,,Very Curvy · Full
Marsha May,150,43,32D,36.0,24,32,6,Big,2,Slim hips,,Big · Slim hips
Marta Sanz,167,53,36C,39.0,23,36,4,Average,5,Curvy,,Curvy · Average
Martina Fox,168,48,34B,36.0,25,34,2,Small,3,Lean hips,Petite,Lean hips · Small · Petite
Mary Anne,160,52,34A,35.0,26,32,1,Flat,2,Slim hips,,Slim hips · Flat
Mary Carey,175,61,36DD,41.0,26,36,6,Big,4,Average hips,,Big · Average hips
Mary Jane Johnson,157,50,32A,33.0,22,32,2,Small,2,Slim hips,,Small · Slim hips
Mary Jane Mayhem,160,49,36D,40.0,27,37,6,Big,6,Very Curvy,,Big · Very Curvy
Mary Jean,163,53,32DD,37.0,24,36,6,Big,5,Curvy,,Big · Curvy
Mary Rider,160,53,34D,38.0,24,36,6,Big,5,Curvy,,Big · Curvy
Mary Rock,168,58,34B,36.0,25,36,2,Small,5,Curvy,,Curvy · Small
Maserati XXX,163,77,40JJ,54.0,28,40,8,Massive,7,Thick,,Massive · Thick
Masie Dee,160,50,30D,34.0,25,30,6,Big,1,Straight,,Big · Straight
Mason Moore,165,56,34DD,39.0,26,34,6,Big,3,Lean hips,,Big · Lean hips
Mason Storm,145,55,34D,38.0,24,34,6,Big,4,Average hips,,Big · Average hips
Mattie Borders,153,45,34B,36.0,25,35,3,Modest,5,Curvy,,Curvy · Modest
Max Mikita,170,59,36B,38.0,28,36,2,Small,5,Curvy,,Curvy · Small
Maxi Booty,154,52,34C,37.0,25,35,5,Full,5,Curvy,,Full · Curvy
Maxim Law,171,57,34D,38.0,26,36,5,Full,4,Average hips,,Full · Average hips
Maxine X,157,55,36DD,41.0,26,36,6,Big,5,Curvy,,Big · Curvy
May Thai,160,52,34B,36.0,25,35,3,Modest,4,Average hips,,Average hips · Modest
Maya Bijou,152,45,32B,34.0,24,34,3,Modest,4,Average hips,,Average hips · Modest
Maya Divine,168,55,34DD,39.0,25,36,6,Big,5,Curvy,,Big · Curvy
Maya Gates,163,50,34C,37.0,25,34,4,Average,3,Lean hips,,Average · Lean hips
Maya Grand,165,57,34C,37.0,26,38,4,Average,7,Thick,,Thick · Average
Maya Hills,170,55,34D,38.0,26,34,5,Full,3,Lean hips,,Full · Lean hips
Maya Mona,157,52,32C,35.0,25,34,4,Average,3,Lean hips,,Average · Lean hips
Maya Morena,160,57,32D,36.0,25,35,6,Big,4,Average hips,,Big · Average hips
Mazzaratie Monica,158,72,38DD,43.0,32,50,6,Big,8,Voluptuous,,Voluptuous · Big
Mazzy Grace,180,52,32C,35.0,22,34,3,Modest,2,Slim hips,Petite,Modest · Slim hips · Petite
Mckenzee Miles,163,50,34D,38.0,20,32,5,Full,1,Straight,,Full · Straight
McKenzie Lee,163,48,32DD,37.0,26,32,6,Big,1,Straight,,Big · Straight
Mckenzie Sweet,167,55,34C,37.0,28,38,4,Average,7,Thick,,Thick · Average
Mea Melone,163,51,34C,37.0,24,36,4,Average,5,Curvy,,Curvy · Average
Meagan Vaughn,165,57,34C,37.0,24,38,4,Average,7,Thick,,Thick · Average
Medusa Porn,164,57,34A,35.0,26,37,1,Flat,6,Very Curvy,,Very Curvy · Flat
Megan Blue,155,51,34C,37.0,23,34,4,Average,4,Average hips,,Average · Average hips
Megan Inky,163,74,36DD,41.0,25,36,6,Big,5,Curvy,,Big · Curvy
Megan Jones,175,65,36DD,41.0,26,38,6,Big,6,Very Curvy,,Big · Very Curvy
Megan Monroe,160,56,34D,38.0,25,36,6,Big,5,Curvy,,Big · Curvy
Megan Piper,160,50,34B,36.0,27,36,3,Modest,5,Curvy,,Curvy · Modest
Megan Pryce,152,59,36B,38.0,26,38,3,Modest,7,Thick,,Thick · Modest
Megan Rain,155,43,32D,36.0,27,35,6,Big,5,Curvy,,Big · Curvy
Megan Sweetz,157,48,36B,38.0,24,34,3,Modest,3,Lean hips,,Modest · Lean hips
Megan Winters,168,52,32B,34.0,22,32,2,Small,1,Straight,,Small · Straight
Meggan Powers,172,45,32C,35.0,26,34,4,Average,2,Slim hips,Petite,Average · Slim hips · Petite
Megumi Shino,163,46,31A,32.0,23,30,1,Flat,1,Straight,Petite,Flat · Straight · Petite
Meguru Kosaka,157,49,35DDD,41.0,24,34,7,Huge,3,Lean hips,,Huge · Lean hips
Megyn Mason,150,50,32DD,37.0,27,36,6,Big,6,Very Curvy,,Big · Very Curvy
Mei Haruka,162,49,33B,35.0,22,33,3,Modest,2,Slim hips,,Modest · Slim hips
Melanie Crush,163,47,34B,36.0,23,35,3,Modest,4,Average hips,,Average hips · Modest
Melanie Gold,168,50,34B,36.0,23,35,2,Small,4,Average hips,,Average hips · Small
Melanie Hicks,160,62,34D,38.0,24,36,6,Big,5,Curvy,,Big · Curvy
Melanie Jagger,160,55,34C,37.0,25,35,4,Average,4,Average hips,,Average · Average hips
Melanie Jane,161,44,32B,34.0,24,34,3,Modest,3,Lean hips,Petite,Modest · Lean hips · Petite
Melanie Jayne,162,57,34B,36.0,27,36,3,Modest,5,Curvy,,Curvy · Modest
Melanie Masters,145,41,32B,34.0,24,34,3,Modest,4,Average hips,,Average hips · Modest
Melanie Memphis,170,56,34B,36.0,27,37,2,Small,6,Very Curvy,,Very Curvy · Small
Melanie Moon,163,50,42J,55.0,25,35,8,Massive,4,Average hips,,Massive · Average hips
Melina Mason,160,55,34F,41.0,25,36,7,Huge,5,Curvy,,Huge · Curvy
Melisa Mendiny,158,44,34C,37.0,24,36,4,Average,5,Curvy,,Curvy · Average
Melissa Black,175,52,34B,36.0,26,35,2,Small,3,Lean hips,Petite,Lean hips · Small · Petite
Melissa Doll,157,44,34D,38.0,25,34,6,Big,3,Lean hips,,Big · Lean hips
Melissa Grand,165,49,38AA,38.0,23,34,1,Flat,3,Lean hips,,Lean hips · Flat
Melissa Lauren,165,52,34D,38.0,23,33,5,Full,2,Slim hips,,Full · Slim hips
Melissa Lynn,163,50,32D,36.0,26,34,5,Full,3,Lean hips,,Full · Lean hips
Melissa May,172,60,34B,36.0,27,36,2,Small,4,Average hips,,Average hips · Small
Melissa Monet,155,50,32DD,37.0,23,33,6,Big,2,Slim hips,,Big · Slim hips
Melissa Moore,162,50,32D,36.0,24,34,5,Full,3,Lean hips,,Full · Lean hips
Melissa Pitanga,149,43,34D,38.0,24,37,6,Big,7,Thick,,Thick · Big
Melissa Ria,170,54,36C,39.0,27,36,4,Average,5,Curvy,,Curvy · Average
Mellanie Monroe,167,67,34D,38.0,28,42,5,Full,8,Voluptuous,,Voluptuous · Full
Melody Cummings,168,53,32C,35.0,23,30,4,Average,1,Straight,,Average · Straight
Melody Jordan,175,66,34C,37.0,27,38,4,Average,6,Very Curvy,,Very Curvy · Average
Melody Marks,160,55,32D,36.0,26,34,6,Big,3,Lean hips,,Big · Lean hips
Melody Nakai,155,53,34C,37.0,25,38,4,Average,7,Thick,,Thick · Average
Melody Parker,166,57,34C,37.0,24,36,4,Average,5,Curvy,,Curvy · Average
Melody Petite,155,53,34B,36.0,22,37,3,Modest,7,Thick,,Thick · Modest
Melody Star,165,52,34D,38.0,23,35,5,Full,4,Average hips,,Full · Average hips
Melody Wylde,162,50,33A,34.0,25,36,1,Flat,5,Curvy,,Curvy · Flat
Melrose Foxxx,157,52,32C,35.0,24,36,4,Average,5,Curvy,,Curvy · Average
Memphis Monroe,168,53,36DD,41.0,25,36,6,Big,5,Curvy,,Big · Curvy
Mercedes Ashley,160,58,34D,38.0,28,32,6,Big,2,Slim hips,,Big · Slim hips
Mercedes Carrera,172,61,34DD,39.0,26,40,6,Big,7,Thick,,Thick · Big
Mercy Starr,163,50,34D,38.0,24,32,5,Full,1,Straight,,Full · Straight
Mery Monro,163,55,36C,39.0,24,34,4,Average,3,Lean hips,,Average · Lean hips
Mi Ha Doan,163,52,36B,38.0,24,36,3,Modest,5,Curvy,,Curvy · Modest
Mia Austin,162,54,34B,36.0,25,31,3,Modest,1,Straight,,Modest · Straight
Mia Bangg,170,66,36D,40.0,28,36,5,Full,5,Curvy,,Full · Curvy
Mia Ferrari,154,51,32B,34.0,25,34,3,Modest,4,Average hips,,Average hips · Modest
Mia Gold,162,52,32B,34.0,23,36,3,Modest,5,Curvy,,Curvy · Modest
Mia Hilton,172,52,32B,34.0,25,36,2,Small,4,Average hips,,Average hips · Small
Mia Hurley,165,47,34D,38.0,24,36,5,Full,5,Curvy,Petite,Full · Curvy · Petite
Mia Kay,163,57,38D,42.0,24,36,5,Full,5,Curvy,,Full · Curvy
Mia Khalifa,158,55,34E,40.0,26,36,7,Huge,5,Curvy,,Huge · Curvy
Mia Lelani,162,57,34D,38.0,28,36,5,Full,5,Curvy,,Full · Curvy
Mia Li,155,57,34D,38.0,25,35,6,Big,5,Curvy,,Big · Curvy
Mia Lina,168,45,33A,34.0,24,34,1,Flat,3,Lean hips,Petite,Lean hips · Flat · Petite
Mia Linz,160,54,40D,44.0,25,28,6,Big,1,Straight,,Big · Straight
Mia Malkova,171,54,34C,37.0,26,36,4,Average,4,Average hips,,Average · Average hips
Mia Martinez,160,55,34DD,39.0,24,36,6,Big,5,Curvy,,Big · Curvy
Mia Melano,180,67,36DD,41.0,24,36,6,Big,4,Average hips,,Big · Average hips
Mia Pearl,167,59,32D,36.0,26,36,5,Full,5,Curvy,,Full · Curvy
Mia Rider,154,50,34DD,39.0,25,33,6,Big,2,Slim hips,,Big · Slim hips
Mia Rose,160,50,33C,36.0,23,33,4,Average,2,Slim hips,,Average · Slim hips
Mia Smiles,170,51,32C,35.0,22,35,4,Average,4,Average hips,,Average · Average hips
Mia Sollis,168,50,34B,36.0,23,34,2,Small,3,Lean hips,,Lean hips · Small
Mia Split,170,57,34B,36.0,26,36,2,Small,5,Curvy,,Curvy · Small
Miaa Moore,155,55,32B,34.0,23,34,3,Modest,4,Average hips,,Average hips · Modest
Micah Moore,172,57,34C,37.0,24,34,4,Average,2,Slim hips,,Average · Slim hips
Michelle Avanti,152,45,34B,36.0,26,33,3,Modest,2,Slim hips,,Modest · Slim hips
Michelle Barrett,168,52,32DD,37.0,24,35,6,Big,4,Average hips,,Big · Average hips
Michelle Can,157,48,34A,35.0,23,34,2,Small,3,Lean hips,,Lean hips · Small
Michelle Honeywell,163,50,34A,35.0,26,36,1,Flat,5,Curvy,,Curvy · Flat
Michelle Lay,168,52,34B,36.0,22,32,2,Small,1,Straight,,Small · Straight
Michelle Martinez,157,50,32C,35.0,25,31,4,Average,1,Straight,,Average · Straight
Michelle Maylene,157,44,34B,36.0,24,32,3,Modest,2,Slim hips,,Modest · Slim hips
Michelle Moist,162,50,32B,34.0,25,32,3,Modest,1,Straight,,Modest · Straight
Michelle Sweet,163,48,34A,35.0,24,36,1,Flat,5,Curvy,,Curvy · Flat
Michelle Taylor,157,44,32B,34.0,25,30,3,Modest,1,Straight,,Modest · Straight
Michelle Thorne,160,45,32E,38.0,22,32,7,Huge,2,Slim hips,,Huge · Slim hips
Michelle Wild,163,50,34D,38.0,24,36,5,Full,5,Curvy,,Full · Curvy
Michelles Nylons,163,59,32FF,40.0,28,38,7,Huge,7,Thick,,Huge · Thick
Mickey Tyler,165,55,34C,37.0,27,36,4,Average,5,Curvy,,Curvy · Average
Micky Lynn,163,46,35B,37.0,25,35,3,Modest,4,Average hips,Petite,Average hips · Modest · Petite
Mika Kani,160,45,34D,38.0,25,34,6,Big,3,Lean hips,,Big · Lean hips
Mika Tan,162,55,36D,40.0,28,38,5,Full,7,Thick,,Thick · Full
Mikayla,172,59,34D,38.0,28,38,5,Full,6,Very Curvy,,Very Curvy · Full
Mikayla Mico,165,50,32B,34.0,28,38,3,Modest,7,Thick,,Thick · Modest
Mikki Lynn,171,50,32C,35.0,25,33,4,Average,1,Straight,Petite,Average · Straight · Petite
Miko Dai,166,48,32A,33.0,24,34,1,Flat,3,Lean hips,Petite,Lean hips · Flat · Petite
Miko Lee,175,57,34D,38.0,24,34,5,Full,2,Slim hips,,Full · Slim hips
Miko Sinz,162,50,34A,35.0,24,34,1,Flat,3,Lean hips,,Lean hips · Flat
Miku Airi,152,45,33B,35.0,22,33,3,Modest,2,Slim hips,,Modest · Slim hips
Mila Brite,158,55,34DD,39.0,25,35,6,Big,4,Average hips,,Big · Average hips
Mila Castro,175,55,32A,33.0,24,34,1,Flat,2,Slim hips,,Slim hips · Flat
Mila Fox,165,58,32C,35.0,26,36,4,Average,5,Curvy,,Curvy · Average
Mila Jade,160,46,32A,33.0,26,30,1,Flat,1,Straight,,Flat · Straight
Mila Marx,154,50,32C,35.0,30,36,5,Full,6,Very Curvy,,Very Curvy · Full
Mila Milan,167,50,40E,46.0,25,36,7,Huge,5,Curvy,,Huge · Curvy
Milana Fox,160,50,33A,34.0,24,34,1,Flat,3,Lean hips,,Lean hips · Flat
Milena Devi,181,60,38A,39.0,25,35,1,Flat,4,Average hips,,Average hips · Flat
Miley Ann,165,55,34C,37.0,24,34,4,Average,3,Lean hips,,Average · Lean hips
Mili Jay,165,47,32B,34.0,24,34,3,Modest,3,Lean hips,Petite,Modest · Lean hips · Petite
Milla Yul,175,52,34B,36.0,26,36,2,Small,4,Average hips,Petite,Average hips · Small · Petite
Millian Blu,152,55,34B,36.0,26,39,3,Modest,8,Voluptuous,,Voluptuous · Modest
Millie Stone,168,61,36C,39.0,24,38,4,Average,7,Thick,,Thick · Average
Milly Moris,170,54,37E,43.0,24,37,7,Huge,6,Very Curvy,,Huge · Very Curvy
Mimi Farra,163,57,34C,37.0,28,36,4,Average,5,Curvy,,Curvy · Average
Mimi Moore,166,58,36C,39.0,28,34,4,Average,3,Lean hips,,Average · Lean hips
Mina Gorey,160,55,34C,37.0,26,36,4,Average,5,Curvy,,Curvy · Average
Mina Moon,158,52,32DD,37.0,26,36,6,Big,5,Curvy,,Big · Curvy
Mina Sauvage,165,52,34D,38.0,24,36,5,Full,5,Curvy,,Full · Curvy
Mindy Main,163,53,36D,40.0,24,36,5,Full,5,Curvy,,Full · Curvy
Minnie St Claire,165,55,32D,36.0,25,36,5,Full,5,Curvy,,Full · Curvy
Mira Sunset,173,61,36C,39.0,23,34,4,Average,2,Slim hips,,Average · Slim hips
Miranda Miller,170,52,33A,34.0,26,33,1,Flat,2,Slim hips,,Slim hips · Flat
Miriam Prado,155,48,36D,40.0,24,37,6,Big,7,Thick,,Thick · Big
Miriama Kunkelova,160,42,32B,34.0,23,34,3,Modest,3,Lean hips,Petite,Modest · Lean hips · Petite
Mis Stacy,166,52,36D,40.0,26,37,5,Full,6,Very Curvy,,Very Curvy · Full
Misa Kikouden,158,37,34A,35.0,22,33,1,Flat,2,Slim hips,Petite,Slim hips · Flat · Petite
Mischa Brooks,157,50,34B,36.0,28,37,3,Modest,6,Very Curvy,,Very Curvy · Modest
Mischel Lee,163,55,36DD,41.0,24,36,6,Big,5,Curvy,,Big · Curvy
Misha Cross,168,50,32A,33.0,24,34,1,Flat,3,Lean hips,,Lean hips · Flat
Misha Mynx,163,48,32C,35.0,24,34,4,Average,3,Lean hips,,Average · Lean hips
Miss Goldie,160,50,34B,36.0,24,35,3,Modest,4,Average hips,,Average hips · Modest
Miss Hybrid,167,56,34E,40.0,27,35,7,Huge,4,Average hips,,Huge · Average hips
Miss Platinum,160,61,34B,36.0,29,39,3,Modest,7,Thick,,Thick · Modest
Miss Raquel,170,69,36D,40.0,26,47,5,Full,8,Voluptuous,,Voluptuous · Full
Miss Rican,162,55,34D,38.0,25,42,5,Full,8,Voluptuous,,Voluptuous · Full
Missy Luv,163,48,34A,35.0,23,34,1,Flat,3,Lean hips,,Lean hips · Flat
Missy Martinez,170,61,36DD,41.0,28,36,6,Big,5,Curvy,,Big · Curvy
Missy Maze,163,51,34D,38.0,26,30,5,Full,1,Straight,,Full · Straight
Missy Monroe,165,61,34D,38.0,26,32,5,Full,1,Straight,,Full · Straight
Missy Nicole,160,48,34A,35.0,23,34,1,Flat,3,Lean hips,,Lean hips · Flat
Missy Stone,157,45,32B,34.0,25,34,3,Modest,3,Lean hips,,Modest · Lean hips
Missy Woods,165,55,34D,38.0,25,36,5,Full,5,Curvy,,Full · Curvy
Mistress Angellica,152,45,32C,35.0,24,35,5,Full,5,Curvy,,Full · Curvy
Misty Mild,170,55,34C,37.0,26,37,4,Average,6,Very Curvy,,Very Curvy · Average
Misty Quinn,160,48,33D,37.0,24,36,6,Big,5,Curvy,,Big · Curvy
Misty Rain,170,52,35B,37.0,23,35,2,Small,4,Average hips,,Average hips · Small
Misty Stone,165,55,32A,33.0,25,35,1,Flat,4,Average hips,,Average hips · Flat
Misty Vonage,170,53,34DD,39.0,25,33,6,Big,2,Slim hips,,Big · Slim hips
Miya Stone,155,46,32C,35.0,24,34,4,Average,4,Average hips,,Average · Average hips
Miyuki Son,161,58,34C,37.0,24,35,4,Average,4,Average hips,,Average · Average hips
Miyuki Yokoyama,156,58,32B,34.0,22,35,3,Modest,4,Average hips,,Average hips · Modest
MJ Fresh,173,61,34DD,39.0,24,36,6,Big,4,Average hips,,Big · Average hips
Mocha Menage,165,67,34C,37.0,27,40,4,Average,7,Thick,,Thick · Average
Moe Yoshikawa,157,52,33C,36.0,23,35,4,Average,4,Average hips,,Average · Average hips
Molly Bennett,168,50,34C,37.0,25,35,4,Average,4,Average hips,,Average · Average hips
Molly Cavalli,162,52,34D,38.0,25,32,5,Full,1,Straight,,Full · Straight
Molly Jane,171,57,32DDD,38.0,24,36,7,Huge,4,Average hips,,Huge · Average hips
Molly Mae,168,48,32C,35.0,24,34,4,Average,3,Lean hips,Petite,Average · Lean hips · Petite
Molly Manson,170,52,32B,34.0,24,35,2,Small,4,Average hips,,Average hips · Small
Molly O'Dell,161,50,32B,34.0,26,36,3,Modest,5,Curvy,,Curvy · Modest
Momoka Nishina,166,51,39J,52.0,22,34,8,Massive,3,Lean hips,,Massive · Lean hips
Momoko Mitchell,171,52,36D,40.0,24,38,5,Full,6,Very Curvy,,Very Curvy · Full
Mona Kim,160,45,33AA,33.0,24,33,1,Flat,2,Slim hips,,Slim hips · Flat
Mona Lee,170,55,32D,36.0,27,34,5,Full,3,Lean hips,,Full · Lean hips
Mona Summers,174,64,36C,39.0,26,37,4,Average,6,Very Curvy,,Very Curvy · Average
Mona Wales,175,52,36B,38.0,24,35,2,Small,3,Lean hips,Petite,Lean hips · Small · Petite
Mone Divine,152,52,34D,38.0,26,38,6,Big,7,Thick,,Thick · Big
Monica Asis,153,48,32D,36.0,24,34,6,Big,4,Average hips,,Big · Average hips
Monica Breeze,160,55,34B,36.0,24,36,3,Modest,5,Curvy,,Curvy · Modest
Monica Foster,168,55,34C,37.0,24,35,4,Average,4,Average hips,,Average · Average hips
Monica Lion,183,62,35D,39.0,30,38,5,Full,5,Curvy,,Full · Curvy
Monica Mattos,160,51,34B,36.0,24,36,3,Modest,5,Curvy,,Curvy · Modest
Monica Mayhem,165,52,34D,38.0,24,34,5,Full,3,Lean hips,,Full · Lean hips
Monica Mendez,165,61,34G,43.0,25,36,8,Massive,5,Curvy,,Massive · Curvy
Monica Morales,165,57,34C,37.0,25,36,4,Average,5,Curvy,,Curvy · Average
Monica Rise,155,50,32C,35.0,24,32,4,Average,2,Slim hips,,Average · Slim hips
Monica Sage,154,52,32C,35.0,26,35,5,Full,5,Curvy,,Full · Curvy
Monica Santhiago,160,60,33L,45.0,25,39,8,Massive,7,Thick,,Massive · Thick
Monica Sweet,162,47,34B,36.0,26,36,3,Modest,5,Curvy,,Curvy · Modest
Monica Sweetheart,175,48,34B,36.0,25,35,2,Small,3,Lean hips,Petite,Lean hips · Small · Petite
Monica Unco,173,50,33B,35.0,23,33,2,Small,1,Straight,Petite,Small · Straight · Petite
Monika Benz,170,52,35B,37.0,24,35,2,Small,4,Average hips,,Average hips · Small
Monika Udvari,170,57,36C,39.0,26,36,4,Average,5,Curvy,,Curvy · Average
Monique,157,52,34B,36.0,24,34,3,Modest,3,Lean hips,,Modest · Lean hips
Monique Alexander,165,46,32C,35.0,24,34,4,Average,3,Lean hips,Petite,Average · Lean hips · Petite
Monique DeMoan,170,52,34C,37.0,24,34,4,Average,3,Lean hips,,Average · Lean hips
Monique Fuentes,177,61,34D,38.0,24,36,5,Full,4,Average hips,,Full · Average hips
Monique Woods,168,52,34AA,34.0,23,34,1,Flat,3,Lean hips,,Lean hips · Flat
Montanna Rae,167,55,34B,36.0,26,34,2,Small,3,Lean hips,,Lean hips · Small
Montse Swinger,161,62,36B,38.0,26,38,3,Modest,7,Thick,,Thick · Modest
Morgan Lee,155,50,32A,33.0,26,33,2,Small,2,Slim hips,,Small · Slim hips
Morgan Leigh,163,50,30J,43.0,23,34,8,Massive,3,Lean hips,,Massive · Lean hips
Morgan Moon,165,52,34B,36.0,26,38,3,Modest,7,Thick,,Thick · Modest
Morgan Ray,173,57,36DDD,42.0,26,38,7,Huge,6,Very Curvy,,Huge · Very Curvy
Morgan Reigns,173,64,36D,40.0,26,36,5,Full,4,Average hips,,Full · Average hips
Morgan Rodriguez,165,60,32C,35.0,28,36,4,Average,5,Curvy,,Curvy · Average
Morgan Sayles,170,72,38D,42.0,29,40,5,Full,7,Thick,,Thick · Full
Moriah Mills,162,57,34DDD,40.0,25,43,7,Huge,8,Voluptuous,,Voluptuous · Huge
Morimoto Miku,155,45,32B,34.0,23,33,3,Modest,2,Slim hips,,Modest · Slim hips
Ms Yummy,154,80,36H,47.0,30,46,8,Massive,8,Voluptuous,BBW,Massive · Voluptuous · BBW
Ms. Lynna,173,52,34C,37.0,25,37,4,Average,6,Very Curvy,Petite,Very Curvy · Average · Petite
Mulani Rivera,163,54,34C,37.0,24,32,4,Average,1,Straight,,Average · Straight
Mya Diamond,160,50,34C,37.0,23,35,4,Average,4,Average hips,,Average · Average hips
Mya Luanna,157,45,34C,37.0,22,34,4,Average,3,Lean hips,,Average · Lean hips
Mya Lushes,165,50,32D,36.0,26,38,5,Full,7,Thick,,Thick · Full
Mya Mason,169,48,34D,38.0,22,34,5,Full,3,Lean hips,Petite,Full · Lean hips · Petite
Mya Nichole,165,50,32D,36.0,23,32,5,Full,1,Straight,,Full · Straight
Myah Monroe,160,52,36B,38.0,24,33,3,Modest,2,Slim hips,,Modest · Slim hips
Myeshia Nikole,162,52,34C,37.0,25,38,4,Average,7,Thick,,Thick · Average
Mysti May,170,61,36C,39.0,26,38,4,Average,7,Thick,,Thick · Average
Mystica Jade,167,52,32A,33.0,27,34,1,Flat,3,Lean hips,,Lean hips · Flat
Mz Berlin,160,52,34DD,39.0,25,36,6,Big,5,Curvy,,Big · Curvy
Nadia Ali,160,59,32C,35.0,25,40,4,Average,8,Voluptuous,,Voluptuous · Average
Nadia Elaina,173,57,34C,37.0,28,35,4,Average,3,Lean hips,,Average · Lean hips
Nadia Hilton,157,55,34DD,39.0,26,32,6,Big,2,Slim hips,,Big · Slim hips
Nadia Jay,172,60,32DD,37.0,24,32,6,Big,1,Straight,,Big · Straight
Nadia Night,173,55,36DDD,42.0,24,36,7,Huge,4,Average hips,,Huge · Average hips
Nadia Noel,171,57,34C,37.0,25,36,4,Average,4,Average hips,,Average · Average hips
Nadia Styles,165,52,32D,36.0,25,35,5,Full,4,Average hips,,Full · Average hips
Nadia White,162,49,32C,35.0,24,32,4,Average,1,Straight,,Average · Straight
Nadya Nabakova,170,50,36F,43.0,24,36,7,Huge,5,Curvy,Petite,Huge · Curvy · Petite
Naiomi Mae,171,57,32C,35.0,26,34,4,Average,2,Slim hips,,Average · Slim hips
Nala Nova,154,45,32A,33.0,24,32,2,Small,2,Slim hips,,Small · Slim hips
Nami Dahlia,155,41,32B,34.0,24,34,3,Modest,4,Average hips,Petite,Average hips · Modest · Petite
Nancy Bell,165,53,34B,36.0,24,36,3,Modest,5,Curvy,,Curvy · Modest
Nancy Ho,155,43,36D,40.0,24,36,6,Big,6,Very Curvy,,Big · Very Curvy
Naomi Bennet,167,62,37C,40.0,28,36,4,Average,5,Curvy,,Curvy · Average
Naomi Blue,167,52,32B,34.0,24,34,2,Small,3,Lean hips,,Lean hips · Small
Naomi Cruise,167,55,36C,39.0,27,36,4,Average,5,Curvy,,Curvy · Average
Naomi Montana,168,57,34B,36.0,26,34,2,Small,3,Lean hips,,Lean hips · Small
Naomi Nevena,158,50,34B,36.0,27,36,3,Modest,5,Curvy,,Curvy · Modest
Naomi Russell,169,59,32B,34.0,25,39,2,Small,7,Thick,,Thick · Small
Naomi Swann,160,48,32A,33.0,24,34,1,Flat,3,Lean hips,,Lean hips · Flat
Naomi Woods,165,45,32B,34.0,24,34,3,Modest,3,Lean hips,Petite,Modest · Lean hips · Petite
Natalia Forrest,168,55,34B,36.0,25,35,2,Small,4,Average hips,,Average hips · Small
Natalia Mendez,150,51,34C,37.0,24,36,5,Full,6,Very Curvy,,Very Curvy · Full
Natalia Nix,170,50,32A,33.0,24,34,1,Flat,3,Lean hips,Petite,Lean hips · Flat · Petite
Natalia Queen,158,48,28C,31.0,24,34,4,Average,3,Lean hips,,Average · Lean hips
Natalia Starr,176,57,34D,38.0,26,34,5,Full,2,Slim hips,,Full · Slim hips
Natalie Brooks,157,52,32C,35.0,26,36,4,Average,5,Curvy,,Curvy · Average
Natalie Heart,167,53,34B,36.0,26,32,2,Small,1,Straight,,Small · Straight
Natalie K,165,57,34C,37.0,29,34,4,Average,3,Lean hips,,Average · Lean hips
Natalie Knight,155,50,32B,34.0,24,34,3,Modest,4,Average hips,,Average hips · Modest
Natalie Lust,162,52,32B,34.0,25,32,3,Modest,1,Straight,,Modest · Straight
Natalie Minx,175,57,34D,38.0,25,36,5,Full,4,Average hips,,Full · Average hips
Natalie Moore,165,52,34DD,39.0,27,36,6,Big,5,Curvy,,Big · Curvy
Natalie Norton,170,57,36D,40.0,24,35,5,Full,4,Average hips,,Full · Average hips
Natalie Nunez,169,53,34C,37.0,26,36,4,Average,5,Curvy,,Curvy · Average
Natalie Porkman,173,55,32B,34.0,24,34,2,Small,2,Slim hips,,Small · Slim hips
Natalli Di Angelo,167,50,34B,36.0,27,36,2,Small,5,Curvy,,Curvy · Small
Nataly Gold,177,59,32A,33.0,26,36,1,Flat,4,Average hips,,Average hips · Flat
Nataly Rosa,167,50,34D,38.0,28,35,5,Full,4,Average hips,,Full · Average hips
Nataly Von,163,46,34C,37.0,23,34,4,Average,3,Lean hips,Petite,Average · Lean hips · Petite
Natasha Dulce,163,56,34DD,39.0,26,38,6,Big,7,Thick,,Thick · Big
Natasha Juja,173,55,36DD,41.0,24,36,6,Big,4,Average hips,,Big · Average hips
Natasha Nice,157,57,34D,38.0,27,37,6,Big,6,Very Curvy,,Big · Very Curvy
Natasha Ola,152,45,34C,37.0,22,36,5,Full,6,Very Curvy,,Very Curvy · Full
Natasha Starr,170,54,34C,37.0,27,34,4,Average,3,Lean hips,,Average · Lean hips
Natasha Sweet,168,56,32G,41.0,28,36,8,Massive,5,Curvy,,Massive · Curvy
Natasha Vega,163,52,32DD,37.0,24,34,6,Big,3,Lean hips,,Big · Lean hips
Natasha Voya,170,52,32C,35.0,24,32,4,Average,1,Straight,,Average · Straight
Natasha White,154,41,32B,34.0,26,34,3,Modest,4,Average hips,Petite,Average hips · Modest · Petite
Natsume Inagawa,171,50,33C,36.0,22,34,4,Average,2,Slim hips,Petite,Average · Slim hips · Petite
Natty Mellow,153,44,32C,35.0,24,38,5,Full,7,Thick,,Thick · Full
Naudia Nyce,163,49,34B,36.0,26,36,3,Modest,5,Curvy,,Curvy · Modest
Naughty Allie,168,54,34D,38.0,24,36,5,Full,5,Curvy,,Full · Curvy
Naughty Alysha,168,59,36DD,41.0,26,36,6,Big,5,Curvy,,Big · Curvy
Naughty Julie,168,55,36D,40.0,26,36,5,Full,5,Curvy,,Full · Curvy
Naughty Tinkerbell,160,50,34E,40.0,26,35,7,Huge,4,Average hips,,Huge · Average hips
Nautica Thorn,163,52,34C,37.0,25,32,4,Average,1,Straight,,Average · Straight
Naveen Ora,176,58,32A,33.0,24,34,1,Flat,2,Slim hips,,Slim hips · Flat
Nekane,165,50,36D,40.0,24,37,5,Full,6,Very Curvy,,Very Curvy · Full
Nella Jay,160,50,34D,38.0,22,37,6,Big,6,Very Curvy,,Big · Very Curvy
Nellie Pierce,168,50,34B,36.0,24,34,2,Small,3,Lean hips,,Lean hips · Small
Nelly Kent,160,46,34D,38.0,24,35,6,Big,4,Average hips,,Big · Average hips
Nelly Sullivan,173,50,38C,41.0,25,36,4,Average,4,Average hips,Petite,Average · Average hips · Petite
Nenetl Avril,165,55,34A,35.0,30,34,1,Flat,3,Lean hips,,Lean hips · Flat
Nessa Devil,173,48,34E,40.0,24,34,7,Huge,2,Slim hips,Petite,Huge · Slim hips · Petite
Nestee Shy,168,50,35A,36.0,24,36,1,Flat,5,Curvy,,Curvy · Flat
Nesty,157,45,36B,38.0,27,36,3,Modest,5,Curvy,,Curvy · Modest
Netta Jade,164,54,36A,37.0,24,36,1,Flat,5,Curvy,,Curvy · Flat
Nia Nacci,175,52,32DD,37.0,24,33,6,Big,1,Straight,Petite,Big · Straight · Petite
Nia Nixon,153,45,34A,35.0,22,34,2,Small,4,Average hips,,Average hips · Small
Nia Ross,163,51,32C,35.0,25,36,4,Average,5,Curvy,,Curvy · Average
Nicci Taylor,166,55,34B,36.0,26,38,2,Small,7,Thick,,Thick · Small
Nichole Heiress,157,50,32D,36.0,24,34,6,Big,3,Lean hips,,Big · Lean hips
Nici Sterling,168,51,34D,38.0,24,34,5,Full,3,Lean hips,,Full · Lean hips
Nickey Huntsman,162,50,34DD,39.0,24,32,6,Big,1,Straight,,Big · Straight
Nicki Blue,165,50,32DD,37.0,22,34,6,Big,3,Lean hips,,Big · Lean hips
Nicky Angel,163,48,36C,39.0,25,35,4,Average,4,Average hips,,Average · Average hips
Nicky Ferrari,163,58,36D,40.0,28,36,5,Full,5,Curvy,,Full · Curvy
Nicole Bexley,157,50,33DD,38.0,23,36,6,Big,5,Curvy,,Big · Curvy
Nicole Clitman,160,55,33A,34.0,27,35,1,Flat,4,Average hips,,Average hips · Flat
Nicole Evans,175,56,34C,37.0,25,38,4,Average,6,Very Curvy,,Very Curvy · Average
Nicole Graves,152,47,36C,39.0,24,34,5,Full,4,Average hips,,Full · Average hips
Nicole Love,163,49,34D,38.0,28,36,5,Full,5,Curvy,,Full · Curvy
Nicole Moore,173,52,36D,40.0,24,36,5,Full,4,Average hips,Petite,Full · Average hips · Petite
Nicole Paris,160,60,36DD,41.0,30,38,6,Big,7,Thick,,Thick · Big
Nicole Parks,160,49,34C,37.0,25,34,4,Average,3,Lean hips,,Average · Lean hips
Nicole Ray,157,43,34C,37.0,25,33,4,Average,2,Slim hips,Petite,Average · Slim hips · Petite
Nicole Rey,157,43,32B,34.0,24,34,3,Modest,3,Lean hips,Petite,Modest · Lean hips · Petite
Nicole Sheridan,178,59,34D,38.0,25,35,5,Full,3,Lean hips,,Full · Lean hips
Nicole Sweet,160,50,38E,44.0,25,38,7,Huge,7,Thick,,Huge · Thick
Nicoleta Emilie,173,56,34D,38.0,27,36,5,Full,4,Average hips,,Full · Average hips
Nicolette Love,168,57,32C,35.0,28,36,4,Average,5,Curvy,,Curvy · Average
Nika Chanel,170,61,34D,38.0,24,36,5,Full,5,Curvy,,Full · Curvy
Nika Noire,178,59,34D,38.0,26,36,5,Full,4,Average hips,,Full · Average hips
Niki Blond,170,46,34C,37.0,23,34,4,Average,3,Lean hips,Petite,Average · Lean hips · Petite
Niki Snow,168,59,32B,34.0,25,34,2,Small,3,Lean hips,,Lean hips · Small
Niki Sweet,170,51,34A,35.0,26,37,1,Flat,6,Very Curvy,,Very Curvy · Flat
Nikita Bellucci,163,56,34C,37.0,26,36,4,Average,5,Curvy,,Curvy · Average
Nikita Denise,172,55,34C,37.0,25,36,4,Average,4,Average hips,,Average · Average hips
Nikita Von James,162,50,34D,38.0,25,36,5,Full,5,Curvy,,Full · Curvy
Nikki Anderson,168,52,34C,37.0,23,33,4,Average,2,Slim hips,,Average · Slim hips
Nikki Anne,172,57,36C,39.0,26,35,4,Average,3,Lean hips,,Average · Lean hips
Nikki Bell,155,50,32B,34.0,24,32,3,Modest,2,Slim hips,,Modest · Slim hips
Nikki Benz,165,50,34DD,39.0,24,34,6,Big,3,Lean hips,,Big · Lean hips
Nikki Blake,166,57,32B,34.0,26,34,2,Small,3,Lean hips,,Lean hips · Small
Nikki Capone,166,59,34B,36.0,24,36,2,Small,5,Curvy,,Curvy · Small
Nikki Daniels,167,50,36B,38.0,27,34,2,Small,3,Lean hips,,Lean hips · Small
Nikki Delano,157,50,32C,35.0,23,34,4,Average,3,Lean hips,,Average · Lean hips
Nikki Dial,154,45,34D,38.0,24,35,6,Big,5,Curvy,,Big · Curvy
Nikki Flame,175,54,34A,35.0,24,34,1,Flat,2,Slim hips,,Slim hips · Flat
Nikki Ford,165,59,32B,34.0,26,38,3,Modest,7,Thick,,Thick · Modest
Nikki Hearts,170,54,34C,37.0,25,32,4,Average,1,Straight,,Average · Straight
Nikki Hunter,168,50,34D,38.0,29,35,5,Full,4,Average hips,,Full · Average hips
Nikki Jayne,175,67,34C,37.0,25,34,4,Average,2,Slim hips,,Average · Slim hips
Nikki Kay,157,50,32B,34.0,24,36,3,Modest,5,Curvy,,Curvy · Modest
Nikki Lavay,167,50,34A,35.0,25,36,1,Flat,5,Curvy,,Curvy · Flat
Nikki Next,165,45,32B,34.0,24,32,3,Modest,1,Straight,Petite,Modest · Straight · Petite
Nikki Nievez,168,55,34C,37.0,27,34,4,Average,3,Lean hips,,Average · Lean hips
Nikki Phoenix,165,64,34DDD,40.0,26,38,7,Huge,7,Thick,,Huge · Thick
Nikki Rhodes,155,45,34C,37.0,25,35,4,Average,5,Curvy,,Curvy · Average
Nikki Seven,167,55,32B,34.0,30,33,2,Small,2,Slim hips,,Small · Slim hips
Nikki Sexx,175,77,36DD,41.0,25,40,6,Big,7,Thick,,Thick · Big
Nikki Sinn,172,55,36DD,41.0,24,34,6,Big,2,Slim hips,,Big · Slim hips
Nikki Sixxx,162,46,36E,42.0,26,34,7,Huge,3,Lean hips,,Huge · Lean hips
Nikki Sun,163,50,36B,38.0,25,34,3,Modest,3,Lean hips,,Modest · Lean hips
Nikki Waine,162,46,32B,34.0,25,38,3,Modest,7,Thick,,Thick · Modest
Nikki Woods,152,54,32B,34.0,32,36,3,Modest,6,Very Curvy,,Very Curvy · Modest
Nikko Jordan,155,52,34D,38.0,26,30,6,Big,1,Straight,,Big · Straight
Nikky Dream,178,60,34C,37.0,25,35,4,Average,3,Lean hips,,Average · Lean hips
Nikky Thorne,167,52,34B,36.0,24,34,2,Small,3,Lean hips,,Lean hips · Small
Nikky Wilder,162,86,38DDD,44.0,34,42,7,Huge,8,Voluptuous,BBW,Voluptuous · Huge · BBW
Nikole Nash,162,55,32C,35.0,27,32,4,Average,1,Straight,,Average · Straight
Nina Devon,152,43,32B,34.0,24,36,3,Modest,6,Very Curvy,,Very Curvy · Modest
Nina Dolci,170,54,34D,38.0,24,34,5,Full,3,Lean hips,,Full · Lean hips
Nina Ferrari,170,52,36D,40.0,25,36,5,Full,5,Curvy,,Full · Curvy
Nina Hartley,163,59,36D,40.0,24,39,5,Full,7,Thick,,Thick · Full
Nina Kayy,160,64,34F,41.0,28,40,7,Huge,8,Voluptuous,,Voluptuous · Huge
Nina Lopez,165,52,34D,38.0,26,36,5,Full,5,Curvy,,Full · Curvy
Nina Mercedez,168,52,34DD,39.0,25,34,6,Big,3,Lean hips,,Big · Lean hips
Nina Milano,167,64,38E,44.0,28,38,7,Huge,7,Thick,,Huge · Thick
Nina North,160,49,34D,38.0,22,32,6,Big,2,Slim hips,,Big · Slim hips
Nina Rotti,152,61,36D,40.0,25,42,6,Big,8,Voluptuous,,Voluptuous · Big
Noelle Easton,162,59,34DD,39.0,26,36,6,Big,5,Curvy,,Big · Curvy
Noemi Jolie,165,49,36D,40.0,23,35,5,Full,4,Average hips,,Full · Average hips
Noemie Bilas,157,50,32C,35.0,24,35,4,Average,4,Average hips,,Average · Average hips
NoeMilk,171,54,34B,36.0,23,35,2,Small,3,Lean hips,,Lean hips · Small
Nolita Leo,168,50,34B,36.0,26,36,2,Small,5,Curvy,,Curvy · Small
Nomi Melone,154,45,33A,34.0,24,35,2,Small,5,Curvy,,Curvy · Small
Noname Jane,160,48,32B,34.0,23,34,3,Modest,3,Lean hips,,Modest · Lean hips
Nora Barcelona,168,53,32B,34.0,23,35,2,Small,4,Average hips,,Average hips · Small
Nora Skyy,170,64,36B,38.0,28,38,2,Small,7,Thick,,Thick · Small
Nora Wolf,168,55,32C,35.0,26,32,4,Average,1,Straight,,Average · Straight
Norah Nova,161,45,32B,34.0,23,34,3,Modest,3,Lean hips,Petite,Modest · Lean hips · Petite
Nova Cane,168,57,34D,38.0,25,36,5,Full,5,Curvy,,Full · Curvy
Nozomi Hatsuki,154,50,34DD,39.0,23,33,6,Big,2,Slim hips,,Big · Slim hips
Nubiles Kortny,160,55,32B,34.0,30,32,3,Modest,2,Slim hips,,Modest · Slim hips
Nude Chrissy,169,70,36D,40.0,25,36,5,Full,5,Curvy,,Full · Curvy
Nychole Mac,157,52,34B,36.0,25,37,3,Modest,6,Very Curvy,,Very Curvy · Modest
Nyomi Banxxx,172,61,36D,40.0,25,38,5,Full,6,Very Curvy,,Very Curvy · Full
Nyomi Marcella,163,48,34B,36.0,22,33,3,Modest,2,Slim hips,,Modest · Slim hips
Nyomi Star,167,59,34B,36.0,29,33,2,Small,2,Slim hips,,Small · Slim hips
Nyomi Zen,167,50,34B,36.0,24,34,2,Small,3,Lean hips,,Lean hips · Small
Nyrobi Knights,160,51,32A,33.0,24,34,1,Flat,3,Lean hips,,Lean hips · Flat
Olga Barz,168,48,34C,37.0,22,34,4,Average,3,Lean hips,Petite,Average · Lean hips · Petite
Olga Snow,162,46,34A,35.0,22,33,1,Flat,2,Slim hips,,Slim hips · Flat
Olive Glass,170,54,34D,38.0,24,31,5,Full,1,Straight,,Full · Straight
Olivia Austin,170,59,34DD,39.0,26,36,6,Big,5,Curvy,,Big · Curvy
Olivia Blu,170,59,36DD,41.0,27,34,6,Big,3,Lean hips,,Big · Lean hips
Olivia Devine,167,50,34B,36.0,23,35,2,Small,4,Average hips,,Average hips · Small
Olivia La Roche,175,56,36B,38.0,25,37,2,Small,6,Very Curvy,,Very Curvy · Small
Olivia Leigh,160,109,40E,46.0,38,44,7,Huge,8,Voluptuous,BBW,Voluptuous · Huge · BBW
Olivia O'Lovely,170,70,36DD,41.0,26,38,6,Big,7,Thick,,Thick · Big
Olivia Saint,173,61,34B,36.0,24,38,2,Small,6,Very Curvy,,Very Curvy · Small
Olivia Sin,152,38,34A,35.0,23,34,2,Small,4,Average hips,Petite,Average hips · Small · Petite
Olivia Wilder,165,55,34B,36.0,25,34,3,Modest,3,Lean hips,,Modest · Lean hips
Olivia Winters,160,50,36C,39.0,24,37,4,Average,6,Very Curvy,,Very Curvy · Average
Ona Zee,167,54,38B,40.0,26,36,2,Small,5,Curvy,,Curvy · Small
Orion Raye,163,59,34B,36.0,26,36,3,Modest,5,Curvy,,Curvy · Modest
Osa Lovely,160,58,32D,36.0,24,39,6,Big,7,Thick,,Thick · Big
P.J. Sparxx,165,57,36E,42.0,23,34,7,Huge,3,Lean hips,,Huge · Lean hips
Paige Ashley,160,47,32DD,37.0,25,35,6,Big,4,Average hips,,Big · Average hips
Paige Delight,178,59,38F,45.0,27,36,7,Huge,4,Average hips,,Huge · Average hips
Paige Fox,170,54,32B,34.0,23,33,2,Small,2,Slim hips,,Small · Slim hips
Paige Little,150,42,32D,36.0,24,30,6,Big,2,Slim hips,,Big · Slim hips
Paige Owens,160,52,34B,36.0,22,32,3,Modest,2,Slim hips,,Modest · Slim hips
Paige Taylor,163,55,34D,38.0,25,35,5,Full,4,Average hips,,Full · Average hips
Paige Turnah,182,75,36E,42.0,27,42,6,Big,7,Thick,,Thick · Big
Paisley Bennett,162,52,34B,36.0,26,36,3,Modest,5,Curvy,,Curvy · Modest
Paisley Porter,155,55,34C,37.0,24,34,4,Average,4,Average hips,,Average · Average hips
Paisley Rae,161,45,32B,34.0,22,32,3,Modest,1,Straight,Petite,Modest · Straight · Petite
Pam Roberts,178,65,36C,39.0,27,36,4,Average,4,Average hips,,Average · Average hips
Pamela Blond,167,52,34C,37.0,27,38,4,Average,7,Thick,,Thick · Average
Pamela French,168,57,34C,37.0,25,35,4,Average,4,Average hips,,Average · Average hips
Pamela Morrison,155,45,32B,34.0,22,34,3,Modest,4,Average hips,,Average hips · Modest
Pandora Dreams,165,59,34DD,39.0,26,38,6,Big,7,Thick,,Thick · Big
Panther,155,64,38F,45.0,28,38,7,Huge,7,Thick,,Huge · Thick
Paola Rey,168,52,36B,38.0,24,35,2,Small,4,Average hips,,Average hips · Small
Paris Devine,175,45,33A,34.0,25,35,1,Flat,3,Lean hips,Petite,Lean hips · Flat · Petite
Paris Kennedy,165,52,34D,38.0,24,34,5,Full,3,Lean hips,,Full · Lean hips
Paris Lincoln,163,59,36C,39.0,25,34,4,Average,3,Lean hips,,Average · Lean hips
Paris Pink,160,43,33A,34.0,23,34,1,Flat,3,Lean hips,Petite,Lean hips · Flat · Petite
Paris White,155,45,32B,34.0,24,34,3,Modest,4,Average hips,,Average hips · Modest
Parker Page,167,53,34B,36.0,28,38,2,Small,7,Thick,,Thick · Small
Parker Swayze,160,55,32F,39.0,21,36,7,Huge,5,Curvy,,Huge · Curvy
Patrizia Berger,163,57,35B,37.0,26,35,3,Modest,4,Average hips,,Average hips · Modest
Patty Michova,164,50,38F,45.0,24,34,7,Huge,3,Lean hips,,Huge · Lean hips
Paula Rowe,169,57,35D,39.0,26,35,5,Full,4,Average hips,,Full · Average hips
Paulina James,165,48,34B,36.0,24,34,3,Modest,3,Lean hips,,Modest · Lean hips
Paulina Seikola,160,50,34C,37.0,24,36,4,Average,5,Curvy,,Curvy · Average
Paulina Soul,173,52,36C,39.0,26,40,4,Average,7,Thick,Petite,Thick · Average · Petite
Payton Hall,158,49,32DD,37.0,24,34,6,Big,3,Lean hips,,Big · Lean hips
Payton Leigh,163,47,32C,35.0,24,34,4,Average,3,Lean hips,,Average · Lean hips
Payton Simmons,168,55,34DD,39.0,25,30,6,Big,1,Straight,,Big · Straight
Payton Sinclaire,163,56,34DD,39.0,28,36,6,Big,5,Curvy,,Big · Curvy
Pearl Diamond,167,54,35C,38.0,24,35,4,Average,4,Average hips,,Average · Average hips
Penelope Piper,157,56,38D,42.0,26,36,6,Big,5,Curvy,,Big · Curvy
Penelope Sky,172,53,34A,35.0,24,35,1,Flat,3,Lean hips,,Lean hips · Flat
Penelope Stone,160,45,32C,35.0,26,34,4,Average,3,Lean hips,,Average · Lean hips
Peneloppe Ferre,167,55,34D,38.0,23,36,5,Full,5,Curvy,,Full · Curvy
Penney Play,168,59,34DD,39.0,26,38,6,Big,7,Thick,,Thick · Big
Penny Flame,157,52,36C,39.0,25,35,4,Average,4,Average hips,,Average · Average hips
Penny Nichols,145,50,32A,33.0,26,34,2,Small,4,Average hips,,Average hips · Small
Penny Pax,152,47,34D,38.0,24,35,6,Big,5,Curvy,,Big · Curvy
Penny Porsche,170,61,38F,45.0,28,38,7,Huge,7,Thick,,Huge · Thick
Pepper Foxxx,152,47,32C,35.0,27,34,5,Full,4,Average hips,,Full · Average hips
Pepper Hart,172,55,32C,35.0,25,35,4,Average,3,Lean hips,,Average · Lean hips
Pepper Kester,171,55,33B,35.0,24,36,2,Small,4,Average hips,,Average hips · Small
Pepper Xo,170,55,33B,35.0,24,36,2,Small,5,Curvy,,Curvy · Small
Persia Monir,165,59,40DD,45.0,25,37,6,Big,6,Very Curvy,,Big · Very Curvy
Persia Pele,170,54,34D,38.0,27,34,5,Full,3,Lean hips,,Full · Lean hips
Persuajon,163,59,36DD,41.0,27,34,6,Big,3,Lean hips,,Big · Lean hips
Peta Jensen,170,56,34DDD,40.0,26,36,7,Huge,5,Curvy,,Huge · Curvy
Petra Blair,160,52,34B,36.0,28,38,3,Modest,7,Thick,,Thick · Modest
Petra Mis,172,62,34DD,39.0,27,37,6,Big,6,Very Curvy,,Big · Very Curvy
Peyton Coast,166,52,32C,35.0,22,32,4,Average,1,Straight,,Average · Straight
Peyton Robbie,176,64,34C,37.0,24,34,4,Average,2,Slim hips,,Average · Slim hips
Phoenix Askani,173,57,34C,37.0,28,35,4,Average,3,Lean hips,,Average · Lean hips
Phoenix Marie,175,64,34DD,39.0,26,38,6,Big,6,Very Curvy,,Big · Very Curvy
Phyllisha Anne,170,60,34D,38.0,24,34,5,Full,3,Lean hips,,Full · Lean hips
Pinky,150,77,34B,36.0,24,42,3,Modest,8,Voluptuous,BBW,Voluptuous · Modest · BBW
Pinky June,163,49,32B,34.0,23,34,3,Modest,3,Lean hips,,Modest · Lean hips
Pixie Pearl,180,59,34B,36.0,26,38,2,Small,6,Very Curvy,,Very Curvy · Small
Pixiee Little,155,44,32C,35.0,24,34,4,Average,4,Average hips,,Average · Average hips
Platinum Puzzy,168,123,44DD,49.0,40,57,6,Big,8,Voluptuous,BBW,Voluptuous · Big · BBW
Pocahontas De La Vega,166,58,34B,36.0,25,36,2,Small,5,Curvy,,Curvy · Small
Pocahontas Jones,170,59,37C,40.0,29,37,4,Average,6,Very Curvy,,Very Curvy · Average
Polly Pons,157,43,33B,35.0,25,32,3,Modest,2,Slim hips,Petite,Modest · Slim hips · Petite
Poppy Morgan,160,48,34C,37.0,24,32,4,Average,2,Slim hips,,Average · Slim hips
Porche Carrera,165,59,36C,39.0,24,37,4,Average,6,Very Curvy,,Very Curvy · Average
Portia Harlow,161,57,34C,37.0,26,35,4,Average,4,Average hips,,Average · Average hips
Presley Dawson,176,50,34C,37.0,25,35,4,Average,3,Lean hips,Petite,Average · Lean hips · Petite
Presley Hart,161,45,32B,34.0,24,33,3,Modest,2,Slim hips,Petite,Modest · Slim hips · Petite
Presley Maddox,163,54,34C,37.0,28,36,4,Average,5,Curvy,,Curvy · Average
Princess Clover,163,50,34B,36.0,24,34,3,Modest,3,Lean hips,,Modest · Lean hips
Princess Donna,170,57,36D,40.0,32,42,5,Full,8,Voluptuous,,Voluptuous · Full
Princess Paris,170,54,36D,40.0,32,36,5,Full,5,Curvy,,Full · Curvy
Priscilla Milan,160,50,34C,37.0,24,34,4,Average,3,Lean hips,,Average · Lean hips
Pristine Edge,160,47,32D,36.0,24,32,6,Big,2,Slim hips,,Big · Slim hips
Priva,160,41,32C,35.0,24,32,4,Average,2,Slim hips,Petite,Average · Slim hips · Petite
Priya Price,157,57,36DD,41.0,25,40,6,Big,8,Voluptuous,,Voluptuous · Big
Priya Rai,160,45,34D,38.0,24,34,6,Big,3,Lean hips,,Big · Lean hips
Promesita,161,49,33A,34.0,23,35,1,Flat,4,Average hips,,Average hips · Flat
Proxy Paige,160,52,32B,34.0,25,37,3,Modest,6,Very Curvy,,Very Curvy · Modest
Puma Swede,178,56,32F,39.0,25,35,7,Huge,3,Lean hips,,Huge · Lean hips
Pure Ashley,155,43,32A,33.0,23,34,2,Small,4,Average hips,,Average hips · Small
Purple Bitch,162,45,32C,35.0,22,35,4,Average,4,Average hips,Petite,Average · Average hips · Petite
PussyKat,157,40,33D,37.0,24,30,6,Big,1,Straight,Petite,Big · Straight · Petite
Quinn Wilde,161,48,34DD,39.0,23,36,6,Big,5,Curvy,,Big · Curvy
Rachael Cavalli,175,67,36DD,41.0,26,36,6,Big,4,Average hips,,Big · Average hips
Rachael Madori,170,61,34B,36.0,27,34,2,Small,3,Lean hips,,Lean hips · Small
Rachel Aziani,168,50,42DD,47.0,28,36,6,Big,5,Curvy,,Big · Curvy
Rachel Evans,168,52,36C,39.0,23,34,4,Average,3,Lean hips,,Average · Lean hips
Rachel James,160,48,32AA,32.0,22,32,1,Flat,2,Slim hips,,Slim hips · Flat
Rachel Love,160,52,36E,42.0,25,34,7,Huge,3,Lean hips,,Huge · Lean hips
Rachel Milan,157,47,32A,33.0,24,36,2,Small,5,Curvy,,Curvy · Small
Rachel Raven,168,64,32B,34.0,25,38,2,Small,7,Thick,,Thick · Small
Rachel Rivers,163,50,32A,33.0,22,34,1,Flat,3,Lean hips,,Lean hips · Flat
Rachel Rose,165,52,34B,36.0,26,30,3,Modest,1,Straight,,Modest · Straight
Rachel Roxxx,152,46,34D,38.0,25,34,6,Big,4,Average hips,,Big · Average hips
Rachel Salori,157,59,34D,38.0,26,34,6,Big,3,Lean hips,,Big · Lean hips
Rachel Starr,163,52,34D,38.0,25,35,5,Full,4,Average hips,,Full · Average hips
Rachel Steele,167,61,36E,42.0,28,38,7,Huge,7,Thick,,Huge · Thick
Rachel Storms,168,58,34DD,39.0,25,37,6,Big,6,Very Curvy,,Big · Very Curvy
Rachel Woods,163,52,34B,36.0,25,35,3,Modest,4,Average hips,,Average hips · Modest
Rachele Richey,158,48,34DDD,40.0,24,30,7,Huge,1,Straight,,Huge · Straight
Rae Lil Black,144,45,28C,31.0,24,34,5,Full,4,Average hips,,Full · Average hips
Rahyndee,157,50,32C,35.0,24,34,4,Average,3,Lean hips,,Average · Lean hips
Rain Degre,172,56,34D,38.0,27,35,5,Full,3,Lean hips,,Full · Lean hips
Rain Summers,157,52,38D,42.0,25,35,6,Big,4,Average hips,,Big · Average hips
Ramu Nagatsuki,153,46,33D,37.0,23,33,6,Big,2,Slim hips,,Big · Slim hips
Randi Storm,178,57,38DD,43.0,26,36,6,Big,4,Average hips,,Big · Average hips
Randi Wright,160,48,34B,36.0,25,34,3,Modest,3,Lean hips,,Modest · Lean hips
Rane Revere,170,58,33C,36.0,25,35,4,Average,4,Average hips,,Average · Average hips
Ranie Mae,162,52,32D,36.0,26,36,5,Full,5,Curvy,,Full · Curvy
Raquel Adan,169,67,36DD,41.0,24,33,6,Big,2,Slim hips,,Big · Slim hips
Raquel Devine,168,54,34D,38.0,25,33,5,Full,2,Slim hips,,Full · Slim hips
Raquel Love,166,52,36D,40.0,24,35,5,Full,4,Average hips,,Full · Average hips
Raquel Roper,158,51,36B,38.0,24,34,3,Modest,3,Lean hips,,Modest · Lean hips
Raquel Sieb,160,55,34DD,39.0,26,36,6,Big,5,Curvy,,Big · Curvy
Raquel Sultra,173,55,39DD,44.0,29,36,6,Big,4,Average hips,,Big · Average hips
Raven Alexis,160,45,34D,38.0,24,36,6,Big,5,Curvy,,Big · Curvy
Raven Bay,165,48,34DD,39.0,25,28,6,Big,1,Straight,,Big · Straight
Raven Black,162,57,36D,40.0,28,38,5,Full,7,Thick,,Thick · Full
Raven Hart,162,58,36DD,41.0,26,36,6,Big,5,Curvy,,Big · Curvy
Raven LeChance,162,55,36D,40.0,26,36,5,Full,5,Curvy,,Full · Curvy
Raven Redmond,165,50,32D,36.0,25,34,5,Full,3,Lean hips,,Full · Lean hips
Raven Reign,168,55,36C,39.0,28,40,4,Average,7,Thick,,Thick · Average
Raven Wylde,162,45,32B,34.0,25,34,3,Modest,3,Lean hips,Petite,Modest · Lean hips · Petite
Raylene,170,54,35D,39.0,24,36,5,Full,5,Curvy,,Full · Curvy
Raylin Ann,162,53,34C,37.0,24,34,4,Average,3,Lean hips,,Average · Lean hips
RayVeness,160,55,36DD,41.0,24,36,6,Big,5,Curvy,,Big · Curvy
Reagan Foxx,175,64,34DDD,40.0,26,36,6,Big,4,Average hips,,Big · Average hips
Reagan Lush,165,54,32D,36.0,24,33,5,Full,2,Slim hips,,Full · Slim hips
Rebeca Linares,155,49,34D,38.0,26,34,6,Big,4,Average hips,,Big · Average hips
Rebecca Bardoux,168,50,36D,40.0,25,35,5,Full,4,Average hips,,Full · Average hips
Rebecca Blue,157,44,32B,34.0,24,33,3,Modest,2,Slim hips,,Modest · Slim hips
Rebecca Lord,168,50,34B,36.0,22,34,2,Small,3,Lean hips,,Lean hips · Small
Rebecca Love,157,52,36DD,41.0,28,36,6,Big,5,Curvy,,Big · Curvy
Rebecca More,170,60,35F,42.0,26,32,7,Huge,1,Straight,,Huge · Straight
Rebecca Pinar,167,62,36D,40.0,28,38,5,Full,7,Thick,,Thick · Full
Rebecca Rainbow,170,61,36B,38.0,26,34,2,Small,3,Lean hips,,Lean hips · Small
Rebecca Volpetti,160,45,30A,31.0,26,29,1,Flat,1,Straight,,Flat · Straight
Rebeka Black,167,53,32A,33.0,24,34,1,Flat,3,Lean hips,,Lean hips · Flat
Rebekah Dee,162,55,34DD,39.0,25,35,6,Big,4,Average hips,,Big · Average hips
Rebel Lynn,158,45,32A,33.0,26,32,1,Flat,2,Slim hips,,Slim hips · Flat
Reena Sky,157,55,34B,36.0,27,35,3,Modest,4,Average hips,,Average hips · Modest
Regan Anthony,152,45,34DD,39.0,22,34,6,Big,4,Average hips,,Big · Average hips
Regan Reese,152,50,32D,36.0,27,33,6,Big,2,Slim hips,,Big · Slim hips
Regina Ice,170,55,34C,37.0,24,36,4,Average,5,Curvy,,Curvy · Average
Rei Mizuna,153,45,32C,35.0,22,34,5,Full,4,Average hips,,Full · Average hips
Remy LaCroix,157,48,34B,36.0,24,35,3,Modest,4,Average hips,,Average hips · Modest
Renae Cruz,160,51,34C,37.0,25,35,4,Average,4,Average hips,,Average · Average hips
Renata Black,160,52,34B,36.0,25,37,3,Modest,6,Very Curvy,,Very Curvy · Modest
Renata Daninsky,165,51,34D,38.0,23,34,5,Full,3,Lean hips,,Full · Lean hips
Rene Star,175,50,34C,37.0,24,35,4,Average,3,Lean hips,Petite,Average · Lean hips · Petite
Renee LaRue,170,54,34D,38.0,25,35,5,Full,4,Average hips,,Full · Average hips
Renee Pornero,162,53,32B,34.0,24,33,3,Modest,2,Slim hips,,Modest · Slim hips
Renee Ross,165,82,40J,53.0,32,40,8,Massive,7,Thick,BBW,Massive · Thick · BBW
Renee Roulette,160,48,34A,35.0,24,34,1,Flat,3,Lean hips,,Lean hips · Flat
Rharri Rhound,167,55,32B,34.0,24,36,2,Small,5,Curvy,,Curvy · Small
Rheina Shine,162,69,38DD,43.0,30,38,6,Big,7,Thick,,Thick · Big
Rhianna Ryan,163,57,34B,36.0,28,34,3,Modest,3,Lean hips,,Modest · Lean hips
Rhiannon Ryder,171,54,32A,33.0,30,32,1,Flat,1,Straight,,Flat · Straight
Rhonda Jo Petty,165,58,36E,42.0,26,35,7,Huge,4,Average hips,,Huge · Average hips
Rhylee Richards,173,55,36DD,41.0,23,36,6,Big,4,Average hips,,Big · Average hips
Rhyse Richardson,160,50,34DD,39.0,24,34,6,Big,3,Lean hips,,Big · Lean hips
Ria Rodrigez,155,45,34B,36.0,24,35,3,Modest,5,Curvy,,Curvy · Modest
Ria Sunn,170,55,32B,34.0,24,32,2,Small,1,Straight,,Small · Straight
Richelle Ryan,163,57,34F,41.0,25,36,7,Huge,5,Curvy,,Huge · Curvy
Richelle Ryder,165,49,32A,33.0,23,35,1,Flat,4,Average hips,,Average hips · Flat
Ricki White,163,59,34D,38.0,25,38,5,Full,7,Thick,,Thick · Full
Rihanna Rimes,172,61,34C,37.0,25,37,4,Average,6,Very Curvy,,Very Curvy · Average
Rihanna Samuel,163,53,32A,33.0,24,34,1,Flat,3,Lean hips,,Lean hips · Flat
Rika Sakurai,165,48,33B,35.0,22,33,3,Modest,2,Slim hips,,Modest · Slim hips
Rikki Nyx,149,43,32DD,37.0,22,23,6,Big,1,Straight,,Big · Straight
Rikki Rumor,158,52,32C,35.0,25,38,4,Average,7,Thick,,Thick · Average
Rikki Six,171,47,34DD,39.0,24,33,6,Big,1,Straight,Petite,Big · Straight · Petite
Rilee Marks,162,45,34C,37.0,24,32,4,Average,1,Straight,Petite,Average · Straight · Petite
Riley Brooks,176,62,34B,36.0,24,36,2,Small,4,Average hips,,Average hips · Small
Riley Evans,168,55,34D,38.0,24,36,5,Full,5,Curvy,,Full · Curvy
Riley Grey,170,61,32C,35.0,29,39,4,Average,7,Thick,,Thick · Average
Riley Jenner,177,59,34DD,39.0,24,36,6,Big,4,Average hips,,Big · Average hips
Riley Mae,168,52,34C,37.0,22,32,4,Average,1,Straight,,Average · Straight
Riley Mason,165,45,34C,37.0,24,36,4,Average,5,Curvy,Petite,Curvy · Average · Petite
Riley Ray,175,52,34B,36.0,25,35,2,Small,3,Lean hips,Petite,Lean hips · Small · Petite
Riley Reid,160,48,32A,33.0,26,36,1,Flat,5,Curvy,,Curvy · Flat
Riley Reyes,165,55,34B,36.0,27,37,3,Modest,6,Very Curvy,,Very Curvy · Modest
Riley Shy,165,52,34B,36.0,26,32,3,Modest,1,Straight,,Modest · Straight
Riley Star,160,43,36A,37.0,24,32,1,Flat,2,Slim hips,Petite,Slim hips · Flat · Petite
Riley Steele,170,52,36C,39.0,22,37,4,Average,6,Very Curvy,,Very Curvy · Average
Rilynn Rae,177,64,34C,37.0,23,36,4,Average,4,Average hips,,Average · Average hips
Rina Ellis,155,50,32B,34.0,23,30,3,Modest,1,Straight,,Modest · Straight
Rio Hamasaki,158,54,35DDD,41.0,23,33,7,Huge,2,Slim hips,,Huge · Slim hips
Rio Mariah,163,56,32C,35.0,24,31,4,Average,1,Straight,,Average · Straight
Risa Arisawa,161,53,39DDD,45.0,23,35,7,Huge,4,Average hips,,Huge · Average hips
Risi Simms,152,45,32DD,37.0,21,34,6,Big,4,Average hips,,Big · Average hips
Rita Akira,155,50,34B,36.0,28,34,3,Modest,4,Average hips,,Average hips · Modest
Rita Daniels,170,58,36FF,44.0,26,34,7,Huge,3,Lean hips,,Huge · Lean hips
Rita Faltoyano,164,57,36D,40.0,24,36,5,Full,5,Curvy,,Full · Curvy
Rita Jalace,154,44,30A,31.0,23,33,2,Small,2,Slim hips,,Small · Slim hips
Rita Rush,168,55,34C,37.0,25,36,4,Average,5,Curvy,,Curvy · Average
Rita Sinclair,156,48,34B,36.0,25,35,3,Modest,4,Average hips,,Average hips · Modest
Riylee Renee,167,55,34A,35.0,22,32,1,Flat,1,Straight,,Flat · Straight
Robbye Bentley,175,64,36E,42.0,26,38,6,Big,6,Very Curvy,,Big · Very Curvy
Roberta Gemma,168,61,39E,45.0,23,35,7,Huge,4,Average hips,,Huge · Average hips
Roberta Sligen,163,52,34C,37.0,26,36,4,Average,5,Curvy,,Curvy · Average
Robin Pachino,157,52,37D,41.0,26,34,6,Big,3,Lean hips,,Big · Lean hips
Rocky Emerson,191,59,32C,35.0,25,30,3,Modest,1,Straight,Petite,Modest · Straight · Petite
Romana Ryder,158,45,36DD,41.0,27,35,6,Big,4,Average hips,,Big · Average hips
Romi Rain,165,55,34DDD,40.0,24,36,7,Huge,5,Curvy,,Huge · Curvy
Rosaline Love,163,53,35B,37.0,24,35,3,Modest,4,Average hips,,Average hips · Modest
Rosalyn Sphinx,160,52,32B,34.0,24,34,3,Modest,3,Lean hips,,Modest · Lean hips
Rosario Stone,175,65,34B,36.0,24,38,2,Small,6,Very Curvy,,Very Curvy · Small
Rose Monroe,165,61,34C,37.0,25,37,4,Average,6,Very Curvy,,Very Curvy · Average
Rose Red,167,59,34B,36.0,25,37,2,Small,6,Very Curvy,,Very Curvy · Small
Rose Valentina,165,105,42HH,54.0,30,38,8,Massive,7,Thick,BBW,Massive · Thick · BBW
Rose Valerie,161,50,34D,38.0,25,36,5,Full,5,Curvy,,Full · Curvy
Rosemary Moyer,154,47,34B,36.0,25,36,3,Modest,6,Very Curvy,,Very Curvy · Modest
Rosemary Radeva,163,41,34A,35.0,26,34,1,Flat,3,Lean hips,Petite,Lean hips · Flat · Petite
Rosie Riches,147,41,32A,33.0,24,34,2,Small,4,Average hips,,Average hips · Small
Roxanne Hall,175,59,36C,39.0,24,34,4,Average,2,Slim hips,,Average · Slim hips
Roxanne Milana,166,45,34D,38.0,24,34,5,Full,3,Lean hips,Petite,Full · Lean hips · Petite
Roxanne Rae,165,50,34C,37.0,22,34,4,Average,3,Lean hips,,Average · Lean hips
Roxi Red,175,77,38K,49.0,30,36,8,Massive,4,Average hips,,Massive · Average hips
Roxii Blair,157,58,34DD,39.0,23,34,6,Big,3,Lean hips,,Big · Lean hips
Roxxxy Rush,175,66,36D,40.0,24,34,5,Full,2,Slim hips,,Full · Slim hips
Roxy Deville,168,55,34C,37.0,24,34,4,Average,3,Lean hips,,Average · Lean hips
Roxy Jezel,152,50,32B,34.0,24,32,3,Modest,2,Slim hips,,Modest · Slim hips
Roxy Lips,163,42,32B,34.0,22,33,3,Modest,2,Slim hips,Petite,Modest · Slim hips · Petite
Roxy Nicole,167,51,34B,36.0,27,34,2,Small,3,Lean hips,,Lean hips · Small
Roxy Panther,165,53,34D,38.0,28,36,5,Full,5,Curvy,,Full · Curvy
Roxy Raye,170,58,34B,36.0,27,37,2,Small,6,Very Curvy,,Very Curvy · Small
Roxy Reynolds,173,59,34B,36.0,24,40,2,Small,7,Thick,,Thick · Small
Roxy Rox,175,55,36B,38.0,27,36,2,Small,4,Average hips,,Average hips · Small
RubberDoll,170,58,34DD,39.0,25,35,6,Big,4,Average hips,,Big · Average hips
Ruby Knox,163,51,34C,37.0,23,32,4,Average,1,Straight,,Average · Straight
Ruby Rayes,152,48,34B,36.0,25,30,3,Modest,1,Straight,,Modest · Straight
Ruby Red,162,59,36C,39.0,26,40,4,Average,7,Thick,,Thick · Average
Rucca Page,168,62,34D,38.0,26,36,5,Full,5,Curvy,,Full · Curvy
Ryan Conner,173,72,42D,46.0,34,44,5,Full,8,Voluptuous,,Voluptuous · Full
Ryan Riesling,173,56,32B,34.0,26,35,2,Small,3,Lean hips,,Lean hips · Small
Ryan Smiles,168,67,36D,40.0,26,38,5,Full,7,Thick,,Thick · Full
Ryder Skye,157,48,32DDD,38.0,24,33,7,Huge,2,Slim hips,,Huge · Slim hips
Rylie Richman,167,55,34C,37.0,26,32,4,Average,1,Straight,,Average · Straight
Sabina Leigh,165,67,42H,53.0,28,34,8,Massive,3,Lean hips,,Massive · Lean hips
Sable Renae,163,55,32B,34.0,28,36,3,Modest,5,Curvy,,Curvy · Modest
Sabrina Blond,154,43,32A,33.0,24,32,2,Small,2,Slim hips,,Small · Slim hips
Sabrina Cyns,165,54,32E,38.0,26,36,7,Huge,5,Curvy,,Huge · Curvy
Sabrina Deep,182,55,34DD,39.0,24,34,6,Big,2,Slim hips,Petite,Big · Slim hips · Petite
Sabrina Fox,180,59,36D,40.0,26,36,5,Full,4,Average hips,,Full · Average hips
Sabrina Jade,160,47,33B,35.0,25,35,3,Modest,4,Average hips,,Average hips · Modest
Sabrina Jay,170,59,34A,35.0,24,34,1,Flat,3,Lean hips,,Lean hips · Flat
Sabrina Moore,165,50,33B,35.0,25,34,3,Modest,3,Lean hips,,Modest · Lean hips
Sabrina Pepe,165,46,32C,35.0,24,34,4,Average,3,Lean hips,Petite,Average · Lean hips · Petite
Sabrina Rey,161,52,32B,34.0,26,36,3,Modest,5,Curvy,,Curvy · Modest
Sabrina Rose,173,50,34C,37.0,24,34,4,Average,2,Slim hips,Petite,Average · Slim hips · Petite
Sabrina Sweet,165,49,32A,33.0,26,37,1,Flat,6,Very Curvy,,Very Curvy · Flat
Sabrina Taylor,173,64,36C,39.0,28,32,4,Average,1,Straight,,Average · Straight
Sabrine Maui,157,45,32B,34.0,23,33,3,Modest,2,Slim hips,,Modest · Slim hips
Sadie Blair,163,53,34A,35.0,26,36,1,Flat,5,Curvy,,Curvy · Flat
Sadie Blooms,178,85,38G,47.0,32,44,7,Huge,8,Voluptuous,,Voluptuous · Huge
Sadie Creams,168,59,36B,38.0,24,36,2,Small,5,Curvy,,Curvy · Small
Sadie Dazzle,168,49,34A,35.0,24,34,1,Flat,3,Lean hips,Petite,Lean hips · Flat · Petite
Sadie Holmes,172,61,34B,36.0,24,36,2,Small,4,Average hips,,Average hips · Small
Sadie Kennedy,160,52,34A,35.0,24,35,1,Flat,4,Average hips,,Average hips · Flat
Sadie Pop,147,38,30AA,30.0,22,32,1,Flat,2,Slim hips,,Slim hips · Flat
Sadie Santana,178,59,34C,37.0,26,35,4,Average,3,Lean hips,,Average · Lean hips
Sadie Swede,175,67,36DD,41.0,29,39,6,Big,7,Thick,,Thick · Big
Sadie West,157,50,34C,37.0,24,34,4,Average,3,Lean hips,,Average · Lean hips
Sage Evans,168,55,34B,36.0,26,32,2,Small,1,Straight,,Small · Straight
Sahara Knite,165,57,30C,33.0,26,36,4,Average,5,Curvy,,Curvy · Average
Sailor Luna,175,59,34C,37.0,24,36,4,Average,4,Average hips,,Average · Average hips
Sally Charles,165,50,34B,36.0,23,34,3,Modest,3,Lean hips,,Modest · Lean hips
Sally D'Angelo,155,49,38GG,48.0,24,36,8,Massive,6,Very Curvy,,Massive · Very Curvy
Sally Walker,170,60,36D,40.0,26,35,5,Full,4,Average hips,,Full · Average hips
Salma De Nora,162,55,35D,39.0,25,35,5,Full,4,Average hips,,Full · Average hips
Sam Brooke,173,58,36B,38.0,25,37,2,Small,6,Very Curvy,,Very Curvy · Small
Sam Summers,160,45,32C,35.0,24,32,4,Average,2,Slim hips,,Average · Slim hips
Samantha 38G,165,82,44G,53.0,34,45,8,Massive,8,Voluptuous,BBW,Massive · Voluptuous · BBW
Samantha Bentley,162,50,32DD,37.0,24,32,6,Big,1,Straight,,Big · Straight
Samantha Fire,165,50,34C,37.0,24,32,4,Average,1,Straight,,Average · Straight
Samantha Hayes,167,52,32C,35.0,24,34,4,Average,3,Lean hips,,Average · Lean hips
Samantha Jolie,173,56,34B,36.0,25,36,2,Small,4,Average hips,,Average hips · Small
Samantha Pink,171,58,36D,40.0,25,36,5,Full,4,Average hips,,Full · Average hips
Samantha Rone,167,53,32C,35.0,20,26,4,Average,1,Straight,,Average · Straight
Samantha Ryan,172,59,32B,34.0,25,35,2,Small,3,Lean hips,,Lean hips · Small
Samantha Saint,172,55,34DD,39.0,24,36,6,Big,4,Average hips,,Big · Average hips
Samantha Sin,163,50,34DD,39.0,23,33,6,Big,2,Slim hips,,Big · Slim hips
Sami St Clair,173,52,34C,37.0,24,36,4,Average,4,Average hips,Petite,Average · Average hips · Petite
Sami White,162,57,32A,33.0,22,32,1,Flat,1,Straight,,Flat · Straight
Samia Duarte,170,53,34B,36.0,23,36,2,Small,5,Curvy,,Curvy · Small
Sammie Daniels,150,36,32A,33.0,26,36,2,Small,6,Very Curvy,Petite,Very Curvy · Small · Petite
Sammie Rhodes,163,50,32D,36.0,27,36,5,Full,5,Curvy,,Full · Curvy
Sammie Six,168,57,34C,37.0,25,36,4,Average,5,Curvy,,Curvy · Average
Sammie Spades,149,48,32DD,37.0,26,36,6,Big,6,Very Curvy,,Big · Very Curvy
Sammy Brooks,171,57,36D,40.0,27,32,5,Full,1,Straight,,Full · Straight
Sammy Cruz,160,52,32A,33.0,23,36,1,Flat,5,Curvy,,Curvy · Flat
Samone Taylor,160,64,36D,40.0,25,36,6,Big,5,Curvy,,Big · Curvy
Sandee Westgate,168,49,34D,38.0,23,34,5,Full,3,Lean hips,Petite,Full · Lean hips · Petite
Sandra Luberc,160,45,32C,35.0,24,32,4,Average,2,Slim hips,,Average · Slim hips
Sandra Mark,175,60,36C,39.0,25,35,4,Average,3,Lean hips,,Average · Lean hips
Sandra Milka,170,58,36DD,41.0,24,36,6,Big,5,Curvy,,Big · Curvy
Sandra Parker,162,56,33D,37.0,24,36,5,Full,5,Curvy,,Full · Curvy
Sandra Romain,160,56,36B,38.0,28,36,3,Modest,5,Curvy,,Curvy · Modest
Sandra Sanchez,175,49,34C,37.0,27,35,4,Average,3,Lean hips,Petite,Average · Lean hips · Petite
Sandra Shine,175,55,34C,37.0,25,36,4,Average,4,Average hips,,Average · Average hips
Sandra Star,170,60,32H,43.0,27,36,8,Massive,5,Curvy,,Massive · Curvy
Sandra Wellness,163,47,34B,36.0,24,36,3,Modest,5,Curvy,,Curvy · Modest
Sandy Style,167,50,34B,36.0,24,35,2,Small,4,Average hips,,Average hips · Small
Sandy Sweet,150,45,32B,34.0,24,28,3,Modest,1,Straight,,Modest · Straight
Saphire Rae,170,57,32A,33.0,24,34,1,Flat,3,Lean hips,,Lean hips · Flat
Sara James,162,48,32A,33.0,23,33,1,Flat,2,Slim hips,,Slim hips · Flat
Sara Jay,163,66,36E,42.0,25,41,7,Huge,8,Voluptuous,,Voluptuous · Huge
Sara Kay,168,50,32B,34.0,26,36,2,Small,5,Curvy,,Curvy · Small
Sara Lopez,170,54,36C,39.0,24,37,4,Average,6,Very Curvy,,Very Curvy · Average
Sara Luvv,149,46,32B,34.0,24,34,3,Modest,4,Average hips,,Average hips · Modest
Sara May,165,54,34C,37.0,23,35,4,Average,4,Average hips,,Average · Average hips
Sara Monroe,163,48,34C,37.0,25,36,4,Average,5,Curvy,,Curvy · Average
Sara Seori,166,40,35E,41.0,23,33,7,Huge,2,Slim hips,Petite,Huge · Slim hips · Petite
Sara St Clair,150,43,34DDD,40.0,24,32,7,Huge,2,Slim hips,,Huge · Slim hips
Sara Star,173,111,42K,53.0,39,52,8,Massive,8,Voluptuous,BBW,Massive · Voluptuous · BBW
Sara Stone,163,52,36DD,41.0,24,34,6,Big,3,Lean hips,,Big · Lean hips
Sara Yurikawa,161,51,31C,34.0,22,33,4,Average,2,Slim hips,,Average · Slim hips
Sarah Banks,152,45,32DD,37.0,25,36,6,Big,6,Very Curvy,,Big · Very Curvy
Sarah Blake,155,52,34DD,39.0,25,34,6,Big,4,Average hips,,Big · Average hips
Sarah Dark,173,54,34A,35.0,30,38,1,Flat,6,Very Curvy,,Very Curvy · Flat
Sarah James,168,57,35B,37.0,25,39,2,Small,7,Thick,,Thick · Small
Sarah Jessie,170,50,32DD,37.0,24,33,6,Big,2,Slim hips,Petite,Big · Slim hips · Petite
Sarah Lace,155,53,32B,34.0,25,38,3,Modest,7,Thick,,Thick · Modest
Sarah Lollypop,166,52,34A,35.0,26,34,1,Flat,3,Lean hips,,Lean hips · Flat
Sarah Peachez,165,48,32AA,32.0,24,35,1,Flat,4,Average hips,,Average hips · Flat
Sarah Shevon,173,66,34B,36.0,27,38,2,Small,6,Very Curvy,,Very Curvy · Small
Sarah Twain,177,54,34B,36.0,24,35,2,Small,3,Lean hips,Petite,Lean hips · Small · Petite
Sarah Vandella,160,57,34D,38.0,24,36,6,Big,5,Curvy,,Big · Curvy
Sarah Vickers,170,55,34C,37.0,26,36,4,Average,5,Curvy,,Curvy · Average
SaRenna Lee,157,57,40HH,52.0,23,34,8,Massive,3,Lean hips,,Massive · Lean hips
Sasha Cane,160,45,34D,38.0,23,32,6,Big,2,Slim hips,,Big · Slim hips
Sasha Casey,167,57,34C,37.0,24,32,4,Average,1,Straight,,Average · Straight
Sasha Foxxx,152,50,31C,34.0,24,34,5,Full,4,Average hips,,Full · Average hips
Sasha Grey,170,48,32B,34.0,26,31,2,Small,1,Straight,Petite,Small · Straight · Petite
Sasha Hall,153,46,32B,34.0,24,34,3,Modest,4,Average hips,,Average hips · Modest
Sasha Heart,165,45,34C,37.0,27,32,4,Average,1,Straight,Petite,Average · Straight · Petite
Sasha Jones,163,51,34C,37.0,23,35,4,Average,4,Average hips,,Average · Average hips
Sasha Knox,157,50,34B,36.0,24,34,3,Modest,3,Lean hips,,Modest · Lean hips
Sasha Rose,158,43,34A,35.0,24,34,1,Flat,3,Lean hips,Petite,Lean hips · Flat · Petite
Sasha Sparrow,170,52,34A,35.0,24,33,1,Flat,2,Slim hips,,Slim hips · Flat
Sasha Strange,173,62,36D,40.0,26,37,5,Full,6,Very Curvy,,Very Curvy · Full
Sasha Summers,167,55,32C,35.0,23,34,4,Average,3,Lean hips,,Average · Lean hips
Sasha Sweet,165,52,34D,38.0,24,36,5,Full,5,Curvy,,Full · Curvy
Sasha Von,178,48,32C,35.0,28,34,4,Average,2,Slim hips,Petite,Average · Slim hips · Petite
Sasha Zima,154,49,34A,35.0,24,36,2,Small,6,Very Curvy,,Very Curvy · Small
Sashaa Juggs,167,95,40F,47.0,30,48,7,Huge,8,Voluptuous,BBW,Voluptuous · Huge · BBW
Satin Bloom,167,52,34C,37.0,24,34,4,Average,3,Lean hips,,Average · Lean hips
Satine Phoenix,173,59,34B,36.0,27,37,2,Small,6,Very Curvy,,Very Curvy · Small
Satine Spark,165,55,32C,35.0,28,32,4,Average,1,Straight,,Average · Straight
Sativa Rose,152,45,34C,37.0,24,34,5,Full,4,Average hips,,Full · Average hips
Satomi Suzuki,148,47,35C,38.0,23,33,5,Full,3,Lean hips,,Full · Lean hips
Savana Ginger,170,61,34DD,39.0,26,36,6,Big,5,Curvy,,Big · Curvy
Savana Styles,172,66,36D,40.0,26,35,5,Full,3,Lean hips,,Full · Lean hips
Savanna Knight,165,66,36C,39.0,29,39,4,Average,7,Thick,,Thick · Average
Savanna Samson,165,53,34C,37.0,24,34,4,Average,3,Lean hips,,Average · Lean hips
Savannah Bond,164,59,34G,43.0,26,39,8,Massive,7,Thick,,Massive · Thick
Savannah Fox,160,52,34B,36.0,28,40,3,Modest,8,Voluptuous,,Voluptuous · Modest
Savannah Paige,163,55,34B,36.0,26,36,3,Modest,5,Curvy,,Curvy · Modest
Savannah Sixx,165,50,34D,38.0,24,36,5,Full,5,Curvy,,Full · Curvy
Savannah Steele,155,57,34DD,39.0,24,34,6,Big,4,Average hips,,Big · Average hips
Savannah Stern,168,55,34D,38.0,26,34,5,Full,3,Lean hips,,Full · Lean hips
Savannah Stevens,166,52,32GG,42.0,24,36,8,Massive,5,Curvy,,Massive · Curvy
Saya Song,157,45,32B,34.0,23,34,3,Modest,3,Lean hips,,Modest · Lean hips
Scarlet Red,170,58,34C,37.0,27,36,4,Average,5,Curvy,,Curvy · Average
Scarlet Sade,163,57,34DDD,40.0,28,39,7,Huge,7,Thick,,Huge · Thick
Scarlett Belle,178,64,32G,41.0,26,38,7,Huge,6,Very Curvy,,Huge · Very Curvy
Scarlett Bloom,175,55,32B,34.0,24,34,2,Small,2,Slim hips,,Small · Slim hips
Scarlett Fall,157,55,32C,35.0,24,34,4,Average,3,Lean hips,,Average · Lean hips
Scarlett Fay,168,52,32B,34.0,25,32,2,Small,1,Straight,,Small · Straight
Scarlett Fever,180,55,34B,36.0,26,30,2,Small,1,Straight,Petite,Small · Straight · Petite
Scarlett Monroe,145,43,36DDD,42.0,29,32,7,Huge,2,Slim hips,,Huge · Slim hips
Scarlett Pain,157,51,34C,37.0,26,36,4,Average,5,Curvy,,Curvy · Average
Scarlett Sage,154,43,32A,33.0,24,34,2,Small,4,Average hips,,Average hips · Small
Scarlett Sawyer,165,50,32B,34.0,26,36,3,Modest,5,Curvy,,Curvy · Modest
Scarlett Wild,155,55,32C,35.0,28,32,4,Average,2,Slim hips,,Average · Slim hips
Scarlit Scandal,155,45,32B,34.0,24,34,3,Modest,4,Average hips,,Average hips · Modest
Scyley Jam,180,53,32C,35.0,24,32,3,Modest,1,Straight,Petite,Modest · Straight · Petite
Sea J Raw,178,52,32C,35.0,25,34,4,Average,2,Slim hips,Petite,Average · Slim hips · Petite
Seka,173,54,39D,43.0,23,34,5,Full,2,Slim hips,,Full · Slim hips
Seka Black,172,64,38DD,43.0,29,40,6,Big,7,Thick,,Thick · Big
Selena Adams,163,72,34DDD,40.0,31,44,7,Huge,8,Voluptuous,,Voluptuous · Huge
Selena Castro,162,67,38DD,43.0,26,36,6,Big,5,Curvy,,Big · Curvy
Selena Rios,147,51,34A,35.0,24,36,2,Small,6,Very Curvy,,Very Curvy · Small
Selena Rose,165,52,36B,38.0,24,36,3,Modest,5,Curvy,,Curvy · Modest
Selena Santoro,158,48,32B,34.0,26,34,3,Modest,3,Lean hips,,Modest · Lean hips
Selena Sky,161,55,36C,39.0,26,40,4,Average,7,Thick,,Thick · Average
Selena Star,171,58,34K,45.0,42,47,8,Massive,8,Voluptuous,,Massive · Voluptuous
Selma Sins,150,43,36B,38.0,27,34,3,Modest,4,Average hips,,Average hips · Modest
Selvaggia Babe,162,55,34A,35.0,25,38,1,Flat,7,Thick,,Thick · Flat
Sensi Pearl,160,43,32B,34.0,25,31,3,Modest,1,Straight,Petite,Modest · Straight · Petite
Sensual Jane,167,54,36F,43.0,25,36,7,Huge,5,Curvy,,Huge · Curvy
September Reign,163,47,34B,36.0,24,33,3,Modest,2,Slim hips,,Modest · Slim hips
Sera Moon,168,59,34B,36.0,31,36,2,Small,5,Curvy,,Curvy · Small
Sera Ryder,155,43,32C,35.0,23,26,4,Average,1,Straight,,Average · Straight
Serena Ali,178,70,36D,40.0,28,36,5,Full,4,Average hips,,Full · Average hips
Serena Avary,170,59,32D,36.0,28,32,5,Full,1,Straight,,Full · Straight
Serena Blair,152,45,32C,35.0,24,34,5,Full,4,Average hips,,Full · Average hips
Serena Marcus,157,52,34D,38.0,28,36,6,Big,5,Curvy,,Big · Curvy
Serena Torres,162,52,32A,33.0,24,32,1,Flat,1,Straight,,Flat · Straight
Serilla Lamante,165,54,34B,36.0,26,34,3,Modest,3,Lean hips,,Modest · Lean hips
Serina Hayakawa,160,45,34C,37.0,22,33,4,Average,2,Slim hips,,Average · Slim hips
Sexy Susi,160,55,34DD,39.0,25,36,6,Big,5,Curvy,,Big · Curvy
Sexy Vanessa,160,55,36DD,41.0,24,36,6,Big,5,Curvy,,Big · Curvy
Shae Celestine,162,45,32B,34.0,24,34,3,Modest,3,Lean hips,Petite,Modest · Lean hips · Petite
Shae Spreadz,167,62,34A,35.0,25,36,1,Flat,5,Curvy,,Curvy · Flat
Shae Summers,157,45,34DD,39.0,24,34,6,Big,3,Lean hips,,Big · Lean hips
Shalina Devine,162,47,34C,37.0,24,36,4,Average,5,Curvy,,Curvy · Average
Shana Lane,167,54,34B,36.0,21,26,2,Small,1,Straight,,Small · Straight
Shana Ryder,178,61,36C,39.0,28,34,4,Average,2,Slim hips,,Average · Slim hips
Shanda Fay,170,55,34D,38.0,24,34,5,Full,3,Lean hips,,Full · Lean hips
Shane Blair,170,59,34B,36.0,24,34,2,Small,3,Lean hips,,Lean hips · Small
Shanna McCullough,167,55,35C,38.0,24,35,4,Average,4,Average hips,,Average · Average hips
Shannon Kelly,149,41,32DD,37.0,19,29,6,Big,1,Straight,,Big · Straight
Shara Jones,166,55,32B,34.0,29,30,2,Small,1,Straight,,Small · Straight
Sharka Blue,158,47,32B,34.0,24,34,3,Modest,3,Lean hips,,Modest · Lean hips
Sharon Kane,167,58,34C,37.0,25,36,4,Average,5,Curvy,,Curvy · Average
Sharon Lee,170,55,37C,40.0,25,35,4,Average,4,Average hips,,Average · Average hips
Sharon M.,175,60,34A,35.0,24,34,1,Flat,2,Slim hips,,Slim hips · Flat
Sharon Pink,170,54,36H,47.0,27,37,8,Massive,6,Very Curvy,,Massive · Very Curvy
Sharon Wild,170,55,36B,38.0,24,36,2,Small,5,Curvy,,Curvy · Small
Shauna Skye,174,67,34B,36.0,22,32,2,Small,1,Straight,,Small · Straight
Shawna Lenee,157,48,32D,36.0,24,36,6,Big,5,Curvy,,Big · Curvy
Shay Evans,153,42,34D,38.0,22,29,6,Big,1,Straight,,Big · Straight
Shay Fox,165,60,36DDD,42.0,25,36,7,Huge,5,Curvy,,Huge · Curvy
Shay Hendrix,170,61,34E,40.0,28,34,7,Huge,3,Lean hips,,Huge · Lean hips
Shay Sights,173,55,38DD,43.0,26,34,6,Big,2,Slim hips,,Big · Slim hips
Shay Sweet,160,50,34C,37.0,24,34,4,Average,3,Lean hips,,Average · Lean hips
Shaye Bennet,162,48,34B,36.0,26,36,3,Modest,5,Curvy,,Curvy · Modest
Shayla LaVeaux,157,51,34C,37.0,27,34,4,Average,3,Lean hips,,Average · Lean hips
Shayna Knight,165,56,32A,33.0,24,35,1,Flat,4,Average hips,,Average hips · Flat
Shayne Ryder,165,52,34B,36.0,25,34,3,Modest,3,Lean hips,,Modest · Lean hips
Shea Blaze,163,55,34DD,39.0,24,34,6,Big,3,Lean hips,,Big · Lean hips
Sheena Rose,163,48,33B,35.0,24,34,3,Modest,3,Lean hips,,Modest · Lean hips
Sheena Ryder,162,59,34B,36.0,27,39,3,Modest,7,Thick,,Thick · Modest
Sheena Shaw,153,43,30B,32.0,24,32,3,Modest,2,Slim hips,,Modest · Slim hips
Sheila Grant,168,54,36E,42.0,27,36,7,Huge,5,Curvy,,Huge · Curvy
Sheila Marie,165,55,37DD,42.0,25,37,6,Big,6,Very Curvy,,Big · Very Curvy
Sheila Ortega,162,58,36F,43.0,27,39,7,Huge,7,Thick,,Huge · Thick
Sheila Scott,168,51,34B,36.0,24,36,2,Small,5,Curvy,,Curvy · Small
Sheridan Love,152,57,34G,43.0,25,37,8,Massive,7,Thick,,Massive · Thick
Shione Cooper,174,62,40F,47.0,27,35,7,Huge,3,Lean hips,,Huge · Lean hips
Shona River,172,52,34A,35.0,25,36,1,Flat,4,Average hips,,Average hips · Flat
Shy Love,165,47,36D,40.0,24,34,5,Full,3,Lean hips,Petite,Full · Lean hips · Petite
Shyla Ryder,171,55,34A,35.0,26,34,1,Flat,2,Slim hips,,Slim hips · Flat
Shyla Shy,165,76,38H,49.0,30,38,8,Massive,7,Thick,,Massive · Thick
Shyla Stylez,160,49,36DD,41.0,23,34,6,Big,3,Lean hips,,Big · Lean hips
Sidney Lange,168,55,34D,38.0,26,34,5,Full,3,Lean hips,,Full · Lean hips
Sidra Sage,175,57,32A,33.0,25,35,1,Flat,3,Lean hips,,Lean hips · Flat
Sienna Day,162,48,30DD,35.0,24,31,6,Big,1,Straight,,Big · Straight
Sienna Milano,155,50,32C,35.0,28,36,4,Average,6,Very Curvy,,Very Curvy · Average
Sienna West,160,55,34DD,39.0,24,34,6,Big,3,Lean hips,,Big · Lean hips
Sierra,156,58,36F,43.0,27,36,7,Huge,5,Curvy,,Huge · Curvy
Sierra Day,171,55,34C,37.0,25,36,4,Average,4,Average hips,,Average · Average hips
Sierra Nicole,171,58,32C,35.0,24,34,4,Average,2,Slim hips,,Average · Slim hips
Sierra Sanders,167,59,38C,41.0,28,40,4,Average,7,Thick,,Thick · Average
Sierra Simmons,157,50,34DD,39.0,27,35,6,Big,4,Average hips,,Big · Average hips
Sierra Sinn,152,41,34A,35.0,25,34,2,Small,4,Average hips,,Average hips · Small
Sierra Skye,168,70,38DD,43.0,30,36,6,Big,5,Curvy,,Big · Curvy
Sierra Snow,155,45,34C,37.0,23,33,4,Average,2,Slim hips,,Average · Slim hips
Silvia Burton,163,53,38A,39.0,23,38,1,Flat,7,Thick,,Thick · Flat
Silvia Dellai,160,48,32B,34.0,24,33,3,Modest,2,Slim hips,,Modest · Slim hips
Silvia Jons,152,50,32B,34.0,24,32,3,Modest,2,Slim hips,,Modest · Slim hips
Silvia Ruby,175,59,32A,33.0,23,35,1,Flat,3,Lean hips,,Lean hips · Flat
Silvia Saige,170,52,34D,38.0,27,33,5,Full,2,Slim hips,,Full · Slim hips
Silvia Saint,165,48,37C,40.0,23,36,4,Average,5,Curvy,,Curvy · Average
Silvie Delux,175,52,34C,37.0,24,34,4,Average,2,Slim hips,Petite,Average · Slim hips · Petite
Simone Garza,160,54,34G,43.0,23,29,8,Massive,1,Straight,,Massive · Straight
Simone Lopez,165,51,34B,36.0,24,34,3,Modest,3,Lean hips,,Modest · Lean hips
Simone Riley,155,48,36D,40.0,24,36,6,Big,6,Very Curvy,,Big · Very Curvy
Simone Sonay,170,57,36C,39.0,26,36,4,Average,5,Curvy,,Curvy · Average
Simony Diamond,172,56,36C,39.0,26,36,4,Average,4,Average hips,,Average · Average hips
Sina Velvet,184,69,38D,42.0,29,35,5,Full,4,Average hips,,Full · Average hips
Sindee Coxx,165,56,36D,40.0,22,35,5,Full,4,Average hips,,Full · Average hips
Sindee Jennings,157,49,34B,36.0,26,35,3,Modest,4,Average hips,,Average hips · Modest
Sindee Shay,175,61,35B,37.0,25,37,2,Small,6,Very Curvy,,Very Curvy · Small
Sinderella,170,55,34C,37.0,23,34,4,Average,3,Lean hips,,Average · Lean hips
Sinn Sage,165,59,34B,36.0,26,40,3,Modest,7,Thick,,Thick · Modest
Sinnamon Love,155,54,34D,38.0,24,34,6,Big,4,Average hips,,Big · Average hips
Siouxsie Q,170,66,34C,37.0,28,38,4,Average,7,Thick,,Thick · Average
Siri,176,67,30H,41.0,27,38,8,Massive,6,Very Curvy,,Massive · Very Curvy
Sizi Sev,163,56,34B,36.0,26,34,3,Modest,3,Lean hips,,Modest · Lean hips
Skin Diamond,165,50,32B,34.0,25,35,3,Modest,4,Average hips,,Average hips · Modest
Sky Light,160,43,32B,34.0,22,34,3,Modest,3,Lean hips,Petite,Modest · Lean hips · Petite
Sky Pierce,163,48,31B,33.0,24,32,3,Modest,1,Straight,,Modest · Straight
Sky Taylor,168,55,34D,38.0,24,34,5,Full,3,Lean hips,,Full · Lean hips
Skye Blue,173,50,32E,38.0,26,34,7,Huge,2,Slim hips,Petite,Huge · Slim hips · Petite
Skye West,150,45,34C,37.0,24,33,5,Full,3,Lean hips,,Full · Lean hips
Skyla Paige,168,59,34C,37.0,26,36,4,Average,5,Curvy,,Curvy · Average
Skylar Green,153,41,30B,32.0,23,32,3,Modest,2,Slim hips,,Modest · Slim hips
Skylar Madison,170,57,34D,38.0,28,38,5,Full,7,Thick,,Thick · Full
Skylar Rae,157,56,32D,36.0,25,34,6,Big,3,Lean hips,,Big · Lean hips
Skylar Snow,166,66,34DDD,40.0,24,36,7,Huge,5,Curvy,,Huge · Curvy
Skylar Valentine,140,43,32B,34.0,24,34,3,Modest,8,Voluptuous,,Voluptuous · Modest
Skylar Vox,158,51,34DD,39.0,24,34,6,Big,3,Lean hips,,Big · Lean hips
Skyler Nicole,163,55,32B,34.0,26,38,3,Modest,7,Thick,,Thick · Modest
Skyler Price,172,64,36D,40.0,27,37,5,Full,6,Very Curvy,,Very Curvy · Full
Skyy Black,160,66,38DD,43.0,28,39,6,Big,7,Thick,,Thick · Big
Smokie Flame,163,49,34B,36.0,24,34,3,Modest,3,Lean hips,,Modest · Lean hips
Sofi Goldfinger,160,50,34A,35.0,25,35,1,Flat,4,Average hips,,Average hips · Flat
Sofi Smile,160,48,30A,31.0,24,28,1,Flat,1,Straight,,Flat · Straight
Sofia Gucci,169,55,34D,38.0,25,35,5,Full,4,Average hips,,Full · Average hips
Sofia Lee,169,72,38F,45.0,24,36,7,Huge,5,Curvy,,Huge · Curvy
Sofia Like,172,55,32A,33.0,25,34,1,Flat,2,Slim hips,,Slim hips · Flat
Sofia Rivera,157,50,34C,37.0,30,38,4,Average,7,Thick,,Thick · Average
Sofia Valentine,165,50,34D,38.0,24,34,5,Full,3,Lean hips,,Full · Lean hips
Sofie Carter,160,51,34B,36.0,24,34,3,Modest,3,Lean hips,,Modest · Lean hips
Sofie Reyez,155,52,33B,35.0,25,31,3,Modest,1,Straight,,Modest · Straight
Sola Zola,173,50,34C,37.0,24,36,4,Average,4,Average hips,Petite,Average · Average hips · Petite
Soleil,170,61,36DD,41.0,21,34,6,Big,3,Lean hips,,Big · Lean hips
Sonia Harcourt,168,57,36B,38.0,29,36,2,Small,5,Curvy,,Curvy · Small
Sonia Kel,160,55,34D,38.0,24,35,6,Big,4,Average hips,,Big · Average hips
Sonia Red,162,48,34A,35.0,23,35,1,Flat,4,Average hips,,Average hips · Flat
Sonja Adams,162,54,34A,35.0,26,37,1,Flat,6,Very Curvy,,Very Curvy · Flat
Sonya Sweet,160,45,32B,34.0,24,34,3,Modest,3,Lean hips,,Modest · Lean hips
Sophia Bella,170,57,36C,39.0,26,36,4,Average,5,Curvy,,Curvy · Average
Sophia Deluxe,175,66,38D,42.0,26,38,5,Full,6,Very Curvy,,Very Curvy · Full
Sophia Fiore,177,61,36D,40.0,25,34,5,Full,2,Slim hips,,Full · Slim hips
Sophia Gently,168,52,36C,39.0,26,34,4,Average,3,Lean hips,,Average · Lean hips
Sophia Laure,163,47,38C,41.0,22,34,4,Average,3,Lean hips,,Average · Lean hips
Sophia Leone,162,55,36C,39.0,24,34,4,Average,3,Lean hips,,Average · Lean hips
Sophia Lomeli,163,56,36DD,41.0,26,35,6,Big,4,Average hips,,Big · Average hips
Sophia Lux,172,59,34C,37.0,22,32,4,Average,1,Straight,,Average · Straight
Sophia Rossi,170,57,38E,44.0,25,35,7,Huge,4,Average hips,,Huge · Average hips
Sophia Santi,178,59,36C,39.0,25,39,4,Average,7,Thick,,Thick · Average
Sophia Sutra,157,48,30A,31.0,24,36,2,Small,5,Curvy,,Curvy · Small
Sophia Wilde,183,57,34B,36.0,24,35,2,Small,4,Average hips,Petite,Average hips · Small · Petite
Sophie Anderson,171,61,32J,45.0,26,30,8,Massive,1,Straight,,Massive · Straight
Sophie Dee,163,57,36DD,41.0,26,39,6,Big,7,Thick,,Thick · Big
Sophie Evans,173,55,36C,39.0,24,36,4,Average,4,Average hips,,Average · Average hips
Sophie Garcia,167,55,32B,34.0,26,28,2,Small,1,Straight,,Small · Straight
Sophie Logan,165,50,35C,38.0,25,33,4,Average,2,Slim hips,,Average · Slim hips
Sophie Sweet,165,46,34B,36.0,24,35,3,Modest,4,Average hips,Petite,Average hips · Modest · Petite
Soraya Rico,171,53,35D,39.0,24,35,5,Full,3,Lean hips,,Full · Lean hips
Sovereign Syre,176,62,36C,39.0,27,40,4,Average,7,Thick,,Thick · Average
Sparky Sin Clair,160,54,34B,36.0,28,32,3,Modest,2,Slim hips,,Modest · Slim hips
Spencer Bradley,152,45,34C,37.0,24,34,5,Full,4,Average hips,,Full · Average hips
Spring Thomas,175,55,33D,37.0,22,33,5,Full,1,Straight,,Full · Straight
Stacey Foxxx,165,56,34DD,39.0,24,26,6,Big,1,Straight,,Big · Straight
Stacey Kiss,160,45,32B,34.0,24,34,3,Modest,3,Lean hips,,Modest · Lean hips
Stacey Lacey,165,48,32DD,37.0,24,32,6,Big,1,Straight,,Big · Straight
Stacey LeAnn,166,59,34C,37.0,22,35,4,Average,4,Average hips,,Average · Average hips
Stacey Lewis,170,55,32B,34.0,24,35,2,Small,4,Average hips,,Average hips · Small
Staci Carr,161,50,32B,34.0,26,36,3,Modest,5,Curvy,,Curvy · Modest
Staci Silverstone,157,50,34B,36.0,24,36,3,Modest,5,Curvy,,Curvy · Modest
Staci Thorn,173,57,34B,36.0,24,34,2,Small,2,Slim hips,,Small · Slim hips
Stacie Jaxxx,160,52,32DD,37.0,24,35,6,Big,4,Average hips,,Big · Average hips
Stacie Lane,160,61,36D,40.0,30,38,6,Big,7,Thick,,Thick · Big
Stacie Starr,163,67,36D,40.0,26,34,5,Full,3,Lean hips,,Full · Lean hips
Stacy Adams,165,59,38F,45.0,29,39,7,Huge,7,Thick,,Huge · Thick
Stacy Cruz,177,58,34C,37.0,26,36,4,Average,4,Average hips,,Average · Average hips
Stacy Jay,160,43,32F,39.0,21,24,7,Huge,1,Straight,Petite,Huge · Straight · Petite
Stacy Silver,168,57,36D,40.0,26,36,5,Full,5,Curvy,,Full · Curvy
Stacy Snake,170,55,32B,34.0,24,35,2,Small,4,Average hips,,Average hips · Small
Stacy Sweet,163,52,32C,35.0,25,34,4,Average,3,Lean hips,,Average · Lean hips
Stassi Sinclair,161,45,34B,36.0,24,34,3,Modest,3,Lean hips,Petite,Modest · Lean hips · Petite
Stefania Mafra,165,58,32C,35.0,26,38,4,Average,7,Thick,,Thick · Average
Stella Daniels,171,52,32B,34.0,24,34,2,Small,2,Slim hips,,Small · Slim hips
Stella May,167,50,32A,33.0,25,36,1,Flat,5,Curvy,,Curvy · Flat
Stella Raee,163,61,34B,36.0,28,37,3,Modest,6,Very Curvy,,Very Curvy · Modest
Stephani Moretti,170,55,34D,38.0,23,36,5,Full,5,Curvy,,Full · Curvy
Stephanie Kane,157,45,36B,38.0,25,35,3,Modest,4,Average hips,,Average hips · Modest
Stephanie Moon,157,48,30A,31.0,23,34,2,Small,3,Lean hips,,Lean hips · Small
Stephanie Saint,163,52,34D,38.0,28,36,5,Full,5,Curvy,,Full · Curvy
Stephanie Stalls,157,56,36DD,41.0,26,36,6,Big,5,Curvy,,Big · Curvy
Stephanie Swift,170,50,36B,38.0,24,34,2,Small,3,Lean hips,Petite,Lean hips · Small · Petite
Stephanie West,165,51,34C,37.0,24,27,4,Average,1,Straight,,Average · Straight
Stephanie Wylde,165,53,34DD,39.0,26,34,6,Big,3,Lean hips,,Big · Lean hips
Stephie Staar,165,59,32B,34.0,28,34,3,Modest,3,Lean hips,,Modest · Lean hips
Stevie Foxx,170,52,32B,34.0,24,35,2,Small,4,Average hips,,Average hips · Small
Stevie Lix,162,54,32C,35.0,26,38,4,Average,7,Thick,,Thick · Average
Stevie Rae,178,59,34C,37.0,27,34,4,Average,2,Slim hips,,Average · Slim hips
Stevie Shae,165,51,34C,37.0,26,34,4,Average,3,Lean hips,,Average · Lean hips
Stoney Lynn,157,52,32B,34.0,24,36,3,Modest,5,Curvy,,Curvy · Modest
Stormy Daniels,170,57,36DD,41.0,26,36,6,Big,5,Curvy,,Big · Curvy
Stoya,170,55,32B,34.0,25,33,2,Small,2,Slim hips,,Small · Slim hips
Stracy Stone,178,57,36C,39.0,26,36,4,Average,4,Average hips,,Average · Average hips
Strawberry Sandy,165,50,32C,35.0,24,35,4,Average,4,Average hips,,Average · Average hips
Sugar Baby,168,54,34B,36.0,25,36,2,Small,5,Curvy,,Curvy · Small
Sully Savage,161,48,34DD,39.0,24,36,6,Big,5,Curvy,,Big · Curvy
Summer Bailey,160,55,32C,35.0,27,38,4,Average,7,Thick,,Thick · Average
Summer Breeze,165,45,34B,36.0,24,35,3,Modest,4,Average hips,Petite,Average hips · Modest · Petite
Summer Day,167,55,34B,36.0,28,32,2,Small,1,Straight,,Small · Straight
Summer Hart,157,64,32DD,37.0,27,39,6,Big,7,Thick,,Thick · Big
Summer Sinn,157,52,44K,55.0,25,35,8,Massive,4,Average hips,,Massive · Average hips
Summer Slate,163,57,34B,36.0,26,36,3,Modest,5,Curvy,,Curvy · Modest
Summer Storm,157,50,34C,37.0,24,34,4,Average,3,Lean hips,,Average · Lean hips
Sunny Jay,160,50,34A,35.0,25,36,1,Flat,5,Curvy,,Curvy · Flat
Sunny Lane,152,45,34C,37.0,24,34,5,Full,4,Average hips,,Full · Average hips
Sunny Leone,163,50,34C,37.0,24,34,4,Average,3,Lean hips,,Average · Lean hips
Sunny McKay,173,55,34B,36.0,24,35,2,Small,3,Lean hips,,Lean hips · Small
Sunrise Adams,170,55,36DD,41.0,24,36,6,Big,5,Curvy,,Big · Curvy
Sunset Thomas,173,52,36D,40.0,24,36,5,Full,4,Average hips,Petite,Full · Average hips · Petite
Sunshine Seiber,165,57,32F,39.0,26,36,7,Huge,5,Curvy,,Huge · Curvy
Susan Snow,168,57,34B,36.0,25,36,2,Small,5,Curvy,,Curvy · Small
Susana Alcala,166,50,34D,38.0,23,35,5,Full,4,Average hips,,Full · Average hips
Susana Melo,167,55,36A,37.0,27,38,1,Flat,7,Thick,,Thick · Flat
Susi Star,170,50,32B,34.0,25,34,2,Small,3,Lean hips,Petite,Lean hips · Small · Petite
Susie Diamond,180,50,34B,36.0,26,37,2,Small,6,Very Curvy,Petite,Very Curvy · Small · Petite
Suzie Carina,163,52,34B,36.0,23,34,3,Modest,3,Lean hips,,Modest · Lean hips
Suzie Q,163,125,44K,55.0,45,63,8,Massive,8,Voluptuous,BBW,Massive · Voluptuous · BBW
Suzuka Ishikawa,160,46,37G,46.0,22,33,8,Massive,2,Slim hips,,Massive · Slim hips
Suzumi Wilder,166,86,46DDD,52.0,42,44,7,Huge,8,Voluptuous,BBW,Voluptuous · Huge · BBW
Suzy Black,160,49,32B,34.0,23,34,3,Modest,3,Lean hips,,Modest · Lean hips
Suzy Fox,167,57,36B,38.0,25,36,2,Small,5,Curvy,,Curvy · Small
Suzy Rainbow,163,50,34A,35.0,23,34,1,Flat,3,Lean hips,,Lean hips · Flat
Sweet Amy Lee,165,46,34C,37.0,22,32,4,Average,1,Straight,Petite,Average · Straight · Petite
Sweet Bunny,168,55,34B,36.0,25,39,2,Small,7,Thick,,Thick · Small
Sybil Stallone,173,64,34F,41.0,24,40,7,Huge,7,Thick,,Huge · Thick
Sydnee Steele,170,52,36D,40.0,24,34,5,Full,3,Lean hips,,Full · Lean hips
Sydney Capri,173,59,34A,35.0,28,40,1,Flat,7,Thick,,Thick · Flat
Sydney Cole,157,48,32B,34.0,23,36,3,Modest,5,Curvy,,Curvy · Modest
Sylvie Sinner,170,47,38B,40.0,23,37,2,Small,6,Very Curvy,Petite,Very Curvy · Small · Petite
Synthia Fixx,165,54,34D,38.0,24,33,5,Full,2,Slim hips,,Full · Slim hips
Syren Demer,168,56,34D,38.0,24,37,5,Full,6,Very Curvy,,Very Curvy · Full
Syren Lee,167,51,32C,35.0,26,32,4,Average,1,Straight,,Average · Straight
Szilvia Lauren,170,58,34B,36.0,24,34,2,Small,3,Lean hips,,Lean hips · Small
T.J. Hart,173,52,36C,39.0,21,36,4,Average,4,Average hips,Petite,Average · Average hips · Petite
Tabatha Jordan,155,50,32DD,37.0,25,34,6,Big,4,Average hips,,Big · Average hips
Tabitha James,155,48,34A,35.0,26,34,2,Small,4,Average hips,,Average hips · Small
Tabitha Stevens,165,48,34DD,39.0,23,34,6,Big,3,Lean hips,,Big · Lean hips
Tacori Blu,170,64,34DD,39.0,28,38,6,Big,7,Thick,,Thick · Big
Taisa Banx,167,52,34D,38.0,25,30,5,Full,1,Straight,,Full · Straight
Taissia Shanti,162,52,34B,36.0,26,37,3,Modest,6,Very Curvy,,Very Curvy · Modest
Talia Palmer,166,59,34C,37.0,25,36,4,Average,5,Curvy,,Curvy · Average
Tamra Millan,149,50,34B,36.0,24,31,3,Modest,2,Slim hips,,Modest · Slim hips
Tana Lea,162,52,34D,38.0,25,36,5,Full,5,Curvy,,Full · Curvy
Tana Waters,168,55,34B,36.0,24,34,2,Small,3,Lean hips,,Lean hips · Small
Tanks Feet,162,52,36B,38.0,24,35,3,Modest,4,Average hips,,Average hips · Modest
Tanner Mayes,157,48,34C,37.0,25,36,4,Average,5,Curvy,,Curvy · Average
Tanya Danielle,165,52,36DD,41.0,23,35,6,Big,4,Average hips,,Big · Average hips
Tanya James,180,59,34DD,39.0,25,35,6,Big,3,Lean hips,,Big · Lean hips
Tanya Tate,167,57,34F,41.0,24,34,7,Huge,3,Lean hips,,Huge · Lean hips
Tara Ashley,170,52,32A,33.0,22,34,1,Flat,3,Lean hips,,Lean hips · Flat
Tara Blows,166,58,34DD,39.0,26,36,6,Big,5,Curvy,,Big · Curvy
Tara Holiday,160,50,34D,38.0,24,36,6,Big,5,Curvy,,Big · Curvy
Tara Lynn Foxx,170,61,36C,39.0,25,38,4,Average,7,Thick,,Thick · Average
Tara Moon,170,57,38K,49.0,24,36,8,Massive,5,Curvy,,Massive · Curvy
Taranee Devil,160,50,35C,38.0,24,33,4,Average,2,Slim hips,,Average · Slim hips
Tarra White,170,50,34DD,39.0,24,35,6,Big,4,Average hips,Petite,Big · Average hips · Petite
Taryn Thomas,165,50,34B,36.0,27,32,3,Modest,1,Straight,,Modest · Straight
Tasha Knox,163,55,34DD,39.0,26,38,6,Big,7,Thick,,Thick · Big
Tasha Reign,165,50,35D,39.0,24,34,5,Full,3,Lean hips,,Full · Lean hips
Tatiana Hope,160,57,34D,38.0,27,36,6,Big,5,Curvy,,Big · Curvy
Tatiana Kush,155,50,34C,37.0,24,36,4,Average,6,Very Curvy,,Very Curvy · Average
Tatiana Petrova,165,52,34C,37.0,26,34,4,Average,3,Lean hips,,Average · Lean hips
Tatiyana Foxx,163,57,32C,35.0,24,36,4,Average,5,Curvy,,Curvy · Average
Tatjana Young,173,62,36D,40.0,28,35,5,Full,3,Lean hips,,Full · Lean hips
Tawny Roberts,170,50,32C,35.0,24,31,4,Average,1,Straight,Petite,Average · Straight · Petite
Taylor Dare,154,43,34B,36.0,24,28,3,Modest,1,Straight,,Modest · Straight
Taylor Layne,165,66,34DD,39.0,30,43,6,Big,8,Voluptuous,,Voluptuous · Big
Taylor Luxx,158,45,32A,33.0,22,31,1,Flat,1,Straight,,Flat · Straight
Taylor Lynn,167,54,34C,37.0,25,35,4,Average,4,Average hips,,Average · Average hips
Taylor Moore,163,52,36C,39.0,24,36,4,Average,5,Curvy,,Curvy · Average
Taylor Rain,160,48,34B,36.0,22,32,3,Modest,2,Slim hips,,Modest · Slim hips
Taylor Reed,155,45,32A,33.0,24,34,2,Small,4,Average hips,,Average hips · Small
Taylor Russo,160,52,32B,34.0,23,34,3,Modest,3,Lean hips,,Modest · Lean hips
Taylor Sands,163,52,32B,34.0,23,34,3,Modest,3,Lean hips,,Modest · Lean hips
Taylor Shay,178,58,34D,38.0,27,37,5,Full,6,Very Curvy,,Very Curvy · Full
Taylor St. Claire,173,59,34DD,39.0,27,36,6,Big,4,Average hips,,Big · Average hips
Taylor True,167,52,36C,39.0,25,37,4,Average,6,Very Curvy,,Very Curvy · Average
Taylor Wane,157,50,38DD,43.0,23,32,6,Big,2,Slim hips,,Big · Slim hips
Taylor Whyte,157,50,32C,35.0,25,34,4,Average,3,Lean hips,,Average · Lean hips
Teagan Presley,152,46,34C,37.0,24,34,5,Full,4,Average hips,,Full · Average hips
Teagan Summers,162,59,32B,34.0,24,33,3,Modest,2,Slim hips,,Modest · Slim hips
Teanna Kai,163,47,34C,37.0,24,34,4,Average,3,Lean hips,,Average · Lean hips
Teanna Trump,170,61,34C,37.0,26,37,4,Average,6,Very Curvy,,Very Curvy · Average
Teena Lipoldino,180,54,34C,37.0,26,36,3,Modest,4,Average hips,Petite,Average hips · Modest · Petite
Tegan James,166,56,32DDD,38.0,24,36,7,Huge,5,Curvy,,Huge · Curvy
Tera Joy,161,53,34C,37.0,25,37,4,Average,6,Very Curvy,,Very Curvy · Average
Tera Patrick,176,55,36D,40.0,24,36,5,Full,4,Average hips,,Full · Average hips
Teri Weigel,170,49,36E,42.0,23,34,7,Huge,3,Lean hips,Petite,Huge · Lean hips · Petite
Terri Starr,170,55,34C,37.0,24,36,4,Average,5,Curvy,,Curvy · Average
Terri Summers,170,54,34C,37.0,25,35,4,Average,4,Average hips,,Average · Average hips
Terry Nova,173,61,36H,47.0,28,39,8,Massive,7,Thick,,Massive · Thick
Tess Morgan,160,54,32A,33.0,24,36,1,Flat,5,Curvy,,Curvy · Flat
Tessa Lane,173,59,36E,42.0,25,36,7,Huge,4,Average hips,,Huge · Average hips
Tessa Taylor,157,45,34D,38.0,24,34,6,Big,3,Lean hips,,Big · Lean hips
Texas Patti,165,60,33C,36.0,26,35,4,Average,4,Average hips,,Average · Average hips
Tia Cyrus,152,41,32DD,37.0,24,34,6,Big,4,Average hips,,Big · Average hips
Tia Gunn,157,55,34K,45.0,24,36,8,Massive,5,Curvy,,Massive · Curvy
Tia Layne,162,53,32DD,37.0,24,33,6,Big,2,Slim hips,,Big · Slim hips
Tia Ling,155,50,34C,37.0,24,33,4,Average,2,Slim hips,,Average · Slim hips
Tia Sweets,152,52,32A,33.0,23,33,2,Small,2,Slim hips,,Small · Slim hips
Tia Tanaka,157,45,34B,36.0,23,35,3,Modest,4,Average hips,,Average hips · Modest
Tiana Lynn,157,52,34C,37.0,26,32,4,Average,2,Slim hips,,Average · Slim hips
Tiff Bannister,157,52,34D,38.0,24,35,6,Big,4,Average hips,,Big · Average hips
Tiffany Blake,163,77,44G,53.0,34,38,8,Massive,7,Thick,,Massive · Thick
Tiffany Brookes,173,57,34B,36.0,26,34,2,Small,2,Slim hips,,Small · Slim hips
Tiffany Cane,178,61,34DD,39.0,27,36,6,Big,4,Average hips,,Big · Average hips
Tiffany Doll,157,49,32B,34.0,26,36,3,Modest,5,Curvy,,Curvy · Modest
Tiffany Fox,167,47,34C,37.0,24,34,4,Average,3,Lean hips,Petite,Average · Lean hips · Petite
Tiffany Haze,162,45,34B,36.0,25,35,3,Modest,4,Average hips,Petite,Average hips · Modest · Petite
Tiffany Holiday,168,54,34C,37.0,24,35,4,Average,4,Average hips,,Average · Average hips
Tiffany James,158,51,32DDD,38.0,25,36,7,Huge,5,Curvy,,Huge · Curvy
Tiffany Kingston,162,58,34FF,42.0,25,34,7,Huge,3,Lean hips,,Huge · Lean hips
Tiffany Mynx,162,55,34DD,39.0,23,36,6,Big,5,Curvy,,Big · Curvy
Tiffany Rain,167,57,36DD,41.0,24,34,6,Big,3,Lean hips,,Big · Lean hips
Tiffany Rayne,167,50,32DD,37.0,24,32,6,Big,1,Straight,,Big · Straight
Tiffany Rose,162,51,34B,36.0,24,34,3,Modest,3,Lean hips,,Modest · Lean hips
Tiffany Rousso,168,55,36D,40.0,25,37,5,Full,6,Very Curvy,,Very Curvy · Full
Tiffany Star,162,50,34C,37.0,24,34,4,Average,3,Lean hips,,Average · Lean hips
Tiffany Tatum,165,43,34A,35.0,23,34,1,Flat,3,Lean hips,Petite,Lean hips · Flat · Petite
Tiffany Taylor,167,49,34B,36.0,25,34,2,Small,3,Lean hips,,Lean hips · Small
Tiffany Teen,157,44,32AA,32.0,22,33,1,Flat,2,Slim hips,,Slim hips · Flat
Tiffany Thompson,173,56,32C,35.0,25,34,4,Average,2,Slim hips,,Average · Slim hips
Tiffany Tosh,160,50,36C,39.0,24,37,4,Average,6,Very Curvy,,Very Curvy · Average
Tiffany Watson,170,57,32B,34.0,27,33,2,Small,2,Slim hips,,Small · Slim hips
Tiger Lily,155,44,32B,34.0,23,33,3,Modest,2,Slim hips,,Modest · Slim hips
Tigerr Benson,158,55,34HH,46.0,25,35,8,Massive,4,Average hips,,Massive · Average hips
Tila Flame,163,52,34B,36.0,24,30,3,Modest,1,Straight,,Modest · Straight
Tina Blade,164,52,32B,34.0,28,31,3,Modest,1,Straight,,Modest · Straight
Tina Gabriel,162,52,34B,36.0,25,36,3,Modest,5,Curvy,,Curvy · Modest
Tina Hot,163,50,34B,36.0,23,33,3,Modest,2,Slim hips,,Modest · Slim hips
Tina Kay,175,56,32D,36.0,26,34,5,Full,2,Slim hips,,Full · Slim hips
Tina Tyler,170,57,36C,39.0,26,32,4,Average,1,Straight,,Average · Straight
Tinka Belle,170,55,32DD,37.0,22,33,6,Big,2,Slim hips,,Big · Slim hips
Tinslee Reagan,150,45,34A,35.0,24,33,2,Small,3,Lean hips,,Lean hips · Small
Tomi Taylor,172,65,34C,37.0,24,37,4,Average,6,Very Curvy,,Very Curvy · Average
Tommie Ryden,163,55,34C,37.0,27,38,4,Average,7,Thick,,Thick · Average
Tonisha Mills,157,54,34DD,39.0,25,34,6,Big,3,Lean hips,,Big · Lean hips
Tori Avano,165,59,34DD,39.0,27,39,6,Big,7,Thick,,Thick · Big
Tori Black,175,64,34B,36.0,27,38,2,Small,6,Very Curvy,,Very Curvy · Small
Tori Lux,157,53,32B,34.0,26,36,3,Modest,5,Curvy,,Curvy · Modest
Tori Taylor,171,61,36DD,41.0,25,38,6,Big,6,Very Curvy,,Big · Very Curvy
Torrey Pines,157,45,32DD,37.0,23,34,6,Big,3,Lean hips,,Big · Lean hips
Torrie Madison,157,45,32B,34.0,25,33,3,Modest,2,Slim hips,,Modest · Slim hips
Tory Bellamy,160,52,32B,34.0,24,34,3,Modest,3,Lean hips,,Modest · Lean hips
Tory Lane,168,54,34D,38.0,24,32,5,Full,1,Straight,,Full · Straight
Tosh Locks,157,52,34B,36.0,23,33,3,Modest,2,Slim hips,,Modest · Slim hips
Totally Tabitha,168,52,36D,40.0,26,34,5,Full,3,Lean hips,,Full · Lean hips
Tracey Lain,170,56,34B,36.0,24,34,2,Small,3,Lean hips,,Lean hips · Small
Tracey Sweet,175,55,34C,37.0,27,38,4,Average,6,Very Curvy,,Very Curvy · Average
Tracy Loves,166,54,32C,35.0,23,32,4,Average,1,Straight,,Average · Straight
Tricia Oaks,173,58,34D,38.0,24,36,5,Full,4,Average hips,,Full · Average hips
Tricia Teen,167,54,34A,35.0,25,36,1,Flat,5,Curvy,,Curvy · Flat
Trillium,160,57,32DD,37.0,28,34,6,Big,3,Lean hips,,Big · Lean hips
Trina Michaels,165,61,34E,40.0,24,36,7,Huge,5,Curvy,,Huge · Curvy
Trina Rush,163,57,34B,36.0,26,38,3,Modest,7,Thick,,Thick · Modest
Trinity James,175,61,36B,38.0,25,37,2,Small,6,Very Curvy,,Very Curvy · Small
Trinity Michaels,165,69,38F,45.0,32,40,7,Huge,7,Thick,,Huge · Thick
Trinity Post,165,55,34B,36.0,24,34,3,Modest,3,Lean hips,,Modest · Lean hips
Trinity St Clair,152,42,34C,37.0,23,28,5,Full,1,Straight,,Full · Straight
Trisha Parks,166,50,32B,34.0,26,34,2,Small,3,Lean hips,,Lean hips · Small
Trisha Rey,175,54,36A,37.0,22,36,1,Flat,4,Average hips,,Average hips · Flat
Tristan Berrimore,173,55,36C,39.0,24,36,4,Average,4,Average hips,,Average · Average hips
Tristan Kingsley,160,48,34C,37.0,23,34,4,Average,3,Lean hips,,Average · Lean hips
Tristyn Kennedy,167,51,32D,36.0,24,35,5,Full,4,Average hips,,Full · Average hips
Tsuna Kimura,155,45,32A,33.0,23,34,2,Small,4,Average hips,,Average hips · Small
Tucker Starr,165,55,34D,38.0,24,34,5,Full,3,Lean hips,,Full · Lean hips
Tuesday Cross,162,52,34B,36.0,24,35,3,Modest,4,Average hips,,Average hips · Modest
Tweety Valentine,149,47,32B,34.0,24,36,3,Modest,6,Very Curvy,,Very Curvy · Modest
Tyla Wynn,168,54,34C,37.0,24,34,4,Average,3,Lean hips,,Average · Lean hips
Tyler Faith,167,53,34D,38.0,25,35,5,Full,4,Average hips,,Full · Average hips
Tyra Banxxx,168,50,34A,35.0,24,35,1,Flat,4,Average hips,,Average hips · Flat
Tysen Rich,165,45,34A,35.0,25,34,1,Flat,3,Lean hips,Petite,Lean hips · Flat · Petite
Uma Jolie,160,48,32B,34.0,23,34,3,Modest,3,Lean hips,,Modest · Lean hips
Uma Stone,165,52,32D,36.0,27,37,5,Full,6,Very Curvy,,Very Curvy · Full
Uta Kohaku,166,43,33A,34.0,22,31,1,Flat,1,Straight,Petite,Flat · Straight · Petite
Valentina Bianco,157,48,30B,32.0,25,35,3,Modest,4,Average hips,,Average hips · Modest
Valentina Jewels,167,76,34D,38.0,28,42,5,Full,8,Voluptuous,,Voluptuous · Full
Valentina Paradis,166,52,34B,36.0,24,34,2,Small,3,Lean hips,,Lean hips · Small
Valentina Ricci,165,54,38C,41.0,25,36,4,Average,5,Curvy,,Curvy · Average
Valentina Ross,168,58,34C,37.0,26,37,4,Average,6,Very Curvy,,Very Curvy · Average
Valentina Rossini,175,54,38C,41.0,25,36,4,Average,4,Average hips,,Average · Average hips
Valentina Rush,168,58,36D,40.0,25,35,5,Full,4,Average hips,,Full · Average hips
Valentina Velasques,163,49,36B,38.0,23,36,3,Modest,5,Curvy,,Curvy · Modest
Valerie Fox,170,55,34D,38.0,23,33,5,Full,2,Slim hips,,Full · Slim hips
Valerie Hilton,170,58,34C,37.0,29,34,4,Average,3,Lean hips,,Average · Lean hips
Valerie Kay,158,52,37D,41.0,24,40,6,Big,8,Voluptuous,,Voluptuous · Big
Valerie Luxe,175,64,34B,36.0,28,38,2,Small,6,Very Curvy,,Very Curvy · Small
Valery S,160,54,34D,38.0,25,36,6,Big,5,Curvy,,Big · Curvy
Vallerie White,152,48,32B,34.0,26,34,3,Modest,4,Average hips,,Average hips · Modest
Vanda Lust,162,55,34A,35.0,25,36,1,Flat,5,Curvy,,Curvy · Flat
Vanessa Black,173,62,34B,36.0,27,36,2,Small,4,Average hips,,Average hips · Small
Vanessa Blake,160,72,34C,37.0,30,43,4,Average,8,Voluptuous,,Voluptuous · Average
Vanessa Blue,163,57,36F,43.0,28,38,7,Huge,7,Thick,,Huge · Thick
Vanessa Cage,172,57,36B,38.0,26,36,2,Small,4,Average hips,,Average hips · Small
Vanessa Decker,168,55,38C,41.0,25,35,4,Average,4,Average hips,,Average · Average hips
Vanessa del Rio,168,55,42DD,47.0,31,42,6,Big,8,Voluptuous,,Voluptuous · Big
Vanessa Figueroa,157,57,32A,33.0,25,35,2,Small,4,Average hips,,Average hips · Small
Vanessa Hell,166,53,34C,37.0,25,35,4,Average,4,Average hips,,Average · Average hips
Vanessa Jordin,167,57,34C,37.0,25,36,4,Average,5,Curvy,,Curvy · Average
Vanessa Lane,155,43,36D,40.0,22,33,6,Big,2,Slim hips,,Big · Slim hips
Vanessa Leon,157,48,34C,37.0,26,36,4,Average,5,Curvy,,Curvy · Average
Vanessa Luna,154,49,34D,38.0,27,39,6,Big,8,Voluptuous,,Voluptuous · Big
Vanessa Lynn,168,52,34C,37.0,24,36,4,Average,5,Curvy,,Curvy · Average
Vanessa Monet,170,57,34B,36.0,24,32,2,Small,1,Straight,,Small · Straight
Vanessa Montagne,170,55,44G,53.0,23,36,7,Huge,5,Curvy,,Huge · Curvy
Vanessa Naughty,170,59,34C,37.0,22,36,4,Average,5,Curvy,,Curvy · Average
Vanessa Paradise,165,47,32A,33.0,21,32,1,Flat,1,Straight,Petite,Flat · Straight · Petite
Vanessa Phoenix,149,37,32B,34.0,19,31,3,Modest,2,Slim hips,Petite,Modest · Slim hips · Petite
Vanessa Sixxx,152,45,32B,34.0,25,34,3,Modest,4,Average hips,,Average hips · Modest
Vanessa Sky,161,53,34B,36.0,29,37,3,Modest,6,Very Curvy,,Very Curvy · Modest
Vanessa Staylon,155,46,38A,39.0,25,34,2,Small,4,Average hips,,Average hips · Small
Vanessa Vaughn,176,67,35C,38.0,24,35,4,Average,3,Lean hips,,Average · Lean hips
Vanessa Vega,163,50,34A,35.0,24,34,1,Flat,3,Lean hips,,Lean hips · Flat
Vanessa Videl,178,62,36D,40.0,26,36,5,Full,4,Average hips,,Full · Average hips
Vanilla DeVille,163,50,34DD,39.0,24,34,6,Big,3,Lean hips,,Big · Lean hips
Vannah Sterling,170,64,36DD,41.0,28,36,6,Big,5,Curvy,,Big · Curvy
Vega Vixen,168,52,34B,36.0,25,35,2,Small,4,Average hips,,Average hips · Small
Velicity Von,168,61,34DD,39.0,25,35,6,Big,4,Average hips,,Big · Average hips
Velma Voodoo,160,118,40D,44.0,39,53,6,Big,8,Voluptuous,BBW,Voluptuous · Big · BBW
Venice,167,52,34C,37.0,24,35,4,Average,4,Average hips,,Average · Average hips
Venus,170,57,34C,37.0,24,36,4,Average,5,Curvy,,Curvy · Average
Venus Afrodita,167,56,34DD,39.0,26,38,6,Big,7,Thick,,Thick · Big
Venus Devil,161,50,31A,32.0,28,30,1,Flat,1,Straight,,Flat · Straight
Vera Bliss,163,45,32B,34.0,24,35,3,Modest,4,Average hips,Petite,Average hips · Modest · Petite
Veronica Avluv,160,48,34D,38.0,24,34,6,Big,3,Lean hips,,Big · Lean hips
Veronica Clark,163,45,32B,34.0,22,32,3,Modest,1,Straight,Petite,Modest · Straight · Petite
Veronica Da Souza,168,59,34D,38.0,26,36,5,Full,5,Curvy,,Full · Curvy
Veronica Jett,155,43,34B,36.0,24,34,3,Modest,4,Average hips,,Average hips · Modest
Veronica Morre,150,50,36C,39.0,26,35,5,Full,6,Very Curvy,,Very Curvy · Full
Veronica Orozco,163,45,32C,35.0,24,30,4,Average,1,Straight,Petite,Average · Straight · Petite
Veronica Radke,157,43,34C,37.0,24,35,4,Average,4,Average hips,Petite,Average · Average hips · Petite
Veronica Rayne,157,55,34DD,39.0,24,31,6,Big,1,Straight,,Big · Straight
Veronica Rodriguez,154,43,32B,34.0,25,34,3,Modest,4,Average hips,,Average hips · Modest
Veronica Sanchez,165,49,34C,37.0,25,37,4,Average,6,Very Curvy,,Very Curvy · Average
Veronica Snow,170,57,36B,38.0,28,36,2,Small,5,Curvy,,Curvy · Small
Veronica Vain,160,54,34D,38.0,26,36,6,Big,5,Curvy,,Big · Curvy
Veronica Valentine,152,52,34C,37.0,27,34,5,Full,4,Average hips,,Full · Average hips
Veronica Vanoza,162,54,34D,38.0,26,36,5,Full,5,Curvy,,Full · Curvy
Veronica Vella,160,49,34B,36.0,24,36,3,Modest,5,Curvy,,Curvy · Modest
Veronica Zemanova,167,50,35D,39.0,24,36,5,Full,5,Curvy,,Full · Curvy
Veronika Raquel,170,57,36C,39.0,24,36,4,Average,5,Curvy,,Curvy · Average
Veronika Simon,170,50,35C,38.0,24,34,4,Average,3,Lean hips,Petite,Average · Lean hips · Petite
Veronique Vega,163,46,34B,36.0,24,34,3,Modest,3,Lean hips,Petite,Modest · Lean hips · Petite
Vica Ryder,160,52,34B,36.0,23,34,3,Modest,3,Lean hips,,Modest · Lean hips
Vicki Chase,163,53,34C,37.0,27,33,4,Average,2,Slim hips,,Average · Slim hips
Vickie Jay,155,59,32DDD,38.0,29,39,7,Huge,8,Voluptuous,,Voluptuous · Huge
Vickie Powell,167,47,34E,40.0,24,34,7,Huge,3,Lean hips,Petite,Huge · Lean hips · Petite
Vicky Love,165,49,34B,36.0,25,36,3,Modest,5,Curvy,,Curvy · Modest
Vicky Summers,165,57,34H,45.0,26,37,8,Massive,6,Very Curvy,,Massive · Very Curvy
Vicky Vette,168,55,36DD,41.0,26,36,6,Big,5,Curvy,,Big · Curvy
Vicky Vixen,161,59,36DD,41.0,27,39,6,Big,7,Thick,,Thick · Big
Vicky Vixxx,166,51,32B,34.0,25,35,2,Small,4,Average hips,,Average hips · Small
Victoria Blaze,160,52,34C,37.0,26,36,4,Average,5,Curvy,,Curvy · Average
Victoria Cakes,172,77,38F,45.0,26,50,7,Huge,8,Voluptuous,,Voluptuous · Huge
Victoria Daniels,170,55,34B,36.0,24,36,2,Small,5,Curvy,,Curvy · Small
Victoria Givens,157,50,36D,40.0,24,36,6,Big,5,Curvy,,Big · Curvy
Victoria Gracen,157,47,32A,33.0,24,34,2,Small,3,Lean hips,,Lean hips · Small
Victoria June,161,49,32E,38.0,26,34,7,Huge,3,Lean hips,,Huge · Lean hips
Victoria Lawson,163,50,34C,37.0,25,38,4,Average,7,Thick,,Thick · Average
Victoria Lobov,168,57,34DDD,40.0,28,39,7,Huge,7,Thick,,Huge · Thick
Victoria Monet,163,55,34A,35.0,30,36,1,Flat,5,Curvy,,Curvy · Flat
Victoria Paradice,173,57,34A,35.0,24,38,1,Flat,6,Very Curvy,,Very Curvy · Flat
Victoria Paris,165,49,38DD,43.0,22,36,6,Big,5,Curvy,,Big · Curvy
Victoria Puppy,155,50,32A,33.0,25,34,2,Small,4,Average hips,,Average hips · Small
Victoria Rae,173,55,34C,37.0,24,34,4,Average,2,Slim hips,,Average · Slim hips
Victoria Rose,157,52,38B,40.0,25,37,3,Modest,6,Very Curvy,,Very Curvy · Modest
Victoria Sin,165,52,32B,34.0,23,32,3,Modest,1,Straight,,Modest · Straight
Victoria Sweet,157,50,34B,36.0,24,34,3,Modest,3,Lean hips,,Modest · Lean hips
Victoria Valentina,160,52,36DD,41.0,25,36,6,Big,5,Curvy,,Big · Curvy
Victoria Webb,165,54,34DD,39.0,25,36,6,Big,5,Curvy,,Big · Curvy
Victoria White,172,54,36C,39.0,26,35,4,Average,3,Lean hips,,Average · Lean hips
Vida Valentine,163,67,34DD,39.0,26,38,6,Big,7,Thick,,Thick · Big
Vienna Black,170,57,32C,35.0,26,34,4,Average,3,Lean hips,,Average · Lean hips
Vika Volkova,157,48,33A,34.0,24,37,2,Small,6,Very Curvy,,Very Curvy · Small
Viktoria Blond,163,56,38B,40.0,26,34,3,Modest,3,Lean hips,,Modest · Lean hips
Viktoria Sweet,172,59,34D,38.0,24,36,5,Full,4,Average hips,,Full · Average hips
Vina Skyy,152,43,32AA,32.0,22,28,1,Flat,1,Straight,,Flat · Straight
Vinna Reed,167,51,34B,36.0,27,35,2,Small,4,Average hips,,Average hips · Small
Violet Monroe,170,57,34C,37.0,27,34,4,Average,3,Lean hips,,Average · Lean hips
Violet Rain,170,55,32A,33.0,24,34,1,Flat,3,Lean hips,,Lean hips · Flat
Violet Smith,160,61,34DD,39.0,28,40,6,Big,8,Voluptuous,,Voluptuous · Big
Violet Starr,166,57,36C,39.0,26,38,4,Average,7,Thick,,Thick · Average
Violette Pure,162,62,29A,30.0,24,29,1,Flat,1,Straight,,Flat · Straight
Virgo Peridot,165,59,34B,36.0,28,47,3,Modest,8,Voluptuous,,Voluptuous · Modest
Vittoria Dolce,168,59,38E,44.0,26,39,7,Huge,7,Thick,,Huge · Thick
Viva Athena,168,45,30A,31.0,23,33,1,Flat,2,Slim hips,Petite,Slim hips · Flat · Petite
Vivacious Verta,158,50,32C,35.0,24,35,4,Average,4,Average hips,,Average · Average hips
Vivian LaVey,168,57,34DD,39.0,33,35,6,Big,4,Average hips,,Big · Average hips
Vivianna Mulino,155,45,34C,37.0,26,36,4,Average,6,Very Curvy,,Very Curvy · Average
Vivien Bell,167,53,30B,32.0,24,30,2,Small,1,Straight,,Small · Straight
Vivien Sz,165,52,34DD,39.0,25,36,6,Big,5,Curvy,,Big · Curvy
Vixen,178,57,36C,39.0,30,39,4,Average,7,Thick,,Thick · Average
Vyxen Steel,163,50,32D,36.0,26,35,5,Full,4,Average hips,,Full · Average hips
Wednesday Parker,160,49,32B,34.0,24,35,3,Modest,4,Average hips,,Average hips · Modest
Wendy Harper,167,49,34B,36.0,24,35,2,Small,4,Average hips,,Average hips · Small
Wendy Star,165,51,34G,43.0,25,36,8,Massive,5,Curvy,,Massive · Curvy
WetMary18,157,45,34C,37.0,23,34,4,Average,3,Lean hips,,Average · Lean hips
Whitney Conroy,166,55,32B,34.0,28,31,2,Small,1,Straight,,Small · Straight
Whitney Stevens,157,54,36DD,41.0,25,36,6,Big,5,Curvy,,Big · Curvy
Whitney Taylor,168,52,34DD,39.0,27,38,6,Big,7,Thick,,Thick · Big
Whitney Westgate,168,49,32D,36.0,24,28,5,Full,1,Straight,Petite,Full · Straight · Petite
Whitney Wright,168,57,32B,34.0,25,36,2,Small,5,Curvy,,Curvy · Small
Wifey,165,57,36DD,41.0,26,36,6,Big,5,Curvy,,Big · Curvy
Winnie,163,52,36C,39.0,24,36,4,Average,5,Curvy,,Curvy · Average
Winter Bell,153,52,33B,35.0,24,30,3,Modest,1,Straight,,Modest · Straight
Winter Spice,160,43,32C,35.0,24,34,4,Average,3,Lean hips,Petite,Average · Lean hips · Petite
Wiska,170,45,34B,36.0,23,35,2,Small,4,Average hips,Petite,Average hips · Small · Petite
Xianna Hill,160,47,34A,35.0,24,34,1,Flat,3,Lean hips,,Lean hips · Flat
Yara Skye,170,61,36B,38.0,28,37,2,Small,6,Very Curvy,,Very Curvy · Small
Yarisa Duran,160,55,36C,39.0,25,36,4,Average,5,Curvy,,Curvy · Average
Yasmin Scott,168,62,34DD,39.0,24,36,6,Big,5,Curvy,,Big · Curvy
Yasmine De Leon,170,56,34B,36.0,27,36,2,Small,5,Curvy,,Curvy · Small
Yasmine Gold,168,50,32A,33.0,24,34,1,Flat,3,Lean hips,,Lean hips · Flat
Yoha,168,53,34B,36.0,24,37,2,Small,6,Very Curvy,,Very Curvy · Small
Your Caitlynn,160,57,36C,39.0,22,38,4,Average,7,Thick,,Thick · Average
Yui Hatano,163,47,35D,39.0,23,33,5,Full,2,Slim hips,,Full · Slim hips
Yui Misaki,156,51,38DD,43.0,23,34,6,Big,3,Lean hips,,Big · Lean hips
Yuka Ozaki,154,49,34B,36.0,24,34,3,Modest,4,Average hips,,Average hips · Modest
Yuki Mori,167,59,34B,36.0,22,34,2,Small,3,Lean hips,,Lean hips · Small
Yuma Asami,158,50,38H,49.0,23,35,8,Massive,4,Average hips,,Massive · Average hips
Yuna Hirose,157,52,37G,46.0,24,35,8,Massive,4,Average hips,,Massive · Average hips
Yuri Aine,158,49,32B,34.0,22,33,3,Modest,2,Slim hips,,Modest · Slim hips
Yurizan Beltran,163,55,34DD,39.0,24,34,6,Big,3,Lean hips,,Big · Lean hips
Yuu Sakura,161,50,40H,51.0,23,35,8,Massive,4,Average hips,,Massive · Average hips
Zafira,170,54,38C,41.0,24,34,4,Average,3,Lean hips,,Average · Lean hips
Zara Brooks,152,52,32A,33.0,24,34,2,Small,4,Average hips,,Average hips · Small
Zara DuRose,168,55,35E,41.0,25,37,7,Huge,6,Very Curvy,,Huge · Very Curvy
Zara Ryan,168,52,34B,36.0,22,36,2,Small,5,Curvy,,Curvy · Small
Zarena Summers,172,53,34C,37.0,26,34,4,Average,2,Slim hips,,Average · Slim hips
Zaya Cassidy,157,45,34A,35.0,24,34,2,Small,3,Lean hips,,Lean hips · Small
Zazie Skymm,165,52,32B,34.0,23,34,3,Modest,3,Lean hips,,Modest · Lean hips
Zeina Heart,163,45,34B,36.0,24,34,3,Modest,3,Lean hips,Petite,Modest · Lean hips · Petite
Zena Little,167,56,31B,33.0,29,32,2,Small,1,Straight,,Small · Straight
Zoe Bloom,157,50,32A,33.0,24,35,2,Small,4,Average hips,,Average hips · Small
Zoe Clark,160,51,34B,36.0,24,34,3,Modest,3,Lean hips,,Modest · Lean hips
Zoe Doll,164,49,32A,33.0,24,34,1,Flat,3,Lean hips,,Lean hips · Flat
Zoe Matthews,170,52,34B,36.0,24,34,2,Small,3,Lean hips,,Lean hips · Small
Zoe Parker,164,59,36B,38.0,24,34,3,Modest,3,Lean hips,,Modest · Lean hips
Zoe Rush,160,52,32A,33.0,22,33,1,Flat,2,Slim hips,,Slim hips · Flat
Zoe Voss,178,52,32A,33.0,24,34,1,Flat,2,Slim hips,Petite,Slim hips · Flat · Petite
Zoe Wood,172,48,34B,36.0,22,34,2,Small,2,Slim hips,Petite,Small · Slim hips · Petite
Zoey Andrews,178,86,38G,47.0,36,40,7,Huge,7,Thick,,Huge · Thick
Zoey Foxx,160,52,34B,36.0,24,34,3,Modest,3,Lean hips,,Modest · Lean hips
Zoey Holiday,175,64,36F,43.0,27,37,7,Huge,6,Very Curvy,,Huge · Very Curvy
Zoey Holloway,175,64,36C,39.0,27,37,4,Average,6,Very Curvy,,Very Curvy · Average
Zoey Laine,175,61,34B,36.0,26,34,2,Small,2,Slim hips,,Small · Slim hips
Zoey Monroe,160,51,34B,36.0,32,34,3,Modest,3,Lean hips,,Modest · Lean hips
Zoey Nixon,157,49,32DD,37.0,21,32,6,Big,2,Slim hips,,Big · Slim hips
Zoey Paige,183,61,34C,37.0,24,40,3,Modest,7,Thick,,Thick · Modest
Zoey Portland,173,54,34DD,39.0,24,32,6,Big,1,Straight,,Big · Straight
Zoey Reyes,165,61,34B,36.0,27,39,3,Modest,7,Thick,,Thick · Modest
Zoey Taylor,162,50,32DD,37.0,24,34,6,Big,3,Lean hips,,Big · Lean hips
Zoey Tyler,165,62,36C,39.0,28,34,4,Average,3,Lean hips,,Average · Lean hips
Zorah White,164,56,34A,35.0,27,36,1,Flat,5,Curvy,,Curvy · Flat
Zuzana Zeleznovova,160,47,34A,35.0,23,35,1,Flat,4,Average hips,,Average hips · Flat
